NAME,STATE,PORTID,TYPE,Export Port Code,CBP Port Location,is_airport,Vessel,Air,Rail,Road,Fixed,FAF,GEOID,CBPZONE,MESOZONE,lat,lon
san francisco intl,California,"San Francisco International Airport, CA",Airport,2801,"San Francisco International Airport, CA (Port)",1,N,Y,N,N,N,64,060819843001,6081,7252.0,37.62047188401339,-122.38266429491688
fresno air terminal,California,"Fresno, CA",Airport,2803,"Fresno, CA (Port)",1,Y,Y,N,N,N,65,060190031041,6019,2252.0,36.77570055549921,-119.7180726180085
san jose international,California,"San Jose International Airport, CA",Airport,2834,"San Jose International Airport, CA (Port)",1,N,Y,N,N,N,64,060855051002,6085,8021.0,37.36269293996372,-121.92835455221791
sacramento metropolitan,California,"Sacramento International Airport, CA",Airport,2835,"Sacramento International Airport, CA (Port)",1,Y,Y,N,Y,N,62,060670071011,6067,5100.0,38.69980991938309,-121.59156053976758
eureka,,"Eureka, CA",Port,2802,"Eureka, CA (Port)",0,Y,N,N,N,N,69,060230013001,6023,2762.0,40.79160543097933,-124.19142531231158
monterey,,"Monterey, CA",Port,2805,"Monterey, CA (Port)",0,Y,N,N,N,N,69,060530126001,6053,4227.0,36.605960679955494,-121.89367057257192
san francisco,,"San Francisco, CA",Port,2809,"San Francisco, CA (Port)",0,Y,N,N,N,N,64,060750226001,6075,5905.0,37.76494836750945,-122.3868657485143
stockton,,"Stockton, CA",Port,2810,"Stockton, CA (Port)",0,Y,N,N,N,N,64,060770039001,6077,6450.0,37.94913857912836,-121.35135328325319
oakland,,"Oakland, CA",Port,2811,"Oakland, CA (Port)",0,Y,N,N,N,N,64,060019819001,6001,1044.0,37.80685540204424,-122.31033727132258
"richmond, ca",CA,"Richmond, CA",Port,2812,"Richmond, CA (Port)",0,Y,N,N,N,N,64,060133780002,6013,1902.0,37.91076518176507,-122.36547306310614
"martinez, ca",CA,"Martinez, CA",Port,2820,"Martinez, CA (Port)",0,Y,N,N,N,N,64,060133180002,6013,1453.0,38.032609788527374,-122.15915573305834
"redwood city, ca",CA,"Redwood City, CA",Port,2821,"Redwood City, CA (Port)",0,Y,N,N,N,N,64,060816103021,6081,7128.0,37.50614802098653,-122.21752005979067
"san pablo bay, ca",CA,"Selby, CA",Port,2827,"Selby, CA (Port)",0,Y,N,N,N,N,64,060133580005,6013,1792.0,38.054004537029115,-122.26423477327383
stockton,,"San Joaquin River, CA",Port,2828,"San Joaquin River, CA (Port)",0,Y,N,N,N,N,64,060770039001,6077,6450.0,37.94913857912836,-121.35135328325319
"san pablo bay, ca",CA,"San Pablo Bay, CA",Port,2829,"San Pablo Bay, CA (Port)",0,Y,N,N,N,N,64,060133580005,6013,1792.0,38.054004537029115,-122.26423477327383
carquinez,,"Carquinez Strait, CA",Port,2830,"Carquinez Strait, CA (Port)",0,Y,N,N,N,N,64,060133200011,6013,1461.0,38.03064246388522,-122.12912836542603
