Year,vehicle type,fuel type,Stock,VMT_millions,vehicle category,Fraction
2018,Class 4-6 Vocational,Diesel,2059238.0,37818.89186650094,Diesel Class 4-6 Vocational,0.5887427891632384
2018,Class 4-6 Vocational,Electric,101.0,2.2748445531186356,Electric Class 4-6 Vocational,2.887622591729906e-05
2018,Class 4-6 Vocational,Gasoline,1438348.0,18945.786779504564,Gasoline Class 4-6 Vocational,0.41122833461084424
2018,Class 7&8 Tractor,Diesel,2818447.0,140459.83288787008,Diesel Class 7&8 Tractor,0.9999978711725901
2018,Class 7&8 Tractor,Electric,6.0,0.12861426195261982,Electric Class 7&8 Tractor,2.1288274099301994e-06
2018,Class 7&8 Vocational,Diesel,1957950.0,33450.77402712136,Diesel Class 7&8 Vocational,0.999998978524499
2018,Class 7&8 Vocational,Electric,2.0,0.02143571032543664,Electric Class 7&8 Vocational,1.0214755009315856e-06
2019,Class 4-6 Vocational,Diesel,2106688.246616429,38416.17292370153,Diesel Class 4-6 Vocational,0.5927601803284915
2019,Class 4-6 Vocational,Electric,100.95612903225806,2.0882771176773245,Electric Class 4-6 Vocational,2.8406088725534856e-05
2019,Class 4-6 Vocational,Gasoline,1447242.1180645162,18999.632336666888,Gasoline Class 4-6 Vocational,0.40721141358278296
2019,Class 7&8 Tractor,Diesel,2901534.538297316,143264.01609463242,Diesel Class 7&8 Tractor,0.9999979321329753
2019,Class 7&8 Tractor,Electric,6.0,0.12471969426341911,Electric Class 7&8 Tractor,2.06786702470851e-06
2019,Class 7&8 Vocational,Diesel,1978331.7763517916,33527.25792665719,Diesel Class 7&8 Vocational,0.9999989890482466
2019,Class 7&8 Vocational,Electric,2.0,0.020786615710569854,Electric Class 7&8 Vocational,1.0109517533932837e-06
2020,Class 4-6 Vocational,Diesel,2135934.9953784337,35420.827061629105,Diesel Class 4-6 Vocational,0.5998022401119174
2020,Class 4-6 Vocational,Electric,100.86603288241415,1.7832203338037866,Electric Class 4-6 Vocational,2.8324678702759546e-05
2020,Class 4-6 Vocational,Gasoline,1425029.5240395425,16913.902064250113,Gasoline Class 4-6 Vocational,0.4001694352093798
2020,Class 7&8 Tractor,Diesel,2999421.5752854184,134707.0824920312,Diesel Class 7&8 Tractor,0.9999979996183107
2020,Class 7&8 Tractor,Electric,6.0,0.11140496445935318,Electric Class 7&8 Tractor,2.0003816893058516e-06
2020,Class 7&8 Vocational,Diesel,2008590.6760322535,30833.0045432942,Diesel Class 7&8 Vocational,0.9999990042779585
2020,Class 7&8 Vocational,Electric,2.0,0.018567494076558864,Electric Class 7&8 Vocational,9.957220415394387e-07
2021,Class 4-6 Vocational,Diesel,2189311.182346111,37370.461356435255,Diesel Class 4-6 Vocational,0.6077368967493777
2021,Class 4-6 Vocational,Electric,681.6373859681112,13.987576254343878,Electric Class 4-6 Vocational,0.00018921759181474246
2021,Class 4-6 Vocational,Gasoline,1412406.8273128048,17008.444027746536,Gasoline Class 4-6 Vocational,0.39207388565880763
2021,Class 7&8 Tractor,Diesel,3074634.3042627745,141856.92305530026,Diesel Class 7&8 Tractor,0.9999980535882033
2021,Class 7&8 Tractor,Electric,5.984516129032258,0.11315053187925488,Electric Class 7&8 Tractor,1.9464117968118524e-06
2021,Class 7&8 Vocational,Diesel,2029663.0124777432,31950.419872492766,Diesel Class 7&8 Vocational,0.9997497773158621
2021,Class 7&8 Vocational,Electric,507.9948387096774,4.957599199319475,Electric Class 7&8 Vocational,0.0002502226841379051
2022,Class 4-6 Vocational,Diesel,2246623.237961594,38588.74978090351,Diesel Class 4-6 Vocational,0.6150720127003213
2022,Class 4-6 Vocational,Electric,1299.1503070547174,26.05339491913177,Electric Class 4-6 Vocational,0.0003556764572974855
2022,Class 4-6 Vocational,Gasoline,1404695.8280900365,16809.310515475263,Gasoline Class 4-6 Vocational,0.3845723108423813
2022,Class 7&8 Tractor,Diesel,3150093.0690881913,145582.47879715226,Diesel Class 7&8 Tractor,0.9999981100186817
2022,Class 7&8 Tractor,Electric,5.953628303850156,0.11190822156028055,Electric Class 7&8 Tractor,1.8899813183383775e-06
2022,Class 7&8 Vocational,Diesel,2053203.6374678495,32361.864360504806,Diesel Class 7&8 Vocational,0.9994961712180472
2022,Class 7&8 Vocational,Electric,1034.9845427679502,9.923878097411572,Electric Class 7&8 Vocational,0.000503828781952772
2023,Class 4-6 Vocational,Diesel,2307234.559409638,39526.82727711851,Diesel Class 4-6 Vocational,0.621803238878606
2023,Class 4-6 Vocational,Electric,1955.407888274557,37.803634053690274,Electric Class 4-6 Vocational,0.0005269854134678908
2023,Class 4-6 Vocational,Gasoline,1401364.1359110556,16536.54969665023,Gasoline Class 4-6 Vocational,0.377669775707926
2023,Class 7&8 Tractor,Diesel,3224738.417175665,147794.52501131842,Diesel Class 7&8 Tractor,0.9999981680607506
2023,Class 7&8 Tractor,Electric,5.9075356976268,0.10895827714642403,Electric Class 7&8 Tractor,1.831939249371519e-06
2023,Class 7&8 Vocational,Diesel,2078879.256132618,32525.529676848793,Diesel Class 7&8 Vocational,0.9992400868041929
2023,Class 7&8 Vocational,Electric,1580.9691785658756,14.869054492251692,Electric Class 7&8 Vocational,0.0007599131958071454
2024,Class 4-6 Vocational,Diesel,2368656.8799771583,40380.56207046766,Diesel Class 4-6 Vocational,0.6278744305681347
2024,Class 4-6 Vocational,Electric,2637.4151857962224,49.10310168429735,Electric Class 4-6 Vocational,0.0006991158457570788
2024,Class 4-6 Vocational,Gasoline,1401206.645564747,16313.744396911155,Gasoline Class 4-6 Vocational,0.3714264535861082
2024,Class 7&8 Tractor,Diesel,3295332.7532892227,149334.39849359135,Diesel Class 7&8 Tractor,0.9999982258106392
2024,Class 7&8 Tractor,Electric,5.846554683973879,0.10485919566782467,Electric Class 7&8 Tractor,1.7741893607688199e-06
2024,Class 7&8 Vocational,Diesel,2103748.770721944,32645.432822880597,Diesel Class 7&8 Vocational,0.9989852493743137
2024,Class 7&8 Vocational,Electric,2136.948851561325,19.788675642877337,Electric Class 7&8 Vocational,0.0010147506256864265
2025,Class 4-6 Vocational,Diesel,2431091.073183064,41328.273350426796,Diesel Class 4-6 Vocational,0.6333481564043566
2025,Class 4-6 Vocational,Electric,3343.6798084983466,60.22264150197959,Electric Class 4-6 Vocational,0.0008710958901042511
2025,Class 4-6 Vocational,Gasoline,1404040.2604747298,16153.41799004572,Gasoline Class 4-6 Vocational,0.36578074770553914
2025,Class 7&8 Tractor,Diesel,3362825.24383456,150925.40325774648,Diesel Class 7&8 Tractor,0.9999982838521344
2025,Class 7&8 Tractor,Electric,5.771115268696796,0.09990995635403269,Electric Class 7&8 Tractor,1.7161478656051047e-06
2025,Class 7&8 Vocational,Diesel,2128209.640963888,32844.57183097632,Diesel Class 7&8 Vocational,0.9987335832561471
2025,Class 7&8 Vocational,Electric,2698.6178986379527,24.765800831178144,Electric Class 7&8 Vocational,0.0012664167438529096
2026,Class 4-6 Vocational,Diesel,2495403.740752832,42238.15073069611,Diesel Class 4-6 Vocational,0.6384485529921614
2026,Class 4-6 Vocational,Electric,4077.623446641889,71.0934718725719,Electric Class 4-6 Vocational,0.0010432591514710262
2026,Class 4-6 Vocational,Gasoline,1409061.8207726583,16035.304285004126,Gasoline Class 4-6 Vocational,0.36050818785636746
2026,Class 7&8 Tractor,Diesel,3427674.5514592314,152009.1742662458,Diesel Class 7&8 Tractor,0.999998342390282
2026,Class 7&8 Tractor,Electric,5.681756064536331,0.09363495848130046,Electric Class 7&8 Tractor,1.6576097179306089e-06
2026,Class 7&8 Vocational,Diesel,2153004.981016032,32981.12124416723,Diesel Class 7&8 Vocational,0.9984836702929546
2026,Class 7&8 Vocational,Electric,3269.623238979542,29.75966343609324,Electric Class 7&8 Vocational,0.0015163297070454485
2027,Class 4-6 Vocational,Diesel,2556977.858285478,43082.92487178646,Diesel Class 4-6 Vocational,0.6430049084357001
2027,Class 4-6 Vocational,Electric,4823.588647386051,81.59555370861607,Electric Class 4-6 Vocational,0.0012129910184766521
2027,Class 4-6 Vocational,Gasoline,1414805.6127334202,15951.633839679707,Gasoline Class 4-6 Vocational,0.35578210054582315
2027,Class 7&8 Tractor,Diesel,3483277.3350974233,152444.17523092625,Diesel Class 7&8 Tractor,0.9999983983161782
2027,Class 7&8 Tractor,Electric,5.5791178904672885,0.08625451580817761,Electric Class 7&8 Tractor,1.601683821804669e-06
2027,Class 7&8 Vocational,Diesel,2175627.3991291095,33041.23410906335,Diesel Class 7&8 Vocational,0.9982396681444635
2027,Class 7&8 Vocational,Electric,3836.5798702267903,34.64741014615151,Electric Class 7&8 Vocational,0.0017603318555364656
2028,Class 4-6 Vocational,Diesel,2615322.7549317577,44041.73506319844,Diesel Class 4-6 Vocational,0.6472498574626155
2028,Class 4-6 Vocational,Electric,5577.884841555827,92.152250093466,Electric Class 4-6 Vocational,0.0013804358035091149
2028,Class 4-6 Vocational,Gasoline,1419768.8555966655,15979.839181258158,Gasoline Class 4-6 Vocational,0.3513697067338753
2028,Class 7&8 Tractor,Diesel,3528095.3387969434,152917.57872682632,Diesel Class 7&8 Tractor,0.9999984513095268
2028,Class 7&8 Tractor,Electric,5.463936101760868,0.07834264932924861,Electric Class 7&8 Tractor,1.5486904732223713e-06
2028,Class 7&8 Vocational,Diesel,2194923.0715765976,33161.522757387116,Diesel Class 7&8 Vocational,0.9980016058187422
2028,Class 7&8 Vocational,Electric,4395.104646097958,39.53488383591555,Electric Class 7&8 Vocational,0.0019983941812578027
2029,Class 4-6 Vocational,Diesel,2670269.1188179073,45047.10578780826,Diesel Class 4-6 Vocational,0.6510971876711205
2029,Class 4-6 Vocational,Electric,6352.801046535372,102.94758781145057,Electric Class 4-6 Vocational,0.0015490164890437758
2029,Class 4-6 Vocational,Gasoline,1424561.696623089,16075.568117885317,Gasoline Class 4-6 Vocational,0.34735379583983567
2029,Class 7&8 Tractor,Diesel,3563655.225420184,153327.90715223248,Diesel Class 7&8 Tractor,0.9999985023737009
2029,Class 7&8 Tractor,Electric,5.33703177939739,0.06992674949483738,Electric Class 7&8 Tractor,1.4976262991010752e-06
2029,Class 7&8 Vocational,Diesel,2210950.9163747006,33306.53251910333,Diesel Class 7&8 Vocational,0.9977635184705265
2029,Class 7&8 Vocational,Electric,4955.834519410615,44.4280144895391,Electric Class 7&8 Vocational,0.0022364815294736353
2030,Class 4-6 Vocational,Diesel,2724942.9534350713,46029.91385866276,Diesel Class 4-6 Vocational,0.6545921072799001
2030,Class 4-6 Vocational,Electric,7149.605643862135,113.82771490904788,Electric Class 4-6 Vocational,0.0017174948263545355
2030,Class 4-6 Vocational,Gasoline,1430718.0265212073,16185.10117502659,Gasoline Class 4-6 Vocational,0.34369039789374534
2030,Class 7&8 Tractor,Diesel,3593543.7799310344,153520.85678401752,Diesel Class 7&8 Tractor,0.9999985531567938
2030,Class 7&8 Tractor,Electric,5.199301927025845,0.061255380547947186,Electric Class 7&8 Tractor,1.446843206276718e-06
2030,Class 7&8 Vocational,Diesel,2225807.3970947284,33427.14445959412,Diesel Class 7&8 Vocational,0.997527287912628
2030,Class 7&8 Vocational,Electric,5517.423855617346,49.203983310522624,Electric Class 7&8 Vocational,0.0024727120873721175
2031,Class 4-6 Vocational,Diesel,2776881.8992642537,46993.12089825445,Diesel Class 4-6 Vocational,0.6579594271008196
2031,Class 4-6 Vocational,Electric,7963.59507539654,124.79617909077031,Electric Class 4-6 Vocational,0.0018869086419768522
2031,Class 4-6 Vocational,Gasoline,1435599.9995414643,16311.141105652661,Gasoline Class 4-6 Vocational,0.34015366425720356
2031,Class 7&8 Tractor,Diesel,3618882.142594779,153615.6218676196,Diesel Class 7&8 Tractor,0.9999986040712051
2031,Class 7&8 Tractor,Electric,5.051708840065112,0.052855737671672474,Electric Class 7&8 Tractor,1.395928794911556e-06
2031,Class 7&8 Vocational,Diesel,2238802.5447126417,33553.76301866141,Diesel Class 7&8 Vocational,0.9972922462710729
2031,Class 7&8 Vocational,Electric,6078.585250656071,53.85863410890019,Electric Class 7&8 Vocational,0.002707753728927042
2032,Class 4-6 Vocational,Diesel,2827125.446972105,47958.96513232974,Diesel Class 4-6 Vocational,0.6608728582692774
2032,Class 4-6 Vocational,Electric,8963.585286181766,139.39567441645016,Electric Class 4-6 Vocational,0.0020953404224647526
2032,Class 4-6 Vocational,Gasoline,1441776.8410292077,16483.981247019514,Gasoline Class 4-6 Vocational,0.33703180130825783
2032,Class 7&8 Tractor,Diesel,3637291.8231732054,153630.3425162761,Diesel Class 7&8 Tractor,0.9999986541464161
2032,Class 7&8 Tractor,Electric,4.895268824372774,0.04524116119890521,Electric Class 7&8 Tractor,1.3458535839412007e-06
2032,Class 7&8 Vocational,Diesel,2248840.0265280353,33682.02642306593,Diesel Class 7&8 Vocational,0.9969993894683827
2032,Class 7&8 Vocational,Electric,6768.201805139115,59.59082848811481,Electric Class 7&8 Vocational,0.003000610531617279
2033,Class 4-6 Vocational,Diesel,2869673.505127234,48826.52546230079,Diesel Class 4-6 Vocational,0.6630344595226064
2033,Class 4-6 Vocational,Electric,12383.172039174682,203.17950587688034,Electric Class 4-6 Vocational,0.0028611163484278
2033,Class 4-6 Vocational,Gasoline,1446034.3653314987,16678.31081217481,Gasoline Class 4-6 Vocational,0.33410442412896585
2033,Class 7&8 Tractor,Diesel,3647902.5156178656,153612.23754984458,Diesel Class 7&8 Tractor,0.9999987030809363
2033,Class 7&8 Tractor,Electric,4.731040450909947,0.03893432969499109,Electric Class 7&8 Tractor,1.2969190637299893e-06
2033,Class 7&8 Vocational,Diesel,2252600.855960908,33717.36998221531,Diesel Class 7&8 Vocational,0.9951430296027989
2033,Class 7&8 Vocational,Electric,10994.214247251504,98.62296495702563,Electric Class 7&8 Vocational,0.004856970397201157
2034,Class 4-6 Vocational,Diesel,2893333.4975323915,49306.26174041181,Diesel Class 4-6 Vocational,0.661329316504256
2034,Class 4-6 Vocational,Electric,31194.550977912375,583.5525310190741,Electric Class 4-6 Vocational,0.007130139368473891
2034,Class 4-6 Vocational,Gasoline,1450498.7729624915,16950.380243803393,Gasoline Class 4-6 Vocational,0.3315405441272701
2034,Class 7&8 Tractor,Diesel,3650721.6582026426,153682.8945555191,Diesel Class 7&8 Tractor,0.9999987509026246
2034,Class 7&8 Tractor,Electric,4.560112537844814,0.03450897895888562,Electric Class 7&8 Tractor,1.2490973754666594e-06
2034,Class 7&8 Vocational,Diesel,2243456.0125619583,33534.136224112604,Diesel Class 7&8 Vocational,0.988962917690065
2034,Class 7&8 Vocational,Electric,25037.550171446564,230.90562737043024,Electric Class 7&8 Vocational,0.011037082309935123
2035,Class 4-6 Vocational,Diesel,2904905.92041691,49547.52840642354,Diesel Class 4-6 Vocational,0.6566688606067529
2035,Class 4-6 Vocational,Electric,61283.5698486768,1189.6938334843421,Electric Class 4-6 Vocational,0.013853464824316687
2035,Class 4-6 Vocational,Gasoline,1457510.3296601172,17281.23230078526,Gasoline Class 4-6 Vocational,0.3294776745689304
2035,Class 7&8 Tractor,Diesel,3651649.4490199145,153797.55070281232,Diesel Class 7&8 Tractor,0.9999987995598013
2035,Class 7&8 Tractor,Electric,4.383592052508887,0.03254123462292297,Electric Class 7&8 Tractor,1.200440198728634e-06
2035,Class 7&8 Vocational,Diesel,2232049.3604302593,33312.20645798234,Diesel Class 7&8 Vocational,0.9823359992944694
2035,Class 7&8 Vocational,Electric,40135.88172044642,372.9622593596157,Electric Class 7&8 Vocational,0.01766400070553066
2036,Class 4-6 Vocational,Diesel,2915397.099635679,49807.16890666523,Diesel Class 4-6 Vocational,0.6516038031893366
2036,Class 4-6 Vocational,Electric,92961.64560812614,1813.056981662536,Electric Class 4-6 Vocational,0.020777328013588236
2036,Class 4-6 Vocational,Gasoline,1465828.0003921026,17623.17182198404,Gasoline Class 4-6 Vocational,0.327618868797075
2036,Class 7&8 Tractor,Diesel,3653608.323155299,153906.15697599953,Diesel Class 7&8 Tractor,0.9999988497433451
2036,Class 7&8 Tractor,Electric,4.202592122598844,0.027792747613847125,Electric Class 7&8 Tractor,1.150256655018205e-06
2036,Class 7&8 Vocational,Diesel,2219579.217690987,33071.08035991161,Diesel Class 7&8 Vocational,0.9755296169637234
2036,Class 7&8 Vocational,Electric,55676.3758801156,520.8931379175257,Electric Class 7&8 Vocational,0.024470383036276532
2037,Class 4-6 Vocational,Diesel,2916539.7387642297,49892.12800739133,Diesel Class 4-6 Vocational,0.6441920232522633
2037,Class 4-6 Vocational,Electric,134958.1997146882,2647.804646351706,Electric Class 4-6 Vocational,0.029808952908532985
2037,Class 4-6 Vocational,Gasoline,1475940.5169676547,18064.004326445778,Gasoline Class 4-6 Vocational,0.32599902383920365
2037,Class 7&8 Tractor,Diesel,3654880.5890252353,154341.53909634709,Diesel Class 7&8 Tractor,0.9999989005890005
2037,Class 7&8 Tractor,Electric,4.018220339155799,0.022048454405678805,Electric Class 7&8 Tractor,1.0994109995127986e-06
2037,Class 7&8 Vocational,Diesel,2192209.160542855,32543.550398587093,Diesel Class 7&8 Vocational,0.96247133340852
2037,Class 7&8 Vocational,Electric,85478.58396306267,813.0158026648307,Electric Class 7&8 Vocational,0.037528666591480006
2038,Class 4-6 Vocational,Diesel,2876405.0911550643,48912.95973849338,Diesel Class 4-6 Vocational,0.6279678616520808
2038,Class 4-6 Vocational,Electric,217173.0943393729,4374.585286220863,Electric Class 4-6 Vocational,0.04741255815462942
2038,Class 4-6 Vocational,Gasoline,1486919.1087265003,18616.078030995737,Gasoline Class 4-6 Vocational,0.32461958019328974
2038,Class 7&8 Tractor,Diesel,3654829.4582898,154999.8952896171,Diesel Class 7&8 Tractor,0.9999989516436949
2038,Class 7&8 Tractor,Electric,3.8315675234014663,0.01898901961520231,Electric Class 7&8 Tractor,1.048356305069948e-06
2038,Class 7&8 Vocational,Diesel,2147382.3520899126,31614.39912488742,Diesel Class 7&8 Vocational,0.9425047040250641
2038,Class 7&8 Vocational,Electric,130996.0399958705,1267.1126267992795,Electric Class 7&8 Vocational,0.05749529597493583
2039,Class 4-6 Vocational,Diesel,2819834.36728389,47602.36856191027,Diesel Class 4-6 Vocational,0.6084747472199115
2039,Class 4-6 Vocational,Electric,314277.22547444317,6424.867146869253,Electric Class 4-6 Vocational,0.06781595314469924
2039,Class 4-6 Vocational,Gasoline,1500155.2854770618,19275.486944792985,Gasoline Class 4-6 Vocational,0.3237092996353893
2039,Class 7&8 Tractor,Diesel,3650010.5371295554,155744.92029767772,Diesel Class 7&8 Tractor,0.9999990017306961
2039,Class 7&8 Tractor,Electric,3.6436971158024276,0.020623530652510408,Electric Class 7&8 Tractor,9.982693039776594e-07
2039,Class 7&8 Vocational,Diesel,2099255.0263007185,30604.506632340188,Diesel Class 7&8 Vocational,0.9222218808715643
2039,Class 7&8 Vocational,Electric,177046.4471763317,1733.3224555522088,Electric Class 7&8 Vocational,0.0777781191284357
2040,Class 4-6 Vocational,Diesel,2759341.291212182,46286.46718022325,Diesel Class 4-6 Vocational,0.588721842409026
2040,Class 4-6 Vocational,Electric,414138.98389499687,8504.217901992039,Electric Class 4-6 Vocational,0.08835901031472526
2040,Class 4-6 Vocational,Gasoline,1513523.1489904714,19925.987605466096,Gasoline Class 4-6 Vocational,0.3229191472762488
2040,Class 7&8 Tractor,Diesel,3642038.4049716447,156523.49048487606,Diesel Class 7&8 Tractor,0.999999051181875
2040,Class 7&8 Tractor,Electric,3.455635329181764,0.01981149569437042,Electric Class 7&8 Tractor,9.488181249530877e-07
2040,Class 7&8 Vocational,Diesel,2049255.4578946037,29574.207464164563,Diesel Class 7&8 Vocational,0.901849320659809
2040,Class 7&8 Vocational,Electric,223025.96534285208,2207.001111125665,Electric Class 7&8 Vocational,0.09815067934019087
2041,Class 4-6 Vocational,Diesel,2695405.570418921,45046.621413470355,Diesel Class 4-6 Vocational,0.5688031108501983
2041,Class 4-6 Vocational,Electric,514897.36577968503,10577.325214088323,Electric Class 4-6 Vocational,0.10865720047411585
2041,Class 4-6 Vocational,Gasoline,1528429.1821789797,20597.299757678225,Gasoline Class 4-6 Vocational,0.32253968867568583
2041,Class 7&8 Tractor,Diesel,3626077.2369639827,157324.2944539967,Diesel Class 7&8 Tractor,0.9999990986515098
2041,Class 7&8 Tractor,Electric,3.2683621887717837,0.018977936450542226,Electric Class 7&8 Tractor,9.01348490186869e-07
2041,Class 7&8 Vocational,Diesel,1996388.8076399947,28623.680944432548,Diesel Class 7&8 Vocational,0.8815390084557124
2041,Class 7&8 Vocational,Electric,268274.2288117736,2682.3447035652553,Electric Class 7&8 Vocational,0.1184609915442876
2042,Class 4-6 Vocational,Diesel,2630765.680487565,43854.03274698867,Diesel Class 4-6 Vocational,0.5488464332840813
2042,Class 4-6 Vocational,Electric,617220.8839639873,12650.195188685893,Electric Class 4-6 Vocational,0.1287683974383075
2042,Class 4-6 Vocational,Gasoline,1545277.1263518976,21277.195599357685,Gasoline Class 4-6 Vocational,0.32238516927761124
2042,Class 7&8 Tractor,Diesel,3614967.9161100043,158153.96455310186,Diesel Class 7&8 Tractor,0.9999991472120904
2042,Class 7&8 Tractor,Electric,3.0828035613266196,0.018133680607609982,Electric Class 7&8 Tractor,8.527879095719212e-07
2042,Class 7&8 Vocational,Diesel,1945677.1110555078,27741.3543033201,Diesel Class 7&8 Vocational,0.8615120547948077
2042,Class 7&8 Vocational,Electric,312767.33000216633,3158.6410081571626,Electric Class 7&8 Vocational,0.1384879452051923
2043,Class 4-6 Vocational,Diesel,2566092.072768747,42576.01752686315,Diesel Class 4-6 Vocational,0.5282616732427311
2043,Class 4-6 Vocational,Electric,725907.9567221765,14834.705062347752,Electric Class 4-6 Vocational,0.14943709772054886
2043,Class 4-6 Vocational,Gasoline,1565615.4341046207,21982.766789015568,Gasoline Class 4-6 Vocational,0.3223012290367201
2043,Class 7&8 Tractor,Diesel,3605731.272265363,158864.88105565484,Diesel Class 7&8 Tractor,0.9999991957742542
2043,Class 7&8 Tractor,Electric,2.8998242535256504,0.017261710078783785,Electric Class 7&8 Tractor,8.042257457501718e-07
2043,Class 7&8 Vocational,Diesel,1896670.7658834052,26894.402498703697,Diesel Class 7&8 Vocational,0.8417589328266037
2043,Class 7&8 Vocational,Electric,356552.4455584219,3629.3418904783375,Electric Class 7&8 Vocational,0.1582410671733963
2044,Class 4-6 Vocational,Diesel,2493176.03420213,40976.91948724752,Diesel Class 4-6 Vocational,0.5058101391078421
2044,Class 4-6 Vocational,Electric,847516.3131424352,17317.49963752315,Electric Class 4-6 Vocational,0.17194226896374296
2044,Class 4-6 Vocational,Gasoline,1588382.4999877615,22738.10759173742,Gasoline Class 4-6 Vocational,0.3222475919284149
2044,Class 7&8 Tractor,Diesel,3598288.7924592923,159461.21026025203,Diesel Class 7&8 Tractor,0.9999992440239408
2044,Class 7&8 Tractor,Electric,2.7202222376967176,0.01637810773478951,Electric Class 7&8 Tractor,7.559760592241581e-07
2044,Class 7&8 Vocational,Diesel,1849322.837908736,26077.61914380155,Diesel Class 7&8 Vocational,0.8224255590315014
2044,Class 7&8 Vocational,Electric,399297.4993367669,4087.3023158355104,Electric Class 7&8 Vocational,0.17757444096849856
2045,Class 4-6 Vocational,Diesel,2410284.9485559026,39080.02893181825,Diesel Class 4-6 Vocational,0.48187032580111333
2045,Class 4-6 Vocational,Electric,980369.9870097095,20056.820246697633,Electric Class 4-6 Vocational,0.1959980728955065
2045,Class 4-6 Vocational,Gasoline,1611281.9331319665,23518.44185951579,Gasoline Class 4-6 Vocational,0.32213160130338025
2045,Class 7&8 Tractor,Diesel,3590693.189225493,159916.97206688093,Diesel Class 7&8 Tractor,0.9999983431016874
2045,Class 7&8 Tractor,Electric,5.949423343696483,0.08951517505263007,Electric Class 7&8 Tractor,1.6568983125484646e-06
2045,Class 7&8 Vocational,Diesel,1802126.310327815,25283.79892805088,Diesel Class 7&8 Vocational,0.8034507219760821
2045,Class 7&8 Vocational,Electric,440856.68917151506,4526.138662227219,Electric Class 7&8 Vocational,0.1965492780239179
2046,Class 4-6 Vocational,Diesel,2314502.8320790185,36884.7168461338,Diesel Class 4-6 Vocational,0.45613473907821783
2046,Class 4-6 Vocational,Electric,1125552.0652691189,23118.00865526023,Electric Class 4-6 Vocational,0.221820163922336
2046,Class 4-6 Vocational,Gasoline,1634109.891670767,24357.910343427386,Gasoline Class 4-6 Vocational,0.32204509699944606
2046,Class 7&8 Tractor,Diesel,3578854.3150025737,160407.4894494323,Diesel Class 7&8 Tractor,0.9999915017027801
2046,Class 7&8 Tractor,Electric,30.414426146664333,0.6294837676486962,Electric Class 7&8 Tractor,8.498297219960822e-06
2046,Class 7&8 Vocational,Diesel,1753860.6149157009,24533.627078521284,Diesel Class 7&8 Vocational,0.7846980973278442
2046,Class 7&8 Vocational,Electric,481216.31580220774,4944.706168533023,Electric Class 7&8 Vocational,0.21530190267215574
2047,Class 4-6 Vocational,Diesel,2211673.559960006,34457.24203614632,Diesel Class 4-6 Vocational,0.42976687445434225
2047,Class 4-6 Vocational,Electric,1278096.5961521957,26315.837916882912,Electric Class 4-6 Vocational,0.24835653385890985
2047,Class 4-6 Vocational,Gasoline,1656446.7615319956,25171.41724178294,Gasoline Class 4-6 Vocational,0.3218765916867479
2047,Class 7&8 Tractor,Diesel,3562808.2378587117,160497.0534833894,Diesel Class 7&8 Tractor,0.9999508315625016
2047,Class 7&8 Tractor,Electric,175.18632779968235,3.840429762627688,Electric Class 7&8 Tractor,4.916843749832496e-05
2047,Class 7&8 Vocational,Diesel,1703911.6998464977,23773.50747355465,Diesel Class 7&8 Vocational,0.7662106702839238
2047,Class 7&8 Vocational,Electric,519904.498399741,5323.7295542427955,Electric Class 7&8 Vocational,0.23378932971607622
2048,Class 4-6 Vocational,Diesel,2105309.560642178,31957.99882989474,Diesel Class 4-6 Vocational,0.4035482962687067
2048,Class 4-6 Vocational,Electric,1433765.8027226862,29524.689415363668,Electric Class 4-6 Vocational,0.27482597227202415
2048,Class 4-6 Vocational,Gasoline,1677919.9259432997,25938.10522721659,Gasoline Class 4-6 Vocational,0.32162573145926915
2048,Class 7&8 Tractor,Diesel,3543023.2075342485,160231.18669671583,Diesel Class 7&8 Tractor,0.9998180408389697
2048,Class 7&8 Tractor,Electric,644.802858140559,14.324001793949376,Electric Class 7&8 Tractor,0.0001819591610302005
2048,Class 7&8 Vocational,Diesel,1652358.219235377,23012.327614793874,Diesel Class 7&8 Vocational,0.7479799617504806
2048,Class 7&8 Vocational,Electric,556736.0128726603,5660.588334597573,Electric Class 7&8 Vocational,0.25202003824951946
2049,Class 4-6 Vocational,Diesel,1995154.777671582,29514.298779024637,Diesel Class 4-6 Vocational,0.3771795770517367
2049,Class 4-6 Vocational,Electric,1594633.941674155,32896.31537928044,Electric Class 4-6 Vocational,0.3014620030506761
2049,Class 4-6 Vocational,Gasoline,1699879.383224706,26774.604633487914,Gasoline Class 4-6 Vocational,0.32135841989758723
2049,Class 7&8 Tractor,Diesel,3520066.6574738007,160332.87196151636,Diesel Class 7&8 Tractor,0.9995873961540738
2049,Class 7&8 Tractor,Electric,1452.9925511052372,32.533659860730694,Electric Class 7&8 Tractor,0.0004126038459262782
2049,Class 7&8 Vocational,Diesel,1599069.2494891118,22330.414712935686,Diesel Class 7&8 Vocational,0.7296905253039465
2049,Class 7&8 Vocational,Electric,592365.6041058871,5978.119266589236,Electric Class 7&8 Vocational,0.27030947469605354
2050,Class 4-6 Vocational,Diesel,1883249.666647343,27164.696877649396,Diesel Class 4-6 Vocational,0.3510389381197729
2050,Class 4-6 Vocational,Electric,1760149.1340002313,36397.224866123994,Electric Class 4-6 Vocational,0.32809292037834903
2050,Class 4-6 Vocational,Gasoline,1721389.7231964297,27649.98693848144,Gasoline Class 4-6 Vocational,0.32086814150187815
2050,Class 7&8 Tractor,Diesel,3494779.587007188,160787.01436710055,Diesel Class 7&8 Tractor,0.9993157268469183
2050,Class 7&8 Tractor,Electric,2393.021327576271,53.979461623621845,Electric Class 7&8 Tractor,0.0006842731530817254
2050,Class 7&8 Vocational,Diesel,1544415.932234744,21713.85853478978,Diesel Class 7&8 Vocational,0.7112323525839599
2050,Class 7&8 Vocational,Electric,627048.7468167172,6273.100762271909,Electric Class 7&8 Vocational,0.28876764741604016
