Year,vehicle type,Powertrain,Stock,EV_fraction
2018,Class 4-6 Vocational,Battery Electric,101.0,1.0
2018,Class 4-6 Vocational,H2 Fuel Cell,0.0,0.0
2018,Class 4-6 Vocational,PHEV Diesel,0.0,0.0
2018,Class 4-6 Vocational,PHEV Gasoline,0.0,0.0
2018,Class 7&8 Tractor,Battery Electric,6.0,1.0
2018,Class 7&8 Tractor,H2 Fuel Cell,0.0,0.0
2018,Class 7&8 Tractor,PHEV Diesel,0.0,0.0
2018,Class 7&8 Tractor,PHEV Gasoline,0.0,0.0
2018,Class 7&8 Vocational,Battery Electric,2.0,1.0
2018,Class 7&8 Vocational,H2 Fuel Cell,0.0,0.0
2018,Class 7&8 Vocational,PHEV Diesel,0.0,0.0
2018,Class 7&8 Vocational,PHEV Gasoline,0.0,0.0
2019,Class 4-6 Vocational,Battery Electric,100.95612903225806,1.0
2019,Class 4-6 Vocational,H2 Fuel Cell,0.0,0.0
2019,Class 4-6 Vocational,PHEV Diesel,0.0,0.0
2019,Class 4-6 Vocational,PHEV Gasoline,0.0,0.0
2019,Class 7&8 Tractor,Battery Electric,6.0,1.0
2019,Class 7&8 Tractor,H2 Fuel Cell,0.0,0.0
2019,Class 7&8 Tractor,PHEV Diesel,0.0,0.0
2019,Class 7&8 Tractor,PHEV Gasoline,0.0,0.0
2019,Class 7&8 Vocational,Battery Electric,2.0,1.0
2019,Class 7&8 Vocational,H2 Fuel Cell,0.0,0.0
2019,Class 7&8 Vocational,PHEV Diesel,0.0,0.0
2019,Class 7&8 Vocational,PHEV Gasoline,0.0,0.0
2020,Class 4-6 Vocational,Battery Electric,100.86603288241415,1.0
2020,Class 4-6 Vocational,H2 Fuel Cell,0.0,0.0
2020,Class 4-6 Vocational,PHEV Diesel,0.0,0.0
2020,Class 4-6 Vocational,PHEV Gasoline,0.0,0.0
2020,Class 7&8 Tractor,Battery Electric,6.0,1.0
2020,Class 7&8 Tractor,H2 Fuel Cell,0.0,0.0
2020,Class 7&8 Tractor,PHEV Diesel,0.0,0.0
2020,Class 7&8 Tractor,PHEV Gasoline,0.0,0.0
2020,Class 7&8 Vocational,Battery Electric,2.0,1.0
2020,Class 7&8 Vocational,H2 Fuel Cell,0.0,0.0
2020,Class 7&8 Vocational,PHEV Diesel,0.0,0.0
2020,Class 7&8 Vocational,PHEV Gasoline,0.0,0.0
2021,Class 4-6 Vocational,Battery Electric,100.63738596811118,0.14764064888427242
2021,Class 4-6 Vocational,H2 Fuel Cell,0.0,0.0
2021,Class 4-6 Vocational,PHEV Diesel,316.0,0.46358959544332173
2021,Class 4-6 Vocational,PHEV Gasoline,265.0,0.38876975567240585
2021,Class 7&8 Tractor,Battery Electric,5.984516129032258,1.0
2021,Class 7&8 Tractor,H2 Fuel Cell,0.0,0.0
2021,Class 7&8 Tractor,PHEV Diesel,0.0,0.0
2021,Class 7&8 Tractor,PHEV Gasoline,0.0,0.0
2021,Class 7&8 Vocational,Battery Electric,1.9948387096774194,0.003926887750955052
2021,Class 7&8 Vocational,H2 Fuel Cell,0.0,0.0
2021,Class 7&8 Vocational,PHEV Diesel,246.00000000000003,0.484256888563765
2021,Class 7&8 Vocational,PHEV Gasoline,260.0,0.51181622368528
2022,Class 4-6 Vocational,Battery Electric,100.15030705471742,0.07708908392729903
2022,Class 4-6 Vocational,H2 Fuel Cell,0.0,0.0
2022,Class 4-6 Vocational,PHEV Diesel,653.0,0.5026362203465169
2022,Class 4-6 Vocational,PHEV Gasoline,546.0,0.4202746957261841
2022,Class 7&8 Tractor,Battery Electric,5.953628303850156,1.0
2022,Class 7&8 Tractor,H2 Fuel Cell,0.0,0.0
2022,Class 7&8 Tractor,PHEV Diesel,0.0,0.0
2022,Class 7&8 Tractor,PHEV Gasoline,0.0,0.0
2022,Class 7&8 Vocational,Battery Electric,1.984542767950052,0.0019174612624094024
2022,Class 7&8 Vocational,H2 Fuel Cell,0.0,0.0
2022,Class 7&8 Vocational,PHEV Diesel,502.0,0.4850313983022947
2022,Class 7&8 Vocational,PHEV Gasoline,531.0,0.5130511404352958
2023,Class 4-6 Vocational,Battery Electric,99.40788827455694,0.050837418050038656
2023,Class 4-6 Vocational,H2 Fuel Cell,0.0,0.0
2023,Class 4-6 Vocational,PHEV Diesel,1011.0,0.5170276779910619
2023,Class 4-6 Vocational,PHEV Gasoline,845.0,0.4321349039588994
2023,Class 7&8 Tractor,Battery Electric,5.9075356976268,1.0
2023,Class 7&8 Tractor,H2 Fuel Cell,0.0,0.0
2023,Class 7&8 Tractor,PHEV Diesel,0.0,0.0
2023,Class 7&8 Tractor,PHEV Gasoline,0.0,0.0
2023,Class 7&8 Vocational,Battery Electric,1.9691785658756,0.0012455515215431814
2023,Class 7&8 Vocational,H2 Fuel Cell,0.0,0.0
2023,Class 7&8 Vocational,PHEV Diesel,767.0,0.48514544774096036
2023,Class 7&8 Vocational,PHEV Gasoline,812.0,0.5136090007374965
2024,Class 4-6 Vocational,Battery Electric,98.41518579622229,0.03731501446045979
2024,Class 4-6 Vocational,H2 Fuel Cell,0.0,0.0
2024,Class 4-6 Vocational,PHEV Diesel,1383.0,0.5243770519894384
2024,Class 4-6 Vocational,PHEV Gasoline,1156.0,0.4383079335501018
2024,Class 7&8 Tractor,Battery Electric,5.846554683973879,1.0
2024,Class 7&8 Tractor,H2 Fuel Cell,0.0,0.0
2024,Class 7&8 Tractor,PHEV Diesel,0.0,0.0
2024,Class 7&8 Tractor,PHEV Gasoline,0.0,0.0
2024,Class 7&8 Vocational,Battery Electric,1.9488515613246262,0.0009119785716446753
2024,Class 7&8 Vocational,H2 Fuel Cell,0.0,0.0
2024,Class 7&8 Vocational,PHEV Diesel,1037.0,0.48527132469377254
2024,Class 7&8 Vocational,PHEV Gasoline,1098.0,0.5138166967345827
2025,Class 4-6 Vocational,Battery Electric,97.17916333705621,0.02906353745058489
2025,Class 4-6 Vocational,H2 Fuel Cell,0.0,0.0
2025,Class 4-6 Vocational,PHEV Diesel,1768.1845161290323,0.5288139467286874
2025,Class 4-6 Vocational,PHEV Gasoline,1478.316129032258,0.4421225158207277
2025,Class 7&8 Tractor,Battery Electric,5.771115268696796,1.0
2025,Class 7&8 Tractor,H2 Fuel Cell,0.0,0.0
2025,Class 7&8 Tractor,PHEV Diesel,0.0,0.0
2025,Class 7&8 Tractor,PHEV Gasoline,0.0,0.0
2025,Class 7&8 Vocational,Battery Electric,1.923705089565599,0.000712848265972197
2025,Class 7&8 Vocational,H2 Fuel Cell,0.0,0.0
2025,Class 7&8 Vocational,PHEV Diesel,1310.3651612903227,0.48556898772208196
2025,Class 7&8 Vocational,PHEV Gasoline,1386.3290322580644,0.5137181640119458
2026,Class 4-6 Vocational,Battery Electric,104.40841262532565,0.025550698338976427
2026,Class 4-6 Vocational,H2 Fuel Cell,0.0,0.0
2026,Class 4-6 Vocational,PHEV Diesel,2168.6880799167534,0.5307186799222171
2026,Class 4-6 Vocational,PHEV Gasoline,1813.2267554630594,0.4437306217388065
2026,Class 7&8 Tractor,Battery Electric,5.681756064536331,1.0
2026,Class 7&8 Tractor,H2 Fuel Cell,0.0,0.0
2026,Class 7&8 Tractor,PHEV Diesel,0.0,0.0
2026,Class 7&8 Tractor,PHEV Gasoline,0.0,0.0
2026,Class 7&8 Vocational,Battery Electric,65.45689772151324,0.019637936028829572
2026,Class 7&8 Vocational,H2 Fuel Cell,0.0,0.0
2026,Class 7&8 Vocational,PHEV Diesel,1588.4381152965661,0.47655246703964077
2026,Class 7&8 Vocational,PHEV Gasoline,1679.2912049947972,0.5038095969315297
2027,Class 4-6 Vocational,Battery Electric,264.59501731862923,0.05298078306073282
2027,Class 4-6 Vocational,H2 Fuel Cell,0.0,0.0
2027,Class 4-6 Vocational,PHEV Diesel,2575.601798840187,0.5157217302805862
2027,Class 4-6 Vocational,PHEV Gasoline,2153.9728059722734,0.43129748665868095
2027,Class 7&8 Tractor,Battery Electric,5.5791178904672885,1.0
2027,Class 7&8 Tractor,H2 Fuel Cell,0.0,0.0
2027,Class 7&8 Tractor,PHEV Diesel,0.0,0.0
2027,Class 7&8 Tractor,PHEV Gasoline,0.0,0.0
2027,Class 7&8 Vocational,Battery Electric,621.1590048474073,0.13930255574679026
2027,Class 7&8 Vocational,H2 Fuel Cell,3.1847835743066804,0.0007142269337467048
2027,Class 7&8 Vocational,PHEV Diesel,1864.5465669325636,0.41814752753430035
2027,Class 7&8 Vocational,PHEV Gasoline,1970.1735973307375,0.44183568978516263
2028,Class 4-6 Vocational,Battery Electric,2196.869703410702,0.28541244674408556
2028,Class 4-6 Vocational,H2 Fuel Cell,14.52856086273665,0.0018875184527631598
2028,Class 4-6 Vocational,PHEV Diesel,2986.998290502389,0.3880642029835071
2028,Class 4-6 Vocational,PHEV Gasoline,2498.7789835444064,0.3246358318196441
2028,Class 7&8 Tractor,Battery Electric,5.463936101760868,1.0
2028,Class 7&8 Tractor,H2 Fuel Cell,0.0,0.0
2028,Class 7&8 Tractor,PHEV Diesel,0.0,0.0
2028,Class 7&8 Tractor,PHEV Gasoline,0.0,0.0
2028,Class 7&8 Vocational,Battery Electric,3841.1625695954585,0.4583254833370413
2028,Class 7&8 Vocational,H2 Fuel Cell,146.41597124254102,0.01747027613961869
2028,Class 7&8 Vocational,PHEV Diesel,2136.0187410348394,0.2548686248405457
2028,Class 7&8 Vocational,PHEV Gasoline,2257.2645930291983,0.26933561568279435
2029,Class 4-6 Vocational,Battery Electric,16528.246395959617,0.657984764632123
2029,Class 4-6 Vocational,H2 Fuel Cell,2328.4524199316975,0.09269502527868767
2029,Class 4-6 Vocational,PHEV Diesel,3409.9386813327483,0.13574868421583894
2029,Class 4-6 Vocational,PHEV Gasoline,2852.8596163610905,0.11357152587335055
2029,Class 7&8 Tractor,Battery Electric,5.33703177939739,0.2750871712453333
2029,Class 7&8 Tractor,H2 Fuel Cell,14.064206581651518,0.7249128287546668
2029,Class 7&8 Tractor,PHEV Diesel,0.0,0.0
2029,Class 7&8 Tractor,PHEV Gasoline,0.0,0.0
2029,Class 7&8 Vocational,Battery Electric,17875.19495319219,0.7318756464532425
2029,Class 7&8 Vocational,H2 Fuel Cell,1594.5639384523963,0.06528726071641902
2029,Class 7&8 Vocational,PHEV Diesel,2408.1910627437014,0.09860012131021359
2029,Class 7&8 Vocational,PHEV Gasoline,2545.864446073781,0.10423697152012491
2030,Class 4-6 Vocational,Battery Electric,80786.10313807703,0.8056543275511003
2030,Class 4-6 Vocational,H2 Fuel Cell,12425.907722097869,0.12391965871838533
2030,Class 4-6 Vocational,PHEV Diesel,3844.47185726838,0.03833970532856194
2030,Class 4-6 Vocational,PHEV Gasoline,3217.4193462839207,0.03208630840195238
2030,Class 7&8 Tractor,Battery Electric,5.199301927025845,0.003783966229606123
2030,Class 7&8 Tractor,H2 Fuel Cell,1368.8356686670552,0.9962160337703939
2030,Class 7&8 Tractor,PHEV Diesel,0.0,0.0
2030,Class 7&8 Tractor,PHEV Gasoline,0.0,0.0
2030,Class 7&8 Vocational,Battery Electric,54998.85634023022,0.847829006001469
2030,Class 7&8 Vocational,H2 Fuel Cell,4355.675497928046,0.0671444512414716
2030,Class 7&8 Vocational,PHEV Diesel,2681.407966943101,0.041334958625946466
2030,Class 7&8 Vocational,PHEV Gasoline,2834.2827880319023,0.04369158413111289
2031,Class 4-6 Vocational,Battery Electric,160831.37604956087,0.8314072192605684
2031,Class 4-6 Vocational,H2 Fuel Cell,24735.054771685598,0.12786623861035556
2031,Class 4-6 Vocational,PHEV Diesel,4288.662047777499,0.022169956354736793
2031,Class 4-6 Vocational,PHEV Gasoline,3589.674416735308,0.018556585774339357
2031,Class 7&8 Tractor,Battery Electric,5.051708840065112,0.001617814863453626
2031,Class 7&8 Tractor,H2 Fuel Cell,3117.498932882307,0.9983821851365463
2031,Class 7&8 Tractor,PHEV Diesel,0.0,0.0
2031,Class 7&8 Tractor,PHEV Gasoline,0.0,0.0
2031,Class 7&8 Vocational,Battery Electric,104983.85139380425,0.8856767392167058
2031,Class 7&8 Vocational,H2 Fuel Cell,7474.426907273553,0.0630566126395543
2031,Class 7&8 Vocational,PHEV Diesel,2954.042181135112,0.024921227519861755
2031,Class 7&8 Vocational,PHEV Gasoline,3122.8591665742715,0.026345420623878252
2032,Class 4-6 Vocational,Battery Electric,251618.00470295103,0.8330562812024064
2032,Class 4-6 Vocational,H2 Fuel Cell,41715.5596108207,0.13811177383229614
2032,Class 4-6 Vocational,PHEV Diesel,4740.598119640075,0.01569516078503489
2032,Class 4-6 Vocational,PHEV Gasoline,3967.86087355341,0.013136784180262472
2032,Class 7&8 Tractor,Battery Electric,4.895268824372774,0.000938588221910132
2032,Class 7&8 Tractor,H2 Fuel Cell,5210.670737757678,0.9990614117780899
2032,Class 7&8 Tractor,PHEV Diesel,0.0,0.0
2032,Class 7&8 Tractor,PHEV Gasoline,0.0,0.0
2032,Class 7&8 Vocational,Battery Electric,153914.67153652478,0.8933256104448493
2032,Class 7&8 Vocational,H2 Fuel Cell,11747.885962669678,0.0681851008371734
2032,Class 7&8 Vocational,PHEV Diesel,3223.50438805607,0.018709321187411854
2032,Class 7&8 Vocational,PHEV Gasoline,3407.9703636326817,0.01977996753056554
2033,Class 4-6 Vocational,Battery Electric,342804.3887682184,0.8139272311924446
2033,Class 4-6 Vocational,H2 Fuel Cell,68811.27174653944,0.16337996164150687
2033,Class 4-6 Vocational,PHEV Diesel,5203.379271338933,0.012354486179080398
2033,Class 4-6 Vocational,PHEV Gasoline,4354.224396246195,0.010338320986968144
2033,Class 7&8 Tractor,Battery Electric,4.731040450909947,0.0008912459617390675
2033,Class 7&8 Tractor,H2 Fuel Cell,5303.6132932259325,0.9991087540382609
2033,Class 7&8 Tractor,PHEV Diesel,0.0,0.0
2033,Class 7&8 Tractor,PHEV Gasoline,0.0,0.0
2033,Class 7&8 Vocational,Battery Electric,202089.24395819372,0.891529199869164
2033,Class 7&8 Vocational,H2 Fuel Cell,17403.594190825683,0.07677703226503343
2033,Class 7&8 Vocational,PHEV Diesel,3492.2318242516226,0.01540619670325827
2033,Class 7&8 Vocational,PHEV Gasoline,3692.019221172897,0.016287571162544257
2034,Class 4-6 Vocational,Battery Electric,434640.03645920806,0.7825997715358255
2034,Class 4-6 Vocational,H2 Fuel Cell,110307.53787543047,0.1986164335969847
2034,Class 4-6 Vocational,PHEV Diesel,5679.11844370132,0.010225649787747221
2034,Class 4-6 Vocational,PHEV Gasoline,4753.020157483931,0.00855814507944254
2034,Class 7&8 Tractor,Battery Electric,4.560112537844814,0.0007309061564572599
2034,Class 7&8 Tractor,H2 Fuel Cell,6234.424875559555,0.9992690938435428
2034,Class 7&8 Tractor,PHEV Diesel,0.0,0.0
2034,Class 7&8 Tractor,PHEV Gasoline,0.0,0.0
2034,Class 7&8 Vocational,Battery Electric,249647.85697126295,0.8812267377370676
2034,Class 7&8 Vocational,H2 Fuel Cell,25910.838986803185,0.0914621274517864
2034,Class 7&8 Vocational,PHEV Diesel,3760.6893816759807,0.013274778624830064
2034,Class 7&8 Vocational,PHEV Gasoline,3976.44112637516,0.014036356186315897
2035,Class 4-6 Vocational,Battery Electric,526472.6128046281,0.7547738273699499
2035,Class 4-6 Vocational,H2 Fuel Cell,159725.58753187826,0.2289894860591501
2035,Class 4-6 Vocational,PHEV Diesel,6165.950542962292,0.00883977243544198
2035,Class 4-6 Vocational,PHEV Gasoline,5159.522721072394,0.007396914135457943
2035,Class 7&8 Tractor,Battery Electric,4.383592052508887,0.00045688474499526346
2035,Class 7&8 Tractor,H2 Fuel Cell,9590.141286545335,0.9995431152550047
2035,Class 7&8 Tractor,PHEV Diesel,0.0,0.0
2035,Class 7&8 Tractor,PHEV Gasoline,0.0,0.0
2035,Class 7&8 Vocational,Battery Electric,296484.58035886276,0.8679309641846011
2035,Class 7&8 Vocational,H2 Fuel Cell,36829.60530722882,0.1078152354707639
2035,Class 7&8 Vocational,PHEV Diesel,4026.375482985428,0.011786838799127172
2035,Class 7&8 Vocational,PHEV Gasoline,4258.704913981883,0.012466961545507919
2036,Class 4-6 Vocational,Battery Electric,618132.5546010283,0.731428435559653
2036,Class 4-6 Vocational,H2 Fuel Cell,214732.63111758183,0.25409040710259273
2036,Class 4-6 Vocational,PHEV Diesel,6663.04024836489,0.007884291271599734
2036,Class 4-6 Vocational,PHEV Gasoline,5575.033011552128,0.006596866066154623
2036,Class 7&8 Tractor,Battery Electric,4.204545250145419,0.0002268397870312884
2036,Class 7&8 Tractor,H2 Fuel Cell,18531.103149980052,0.9997731602129688
2036,Class 7&8 Tractor,PHEV Diesel,0.0,0.0
2036,Class 7&8 Tractor,PHEV Gasoline,0.0,0.0
2036,Class 7&8 Vocational,Battery Electric,348272.6279966551,0.8559136642026213
2036,Class 7&8 Vocational,H2 Fuel Cell,49801.80489985522,0.12239275179601117
2036,Class 7&8 Vocational,PHEV Diesel,4289.830109543182,0.010542672356959102
2036,Class 7&8 Vocational,PHEV Gasoline,4537.3236406672095,0.011150911644408493
2037,Class 4-6 Vocational,Battery Electric,710250.2373701755,0.7133543845578421
2037,Class 4-6 Vocational,H2 Fuel Cell,272217.8318672946,0.27340755933623895
2037,Class 4-6 Vocational,PHEV Diesel,7175.576429146423,0.007206937271030678
2037,Class 4-6 Vocational,PHEV Gasoline,6004.874543165961,0.006031118834888377
2037,Class 7&8 Tractor,Battery Electric,4.072659227439791,0.00011526385720459733
2037,Class 7&8 Tractor,H2 Fuel Cell,35329.286176844485,0.9998847361427955
2037,Class 7&8 Tractor,PHEV Diesel,0.0,0.0
2037,Class 7&8 Tractor,PHEV Gasoline,0.0,0.0
2037,Class 7&8 Vocational,Battery Electric,399738.0220887744,0.8399517087093239
2037,Class 7&8 Vocational,H2 Fuel Cell,66795.45649173006,0.1403543188638385
2037,Class 7&8 Vocational,PHEV Diesel,4554.629438626581,0.009570440058520566
2037,Class 7&8 Vocational,PHEV Gasoline,4817.8493638413875,0.010123532368316947
2038,Class 4-6 Vocational,Battery Electric,802332.8900958647,0.6996287747891405
2038,Class 4-6 Vocational,H2 Fuel Cell,330314.9720801738,0.28803238912884277
2038,Class 4-6 Vocational,PHEV Diesel,7703.768658377888,0.006717633409090233
2038,Class 4-6 Vocational,PHEV Gasoline,6446.384066668821,0.005621202672926533
2038,Class 7&8 Tractor,Battery Electric,4.323553197898622,7.436606063901773e-05
2038,Class 7&8 Tractor,H2 Fuel Cell,58134.47203106326,0.999925633939361
2038,Class 7&8 Tractor,PHEV Diesel,0.0,0.0
2038,Class 7&8 Tractor,PHEV Gasoline,0.0,0.0
2038,Class 7&8 Vocational,Battery Electric,449659.6982031059,0.8245460137395437
2038,Class 7&8 Vocational,H2 Fuel Cell,85767.19942945319,0.15727227207989
2038,Class 7&8 Vocational,PHEV Diesel,4818.385162637978,0.008835526720298513
2038,Class 7&8 Vocational,PHEV Gasoline,5096.869989915684,0.00934618746026783
2039,Class 4-6 Vocational,Battery Electric,894843.953285172,0.6888095436955701
2039,Class 4-6 Vocational,H2 Fuel Cell,389116.9273159249,0.29952423790172117
2039,Class 4-6 Vocational,PHEV Diesel,8250.853598344476,0.006351126005053808
2039,Class 4-6 Vocational,PHEV Gasoline,6904.925079399931,0.0053150923976550005
2039,Class 7&8 Tractor,Battery Electric,10.229488862620428,0.000108690334464143
2039,Class 7&8 Tractor,H2 Fuel Cell,94105.672472918,0.9998913096655359
2039,Class 7&8 Tractor,PHEV Diesel,0.0,0.0
2039,Class 7&8 Tractor,PHEV Gasoline,0.0,0.0
2039,Class 7&8 Vocational,Battery Electric,497815.1225464459,0.8086930791643713
2039,Class 7&8 Vocational,H2 Fuel Cell,107303.9086747573,0.17431356417756438
2039,Class 7&8 Vocational,PHEV Diesel,5083.751094029517,0.008258476168635072
2039,Class 7&8 Vocational,PHEV Gasoline,5377.01596972607,0.008734880489429234
2040,Class 4-6 Vocational,Battery Electric,987948.8248925438,0.6800114067605219
2040,Class 4-6 Vocational,H2 Fuel Cell,448688.73937815224,0.3088352890093561
2040,Class 4-6 Vocational,PHEV Diesel,8821.098335696995,0.00607161761550012
2040,Class 4-6 Vocational,PHEV Gasoline,7382.885447914247,0.0050816866146219785
2040,Class 7&8 Tractor,Battery Electric,630.0147837029087,0.004360728707470114
2040,Class 7&8 Tractor,H2 Fuel Cell,143844.6420835465,0.9956392712925299
2040,Class 7&8 Tractor,PHEV Diesel,0.0,0.0
2040,Class 7&8 Tractor,PHEV Gasoline,0.0,0.0
2040,Class 7&8 Vocational,Battery Electric,543478.5303252646,0.7924265277855758
2040,Class 7&8 Vocational,H2 Fuel Cell,131351.99344718954,0.19151962456138893
2040,Class 7&8 Vocational,PHEV Diesel,5350.421549476142,0.007801257518126846
2040,Class 7&8 Vocational,PHEV Gasoline,5659.963921741035,0.008252590134908555
2041,Class 4-6 Vocational,Battery Electric,1080251.0248901376,0.6727695339021927
2041,Class 4-6 Vocational,H2 Fuel Cell,508148.2038518234,0.3164696189882308
2041,Class 4-6 Vocational,PHEV Diesel,9405.787739658255,0.005857830529932983
2041,Class 4-6 Vocational,PHEV Gasoline,7872.664290388602,0.004903016579643453
2041,Class 7&8 Tractor,Battery Electric,3910.37795108778,0.019645336845790402
2041,Class 7&8 Tractor,H2 Fuel Cell,195138.2808620949,0.9803546631542096
2041,Class 7&8 Tractor,PHEV Diesel,0.0,0.0
2041,Class 7&8 Tractor,PHEV Gasoline,0.0,0.0
2041,Class 7&8 Vocational,Battery Electric,587259.2853749918,0.7784494198981469
2041,Class 7&8 Vocational,H2 Fuel Cell,155579.37285744422,0.20623032375156106
2041,Class 7&8 Vocational,PHEV Diesel,5616.121518134752,0.007444525181203157
2041,Class 7&8 Vocational,PHEV Gasoline,5941.421677428692,0.007875731169088806
2042,Class 4-6 Vocational,Battery Electric,1171737.4150465697,0.6666722028379898
2042,Class 4-6 Vocational,H2 Fuel Cell,567469.2085568348,0.3228675148998975
2042,Class 4-6 Vocational,PHEV Diesel,10008.224301857814,0.005694283425737558
2042,Class 4-6 Vocational,PHEV Gasoline,8376.679172877242,0.004765998836375154
2042,Class 7&8 Tractor,Battery Electric,12446.036650009872,0.04699130280989549
2042,Class 7&8 Tractor,H2 Fuel Cell,252412.2649033782,0.9530086971901045
2042,Class 7&8 Tractor,PHEV Diesel,0.0,0.0
2042,Class 7&8 Tractor,PHEV Gasoline,0.0,0.0
2042,Class 7&8 Vocational,Battery Electric,629073.5454896112,0.7660218145523071
2042,Class 7&8 Vocational,H2 Fuel Cell,180046.15674946757,0.21924190690462586
2042,Class 7&8 Vocational,PHEV Diesel,5880.611911848218,0.007160811386347316
2042,Class 7&8 Vocational,PHEV Gasoline,6221.136124958805,0.007575467156719837
2043,Class 4-6 Vocational,Battery Electric,1262605.5193189464,0.6614345844795169
2043,Class 4-6 Vocational,H2 Fuel Cell,626752.8874127878,0.3283337743373937
2043,Class 4-6 Vocational,PHEV Diesel,10632.719865019495,0.005570107637102534
2043,Class 4-6 Vocational,PHEV Gasoline,8898.352341652988,0.004661533545986979
2043,Class 7&8 Tractor,Battery Electric,24522.17525221713,0.07282028416695517
2043,Class 7&8 Tractor,H2 Fuel Cell,312227.06340764725,0.9271797158330449
2043,Class 7&8 Tractor,PHEV Diesel,0.0,0.0
2043,Class 7&8 Tractor,PHEV Gasoline,0.0,0.0
2043,Class 7&8 Vocational,Battery Electric,669344.4153173767,0.7551467161390474
2043,Class 7&8 Vocational,H2 Fuel Cell,204387.66641399215,0.23058782829862862
2043,Class 7&8 Vocational,PHEV Diesel,6144.68152860185,0.006932359442849432
2043,Class 7&8 Vocational,PHEV Gasoline,6499.885160928267,0.007333096119474681
2044,Class 4-6 Vocational,Battery Electric,1352221.4035097419,0.6568906005157991
2044,Class 4-6 Vocational,H2 Fuel Cell,685585.3312622226,0.33304794524680065
2044,Class 4-6 Vocational,PHEV Diesel,11275.584467063445,0.0054775241927921174
2044,Class 4-6 Vocational,PHEV Gasoline,9436.104449726312,0.004583930044608161
2044,Class 7&8 Tractor,Battery Electric,38104.83569521304,0.09236847810687694
2044,Class 7&8 Tractor,H2 Fuel Cell,374425.89422677417,0.907631521893123
2044,Class 7&8 Tractor,PHEV Diesel,0.0,0.0
2044,Class 7&8 Tractor,PHEV Gasoline,0.0,0.0
2044,Class 7&8 Vocational,Battery Electric,707716.9995801324,0.7454521357570355
2044,Class 7&8 Vocational,H2 Fuel Cell,228477.91387619203,0.24066024833848104
2044,Class 7&8 Vocational,PHEV Diesel,6407.146424773908,0.006748772446174607
2044,Class 7&8 Vocational,PHEV Gasoline,6777.471859619612,0.007138843458308922
2045,Class 4-6 Vocational,Battery Electric,1440307.0770907176,0.6529035946530981
2045,Class 4-6 Vocational,H2 Fuel Cell,743770.0766229552,0.33715737730277884
2045,Class 4-6 Vocational,PHEV Diesel,11936.148533283516,0.0054107588636136805
2045,Class 4-6 Vocational,PHEV Gasoline,9989.373930656075,0.004528269180509279
2045,Class 7&8 Tractor,Battery Electric,55671.327740154586,0.11174785765940831
2045,Class 7&8 Tractor,H2 Fuel Cell,442515.6523613605,0.8882521423405917
2045,Class 7&8 Tractor,PHEV Diesel,0.0,0.0
2045,Class 7&8 Tractor,PHEV Gasoline,0.0,0.0
2045,Class 7&8 Vocational,Battery Electric,743686.5769767246,0.7363877164856533
2045,Class 7&8 Vocational,H2 Fuel Cell,252504.54365879405,0.250026355273279
2045,Class 7&8 Vocational,PHEV Diesel,6667.854163805178,0.006602412970131535
2045,Class 7&8 Vocational,PHEV Gasoline,7052.733839577049,0.006983515270936215
2046,Class 4-6 Vocational,Battery Electric,1526977.3728617483,0.6493609430116475
2046,Class 4-6 Vocational,H2 Fuel Cell,801351.1404971296,0.3407818226549379
2046,Class 4-6 Vocational,PHEV Diesel,12618.753840978492,0.005366239238013603
2046,Class 4-6 Vocational,PHEV Gasoline,10560.61034485043,0.004490995095401143
2046,Class 7&8 Tractor,Battery Electric,74719.18530134257,0.12674569112852427
2046,Class 7&8 Tractor,H2 Fuel Cell,514801.33122315904,0.8732543088714757
2046,Class 7&8 Tractor,PHEV Diesel,0.0,0.0
2046,Class 7&8 Tractor,PHEV Gasoline,0.0,0.0
2046,Class 7&8 Vocational,Battery Electric,777435.6110679158,0.7279517286194129
2046,Class 7&8 Vocational,H2 Fuel Cell,276288.0376261716,0.25870226643022537
2046,Class 7&8 Vocational,PHEV Diesel,6926.682623775218,0.006485798332094583
2046,Class 7&8 Vocational,PHEV Gasoline,7326.542014591524,0.006860206618267117
2047,Class 4-6 Vocational,Battery Electric,1611340.4444795311,0.6462036949533269
2047,Class 4-6 Vocational,H2 Fuel Cell,857750.3433164514,0.34398779171561755
2047,Class 4-6 Vocational,PHEV Diesel,13314.741660184567,0.0053396756021595404
2047,Class 4-6 Vocational,PHEV Gasoline,11143.264931201362,0.0044688377288959824
2047,Class 7&8 Tractor,Battery Electric,96270.0458471259,0.14003975955989995
2047,Class 7&8 Tractor,H2 Fuel Cell,591177.9057179994,0.8599602404401
2047,Class 7&8 Tractor,PHEV Diesel,0.0,0.0
2047,Class 7&8 Tractor,PHEV Gasoline,0.0,0.0
2047,Class 7&8 Vocational,Battery Electric,808693.8306362173,0.7202547093918221
2047,Class 7&8 Vocational,H2 Fuel Cell,299318.51166146534,0.2665849045277315
2047,Class 7&8 Vocational,PHEV Diesel,7180.535965690024,0.006395269321118493
2047,Class 7&8 Vocational,PHEV Gasoline,7595.796480694516,0.0067651167593277784
2048,Class 4-6 Vocational,Battery Electric,1693074.3383991101,0.6433696038125847
2048,Class 4-6 Vocational,H2 Fuel Cell,912739.8103541371,0.34684185853692073
2048,Class 4-6 Vocational,PHEV Diesel,14023.461408813064,0.0053289265604250765
2048,Class 4-6 Vocational,PHEV Gasoline,11735.79393725332,0.004459611090069529
2048,Class 7&8 Tractor,Battery Electric,117560.45383375221,0.14908959456514698
2048,Class 7&8 Tractor,H2 Fuel Cell,670961.737648782,0.8509104054348531
2048,Class 7&8 Tractor,PHEV Diesel,0.0,0.0
2048,Class 7&8 Tractor,PHEV Gasoline,0.0,0.0
2048,Class 7&8 Vocational,Battery Electric,837235.4639272729,0.7130903668204118
2048,Class 7&8 Vocational,H2 Fuel Cell,321570.24647009163,0.2738878784926948
2048,Class 7&8 Vocational,PHEV Diesel,7429.345554441623,0.006327723770564704
2048,Class 7&8 Vocational,PHEV Gasoline,7859.424752525481,0.0066940309163285245
2049,Class 4-6 Vocational,Battery Electric,1774070.704233102,0.640771679209639
2049,Class 4-6 Vocational,H2 Fuel Cell,967456.5474866859,0.349432948199989
2049,Class 4-6 Vocational,PHEV Diesel,14764.271448791438,0.005332666271967232
2049,Class 4-6 Vocational,PHEV Gasoline,12355.659274522526,0.004462706318404818
2049,Class 7&8 Tractor,Battery Electric,138729.59077043433,0.15533229955381228
2049,Class 7&8 Tractor,H2 Fuel Cell,754385.3065750066,0.8446677004461877
2049,Class 7&8 Tractor,PHEV Diesel,0.0,0.0
2049,Class 7&8 Tractor,PHEV Gasoline,0.0,0.0
2049,Class 7&8 Vocational,Battery Electric,863861.5566197314,0.7063384052810032
2049,Class 7&8 Vocational,H2 Fuel Cell,343347.7071967169,0.28073904909855146
2049,Class 7&8 Vocational,PHEV Diesel,7680.068121882092,0.0062796255118545705
2049,Class 7&8 Vocational,PHEV Gasoline,8124.38239603389,0.0066429201085906504
2050,Class 4-6 Vocational,Battery Electric,1855265.2903293145,0.638367067362344
2050,Class 4-6 Vocational,H2 Fuel Cell,1022446.0941905003,0.35180732269756276
2050,Class 4-6 Vocational,PHEV Diesel,15545.526862265284,0.005348966773320778
2050,Class 4-6 Vocational,PHEV Gasoline,13010.321348216801,0.004476643166772464
2050,Class 7&8 Tractor,Battery Electric,159836.75535715933,0.15957106781926672
2050,Class 7&8 Tractor,H2 Fuel Cell,841828.2553589032,0.8404289321807333
2050,Class 7&8 Tractor,PHEV Diesel,0.0,0.0
2050,Class 7&8 Tractor,PHEV Gasoline,0.0,0.0
2050,Class 7&8 Vocational,Battery Electric,888982.8609713817,0.6999796309395614
2050,Class 7&8 Vocational,H2 Fuel Cell,364697.2782326531,0.28716039130722126
2050,Class 7&8 Vocational,PHEV Diesel,7936.683784521705,0.006249295942897091
2050,Class 7&8 Vocational,PHEV Gasoline,8395.648343112052,0.00661068181032019
