Year,vehicle type,fuel type,Stock,VMT_millions,vehicle category,Fraction
2018,Class 4-6 Vocational,Diesel,2059238.0,37818.89186650094,Diesel Class 4-6 Vocational,0.5887427891632384
2018,Class 4-6 Vocational,Electric,101.0,2.2748445531186356,Electric Class 4-6 Vocational,2.887622591729906e-05
2018,Class 4-6 Vocational,Gasoline,1438348.0,18945.786779504564,Gasoline Class 4-6 Vocational,0.41122833461084424
2018,Class 7&8 Tractor,Diesel,2818447.0,140459.83288787008,Diesel Class 7&8 Tractor,0.9999978711725901
2018,Class 7&8 Tractor,Electric,6.0,0.12861426195261982,Electric Class 7&8 Tractor,2.1288274099301994e-06
2018,Class 7&8 Vocational,Diesel,1957950.0,33450.77402712136,Diesel Class 7&8 Vocational,0.999998978524499
2018,Class 7&8 Vocational,Electric,2.0,0.02143571032543664,Electric Class 7&8 Vocational,1.0214755009315856e-06
2019,Class 4-6 Vocational,Diesel,2106688.246616429,38416.17292370153,Diesel Class 4-6 Vocational,0.5927601803284915
2019,Class 4-6 Vocational,Electric,100.95612903225806,2.0882771176773245,Electric Class 4-6 Vocational,2.8406088725534856e-05
2019,Class 4-6 Vocational,Gasoline,1447242.1180645162,18999.632336666888,Gasoline Class 4-6 Vocational,0.40721141358278296
2019,Class 7&8 Tractor,Diesel,2901534.538297316,143264.01609463242,Diesel Class 7&8 Tractor,0.9999979321329753
2019,Class 7&8 Tractor,Electric,6.0,0.12471969426341911,Electric Class 7&8 Tractor,2.06786702470851e-06
2019,Class 7&8 Vocational,Diesel,1978331.7763517916,33527.25792665719,Diesel Class 7&8 Vocational,0.9999989890482466
2019,Class 7&8 Vocational,Electric,2.0,0.020786615710569854,Electric Class 7&8 Vocational,1.0109517533932837e-06
2020,Class 4-6 Vocational,Diesel,2135934.9953784337,35420.827061629105,Diesel Class 4-6 Vocational,0.5998022401119174
2020,Class 4-6 Vocational,Electric,100.86603288241415,1.7832203338037866,Electric Class 4-6 Vocational,2.8324678702759546e-05
2020,Class 4-6 Vocational,Gasoline,1425029.5240395425,16913.902064250113,Gasoline Class 4-6 Vocational,0.4001694352093798
2020,Class 7&8 Tractor,Diesel,2999421.5752854184,134707.0824920312,Diesel Class 7&8 Tractor,0.9999979996183107
2020,Class 7&8 Tractor,Electric,6.0,0.11140496445935318,Electric Class 7&8 Tractor,2.0003816893058516e-06
2020,Class 7&8 Vocational,Diesel,2008590.6760322535,30833.0045432942,Diesel Class 7&8 Vocational,0.9999990042779585
2020,Class 7&8 Vocational,Electric,2.0,0.018567494076558864,Electric Class 7&8 Vocational,9.957220415394387e-07
2021,Class 4-6 Vocational,Diesel,2189311.182346111,37370.461356435255,Diesel Class 4-6 Vocational,0.6077368967493777
2021,Class 4-6 Vocational,Electric,681.6373859681112,13.987576254343878,Electric Class 4-6 Vocational,0.00018921759181474246
2021,Class 4-6 Vocational,Gasoline,1412406.8273128048,17008.444027746536,Gasoline Class 4-6 Vocational,0.39207388565880763
2021,Class 7&8 Tractor,Diesel,3074634.3042627745,141856.92305530026,Diesel Class 7&8 Tractor,0.9999980535882033
2021,Class 7&8 Tractor,Electric,5.984516129032258,0.11315053187925488,Electric Class 7&8 Tractor,1.9464117968118524e-06
2021,Class 7&8 Vocational,Diesel,2029663.0124777432,31950.419872492766,Diesel Class 7&8 Vocational,0.9997497773158621
2021,Class 7&8 Vocational,Electric,507.9948387096774,4.957599199319475,Electric Class 7&8 Vocational,0.0002502226841379051
2022,Class 4-6 Vocational,Diesel,2246623.237961594,38588.74978090351,Diesel Class 4-6 Vocational,0.6150720127003213
2022,Class 4-6 Vocational,Electric,1299.1503070547174,26.05339491913177,Electric Class 4-6 Vocational,0.0003556764572974855
2022,Class 4-6 Vocational,Gasoline,1404695.8280900365,16809.310515475263,Gasoline Class 4-6 Vocational,0.3845723108423813
2022,Class 7&8 Tractor,Diesel,3150093.0690881913,145582.47879715226,Diesel Class 7&8 Tractor,0.9999981100186817
2022,Class 7&8 Tractor,Electric,5.953628303850156,0.11190822156028055,Electric Class 7&8 Tractor,1.8899813183383775e-06
2022,Class 7&8 Vocational,Diesel,2053203.6374678495,32361.864360504806,Diesel Class 7&8 Vocational,0.9994961712180472
2022,Class 7&8 Vocational,Electric,1034.9845427679502,9.923878097411572,Electric Class 7&8 Vocational,0.000503828781952772
2023,Class 4-6 Vocational,Diesel,2307234.559409638,39526.82727711851,Diesel Class 4-6 Vocational,0.621803238878606
2023,Class 4-6 Vocational,Electric,1955.407888274557,37.803634053690274,Electric Class 4-6 Vocational,0.0005269854134678908
2023,Class 4-6 Vocational,Gasoline,1401364.1359110556,16536.54969665023,Gasoline Class 4-6 Vocational,0.377669775707926
2023,Class 7&8 Tractor,Diesel,3224738.417175665,147794.52501131842,Diesel Class 7&8 Tractor,0.9999981680607506
2023,Class 7&8 Tractor,Electric,5.9075356976268,0.10895827714642403,Electric Class 7&8 Tractor,1.831939249371519e-06
2023,Class 7&8 Vocational,Diesel,2078879.256132618,32525.529676848793,Diesel Class 7&8 Vocational,0.9992400868041929
2023,Class 7&8 Vocational,Electric,1580.9691785658756,14.869054492251692,Electric Class 7&8 Vocational,0.0007599131958071454
2024,Class 4-6 Vocational,Diesel,2368656.8799771583,40380.56207046766,Diesel Class 4-6 Vocational,0.6278744305681347
2024,Class 4-6 Vocational,Electric,2637.4151857962224,49.10310168429735,Electric Class 4-6 Vocational,0.0006991158457570788
2024,Class 4-6 Vocational,Gasoline,1401206.645564747,16313.744396911155,Gasoline Class 4-6 Vocational,0.3714264535861082
2024,Class 7&8 Tractor,Diesel,3295332.7532892227,149334.39849359135,Diesel Class 7&8 Tractor,0.9999982258106392
2024,Class 7&8 Tractor,Electric,5.846554683973879,0.10485919566782467,Electric Class 7&8 Tractor,1.7741893607688199e-06
2024,Class 7&8 Vocational,Diesel,2103748.770721944,32645.432822880597,Diesel Class 7&8 Vocational,0.9989852493743137
2024,Class 7&8 Vocational,Electric,2136.948851561325,19.788675642877337,Electric Class 7&8 Vocational,0.0010147506256864265
2025,Class 4-6 Vocational,Diesel,2431091.073183064,41328.273350426796,Diesel Class 4-6 Vocational,0.6333481564043566
2025,Class 4-6 Vocational,Electric,3343.6798084983466,60.22264150197959,Electric Class 4-6 Vocational,0.0008710958901042511
2025,Class 4-6 Vocational,Gasoline,1404040.2604747298,16153.41799004572,Gasoline Class 4-6 Vocational,0.36578074770553914
2025,Class 7&8 Tractor,Diesel,3362825.24383456,150925.40325774648,Diesel Class 7&8 Tractor,0.9999982838521344
2025,Class 7&8 Tractor,Electric,5.771115268696796,0.09990995635403269,Electric Class 7&8 Tractor,1.7161478656051047e-06
2025,Class 7&8 Vocational,Diesel,2128209.640963888,32844.57183097632,Diesel Class 7&8 Vocational,0.9987335832561471
2025,Class 7&8 Vocational,Electric,2698.6178986379527,24.765800831178144,Electric Class 7&8 Vocational,0.0012664167438529096
2026,Class 4-6 Vocational,Diesel,2495395.0409514685,42237.94386527441,Diesel Class 4-6 Vocational,0.6384463271497052
2026,Class 4-6 Vocational,Electric,4086.3232480051383,71.26784823612793,Electric Class 4-6 Vocational,0.0010454849939272896
2026,Class 4-6 Vocational,Gasoline,1409061.8207726583,16035.334450989245,Gasoline Class 4-6 Vocational,0.3605081878563675
2026,Class 7&8 Tractor,Diesel,3427674.551459231,152009.90608768305,Diesel Class 7&8 Tractor,0.999998342390282
2026,Class 7&8 Tractor,Electric,5.681756064536331,0.09363540927034147,Electric Class 7&8 Tractor,1.657609717930609e-06
2026,Class 7&8 Vocational,Diesel,2152941.4180369987,32979.785367889526,Diesel Class 7&8 Vocational,0.9984541921462899
2026,Class 7&8 Vocational,Electric,3333.1862180128765,30.35344793430488,Electric Class 7&8 Vocational,0.0015458078537100265
2027,Class 4-6 Vocational,Diesel,2556807.2773107328,43078.91839486344,Diesel Class 4-6 Vocational,0.6429620123254771
2027,Class 4-6 Vocational,Electric,4994.169622131089,84.98156686912175,Electric Class 4-6 Vocational,0.0012558871286996605
2027,Class 4-6 Vocational,Gasoline,1414805.6127334202,15952.206736313768,Gasoline Class 4-6 Vocational,0.35578210054582315
2027,Class 7&8 Tractor,Diesel,3483277.3350974233,152451.44263559542,Diesel Class 7&8 Tractor,0.9999983983161782
2027,Class 7&8 Tractor,Electric,5.5791178904672885,0.08625862778208523,Electric Class 7&8 Tractor,1.601683821804669e-06
2027,Class 7&8 Vocational,Diesel,2175004.915046651,33028.09969619027,Diesel Class 7&8 Vocational,0.9979540547604131
2027,Class 7&8 Vocational,Electric,4459.0639526850155,40.4134954683081,Electric Class 7&8 Vocational,0.002045945239586992
2028,Class 4-6 Vocational,Diesel,2613203.4642349933,43992.14702233983,Diesel Class 4-6 Vocational,0.6467253674742132
2028,Class 4-6 Vocational,Electric,7697.175538320234,134.14311376837554,Electric Class 4-6 Vocational,0.0019049257919114841
2028,Class 4-6 Vocational,Gasoline,1419768.8555966655,15986.818196185179,Gasoline Class 4-6 Vocational,0.3513697067338753
2028,Class 7&8 Tractor,Diesel,3528095.3387969434,152964.61430688665,Diesel Class 7&8 Tractor,0.9999984513095268
2028,Class 7&8 Tractor,Electric,5.463936101760868,0.07836674657160193,Electric Class 7&8 Tractor,1.5486904732223713e-06
2028,Class 7&8 Vocational,Diesel,2190937.3633910897,33076.9910239144,Diesel Class 7&8 Vocational,0.9961893364140659
2028,Class 7&8 Vocational,Electric,8380.861874902037,76.38364459763731,Electric Class 7&8 Vocational,0.003810663585933969
2029,Class 4-6 Vocational,Diesel,2651502.4227508577,44606.73832244896,Diesel Class 4-6 Vocational,0.646521265736876
2029,Class 4-6 Vocational,Electric,25119.497113585156,476.45271114828915,Electric Class 4-6 Vocational,0.00612493842328835
2029,Class 4-6 Vocational,Gasoline,1424561.696623089,16136.698433596936,Gasoline Class 4-6 Vocational,0.34735379583983567
2029,Class 7&8 Tractor,Diesel,3563641.1612136024,153560.1404565829,Diesel Class 7&8 Tractor,0.9999945558119184
2029,Class 7&8 Tractor,Electric,19.401238361048907,0.3317992001021377,Electric Class 7&8 Tractor,5.444188081622442e-06
2029,Class 7&8 Vocational,Diesel,2191483.4823259083,32890.569491371636,Diesel Class 7&8 Vocational,0.9889779620128766
2029,Class 7&8 Vocational,Electric,24423.81440046207,224.71149443807175,Electric Class 7&8 Vocational,0.011022037987123442
2030,Class 4-6 Vocational,Diesel,2631818.7036497258,43820.73394862008,Diesel Class 4-6 Vocational,0.63222157723685
2030,Class 4-6 Vocational,Electric,100273.9020637272,1991.2027714748917,Electric Class 4-6 Vocational,0.02408802871964864
2030,Class 4-6 Vocational,Gasoline,1430718.0265212073,16487.068327512177,Gasoline Class 4-6 Vocational,0.3436903940435014
2030,Class 7&8 Tractor,Diesel,3592174.944262367,154213.4228581009,Diesel Class 7&8 Tractor,0.999617638446412
2030,Class 7&8 Tractor,Electric,1374.034970594081,25.68435447592471,Electric Class 7&8 Tractor,0.0003823615535879984
2030,Class 7&8 Vocational,Diesel,2166458.2380450373,32147.186882859918,Diesel Class 7&8 Vocational,0.9709275331994017
2030,Class 7&8 Vocational,Electric,64870.222593133265,600.3248725696106,Electric Class 7&8 Vocational,0.029072466800598273
2031,Class 4-6 Vocational,Diesel,2591401.656491419,42613.075273123504,Diesel Class 4-6 Vocational,0.6140112671904825
2031,Class 4-6 Vocational,Electric,193444.76728575927,3861.790350617205,Electric Class 4-6 Vocational,0.04583514346182573
2031,Class 4-6 Vocational,Gasoline,1435599.9995414643,16893.79081669724,Gasoline Class 4-6 Vocational,0.34015358934769185
2031,Class 7&8 Tractor,Diesel,3615764.6436618967,154980.21701325374,Diesel Class 7&8 Tractor,0.9991371517060168
2031,Class 7&8 Tractor,Electric,3122.5506417223723,58.32096364289559,Electric Class 7&8 Tractor,0.0008628482939831572
2031,Class 7&8 Vocational,Diesel,2126364.10825406,31061.962586153364,Diesel Class 7&8 Vocational,0.9471979966818372
2031,Class 7&8 Vocational,Electric,118535.17964878718,1101.4553923578642,Electric Class 7&8 Vocational,0.05280200331816268
2032,Class 4-6 Vocational,Diesel,2534058.674180173,41051.88492723295,Diesel Class 4-6 Vocational,0.5923635380780525
2032,Class 4-6 Vocational,Electric,302042.0233069652,6055.194662721701,Electric Class 4-6 Vocational,0.07060557965661624
2032,Class 4-6 Vocational,Gasoline,1441776.8410292077,17378.458159328307,Gasoline Class 4-6 Vocational,0.3370308822653313
2032,Class 7&8 Tractor,Diesel,3632081.1524354476,155699.92945618997,Diesel Class 7&8 Tractor,0.9985660872867099
2032,Class 7&8 Tractor,Electric,5215.56600658205,97.90514549841913,Electric Class 7&8 Tractor,0.0014339127132900072
2032,Class 7&8 Vocational,Diesel,2083372.767947633,29930.84795938324,Diesel Class 7&8 Vocational,0.9236172504575055
2032,Class 7&8 Vocational,Electric,172294.0322508832,1610.4036493019232,Electric Class 7&8 Vocational,0.07638274954249448
2033,Class 4-6 Vocational,Diesel,2460987.8771344703,39207.43321465843,Diesel Class 4-6 Vocational,0.5685944346447099
2033,Class 4-6 Vocational,Electric,421173.264182343,8473.90061713053,Electric Class 4-6 Vocational,0.09730920507990018
2033,Class 4-6 Vocational,Gasoline,1446034.3653314987,17890.237782119984,Gasoline Class 4-6 Vocational,0.3340963602753901
2033,Class 7&8 Tractor,Diesel,3642598.9401490088,156380.82991027206,Diesel Class 7&8 Tractor,0.9985448247667211
2033,Class 7&8 Tractor,Electric,5308.344333676842,99.51157474969017,Electric Class 7&8 Tractor,0.0014551752332788868
2033,Class 7&8 Vocational,Diesel,2037024.9853053195,28769.329434988325,Diesel Class 7&8 Vocational,0.8998644336867804
2033,Class 7&8 Vocational,Electric,226677.08919444392,2135.7423079965233,Electric Class 7&8 Vocational,0.10013556631321963
2034,Class 4-6 Vocational,Diesel,2369682.540964307,36963.08705656773,Diesel Class 4-6 Vocational,0.5415722752845304
2034,Class 4-6 Vocational,Electric,555379.7129358237,11239.482681893665,Electric Class 4-6 Vocational,0.1269276578537504
2034,Class 4-6 Vocational,Gasoline,1450498.7729624915,18461.064430456077,Gasoline Class 4-6 Vocational,0.33150006686171907
2034,Class 7&8 Tractor,Diesel,3644490.936713008,156977.26578709774,Diesel Class 7&8 Tractor,0.9982910308015361
2034,Class 7&8 Tractor,Electric,6238.9849880974,118.50606096162467,Electric Class 7&8 Tractor,0.0017089691984638136
2034,Class 7&8 Vocational,Diesel,1985276.9762284167,27605.278973350418,Diesel Class 7&8 Vocational,0.875121562715718
2034,Class 7&8 Vocational,Electric,283295.8264661173,2695.3546336804657,Electric Class 7&8 Vocational,0.12487843728428204
2035,Class 4-6 Vocational,Diesel,2269844.4326613396,34544.568041462575,Diesel Class 4-6 Vocational,0.5129732862793053
2035,Class 4-6 Vocational,Electric,697523.6736005411,14194.531793050766,Electric Class 4-6 Vocational,0.1576367992254685
2035,Class 4-6 Vocational,Gasoline,1457510.3296601172,19063.629538749745,Gasoline Class 4-6 Vocational,0.3293899144952262
2035,Class 7&8 Tractor,Diesel,3642069.8466502097,157490.3106656296,Diesel Class 7&8 Tractor,0.9973725611385854
2035,Class 7&8 Tractor,Electric,9594.524878597844,186.09168459042826,Electric Class 7&8 Tractor,0.0026274388614145818
2035,Class 7&8 Vocational,Diesel,1930446.359159527,26458.197203624357,Diesel Class 7&8 Vocational,0.8496512295920142
2035,Class 7&8 Vocational,Electric,341599.26606305887,3286.8199862650663,Electric Class 7&8 Vocational,0.15034877040798567
2036,Class 4-6 Vocational,Diesel,2165271.660933472,32033.525583764258,Diesel Class 4-6 Vocational,0.4837295581734639
2036,Class 4-6 Vocational,Electric,845103.2589785272,17278.160030964307,Electric Class 4-6 Vocational,0.18879913936544973
2036,Class 4-6 Vocational,Gasoline,1465828.0003921026,19675.03199667037,Gasoline Class 4-6 Vocational,0.32747130246108636
2036,Class 7&8 Tractor,Diesel,3635097.143887048,157880.2587356687,Diesel Class 7&8 Tractor,0.9949268822354578
2036,Class 7&8 Tractor,Electric,18535.307695230196,366.89124044074975,Electric Class 7&8 Tractor,0.005073117764542274
2036,Class 7&8 Vocational,Diesel,1867692.844156707,25206.884800435397,Diesel Class 7&8 Vocational,0.8211102686543572
2036,Class 7&8 Vocational,Electric,406901.5866467207,3968.192608356354,Electric Class 7&8 Vocational,0.17888973134564293
2037,Class 4-6 Vocational,Diesel,2058864.0369517591,29544.698297228817,Diesel Class 4-6 Vocational,0.45444991996688894
2037,Class 4-6 Vocational,Electric,995648.5202097825,20416.851913723312,Electric Class 4-6 Vocational,0.21976797991692196
2037,Class 4-6 Vocational,Gasoline,1475940.5169676547,20347.578728379034,Gasoline Class 4-6 Vocational,0.3257821001161892
2037,Class 7&8 Tractor,Diesel,3619576.3817143203,158243.78754467418,Diesel Class 7&8 Tractor,0.9903326316258767
2037,Class 7&8 Tractor,Electric,35333.35883607193,712.3981009938243,Electric Class 7&8 Tractor,0.009667368374123264
2037,Class 7&8 Vocational,Diesel,1800206.0253172966,23933.38220575105,Diesel Class 7&8 Vocational,0.7909127665949104
2037,Class 7&8 Vocational,Electric,475905.95738297247,4712.980321606652,Electric Class 7&8 Vocational,0.2090872334050896
2038,Class 4-6 Vocational,Diesel,1950932.217910569,27100.17713328492,Diesel Class 4-6 Vocational,0.42553575477073
2038,Class 4-6 Vocational,Electric,1146798.014901085,23515.958127816943,Electric Class 4-6 Vocational,0.2501386539011363
2038,Class 4-6 Vocational,Gasoline,1486919.1087265003,20973.152515130692,Gasoline Class 4-6 Vocational,0.3243255913281336
2038,Class 7&8 Tractor,Diesel,3596724.540755584,158426.0639433278,Diesel Class 7&8 Tractor,0.9840927579955742
2038,Class 7&8 Tractor,Electric,58138.79558426116,1193.0271963080859,Electric Class 7&8 Tractor,0.015907242004425844
2038,Class 7&8 Vocational,Diesel,1730097.351236978,22659.021247778604,Diesel Class 7&8 Vocational,0.7603354640625866
2038,Class 7&8 Vocational,Electric,545342.1527851127,5484.656007637135,Electric Class 7&8 Vocational,0.23966453593741352
2039,Class 4-6 Vocational,Diesel,1840457.9188352297,24737.32218584706,Diesel Class 4-6 Vocational,0.39667350749828406
2039,Class 4-6 Vocational,Electric,1299116.6592788412,26583.61157036639,Electric Class 4-6 Vocational,0.27999833987604833
2039,Class 4-6 Vocational,Gasoline,1500155.2854770618,21654.790529798945,Gasoline Class 4-6 Vocational,0.3233281526256676
2039,Class 7&8 Tractor,Diesel,3555940.307265195,158198.84725332176,Diesel Class 7&8 Tractor,0.9742152184605088
2039,Class 7&8 Tractor,Electric,94115.90196178062,1977.624436738637,Electric Class 7&8 Tractor,0.025784781539491108
2039,Class 7&8 Vocational,Diesel,1655914.6268218858,21450.60961542512,Diesel Class 7&8 Vocational,0.7289978828559072
2039,Class 7&8 Vocational,Electric,615579.7982849588,6300.204793560466,Electric Class 7&8 Vocational,0.2710021171440928
2040,Class 4-6 Vocational,Diesel,1727721.171633366,22453.172189864552,Diesel Class 4-6 Vocational,0.3680633929519258
2040,Class 4-6 Vocational,Electric,1452841.5480543075,29605.80317375563,Electric Class 4-6 Vocational,0.30950468071932136
2040,Class 4-6 Vocational,Gasoline,1513523.1489904714,22318.937938167852,Gasoline Class 4-6 Vocational,0.32243192632875284
2040,Class 7&8 Tractor,Diesel,3497641.9257353134,157476.34242209262,Diesel Class 7&8 Tractor,0.960332226168331
2040,Class 7&8 Tractor,Electric,144474.6568672494,3123.4960467049787,Electric Class 7&8 Tractor,0.039667773831668925
2040,Class 7&8 Vocational,Diesel,1579194.3913577218,20330.226861992418,Diesel Class 7&8 Vocational,0.6972052007041247
2040,Class 7&8 Vocational,Electric,685840.9092436712,7161.90747235193,Electric Class 7&8 Vocational,0.3027947992958752
2041,Class 4-6 Vocational,Diesel,1613734.6534531023,20307.268888771177,Diesel Class 4-6 Vocational,0.33988806237056307
2041,Class 4-6 Vocational,Electric,1605677.680772008,32563.476582291885,Electric Class 4-6 Vocational,0.3381910864598767
2041,Class 4-6 Vocational,Gasoline,1528429.1821789797,23000.275799311057,Gasoline Class 4-6 Vocational,0.3219208511695601
2041,Class 7&8 Tractor,Diesel,3427175.4574516285,156594.90734827437,Diesel Class 7&8 Tractor,0.9451085612937205
2041,Class 7&8 Tractor,Electric,199048.65881318267,4428.154619596301,Electric Class 7&8 Tractor,0.05489143870627956
2041,Class 7&8 Vocational,Diesel,1499994.7848188737,19292.650843947722,Diesel Class 7&8 Vocational,0.6653658544457172
2041,Class 7&8 Vocational,Electric,754396.2014279995,8031.59200726904,Electric Class 7&8 Vocational,0.3346341455542829
2042,Class 4-6 Vocational,Diesel,1501942.396366037,18310.704216101363,Diesel Class 4-6 Vocational,0.31259135495656637
2042,Class 4-6 Vocational,Electric,1757591.5270781396,35427.09563702691,Electric Class 4-6 Vocational,0.3657982611309419
2042,Class 4-6 Vocational,Gasoline,1545277.1263518976,23682.8592670542,Gasoline Class 4-6 Vocational,0.32161038391249164
2042,Class 7&8 Tractor,Diesel,3350367.7028116575,155293.95759054233,Diesel Class 7&8 Tractor,0.926738106764668
2042,Class 7&8 Tractor,Electric,264858.30155338807,6093.395663923698,Electric Class 7&8 Tractor,0.07326189323533205
2042,Class 7&8 Vocational,Diesel,1423376.26094819,18361.96252183826,Diesel Class 7&8 Vocational,0.6341342387683188
2042,Class 7&8 Vocational,Electric,821221.4502758858,8928.700141884327,Electric Class 7&8 Vocational,0.36586576123168113
2043,Class 4-6 Vocational,Diesel,1397797.7870563678,16499.930292660207,Diesel Class 4-6 Vocational,0.2868864832695745
2043,Class 4-6 Vocational,Electric,1908889.4789384068,38165.44297534957,Electric Class 4-6 Vocational,0.391783843581694
2043,Class 4-6 Vocational,Gasoline,1565615.4341046207,24361.47373386672,Gasoline Class 4-6 Vocational,0.3213296731487315
2043,Class 7&8 Tractor,Diesel,3269425.1643891265,153572.96123038183,Diesel Class 7&8 Tractor,0.9066187041938001
2043,Class 7&8 Tractor,Electric,336749.23865986435,8015.950920037263,Electric Class 7&8 Tractor,0.09338129580619996
2043,Class 7&8 Vocational,Diesel,1348927.9328178603,17480.025321359175,Diesel Class 7&8 Vocational,0.6034649345505804
2043,Class 7&8 Vocational,Electric,886376.648420899,9829.809583566359,Electric Class 7&8 Vocational,0.39653506544941963
2044,Class 4-6 Vocational,Diesel,1300995.8529526643,14881.785176673779,Diesel Class 4-6 Vocational,0.26293916621255486
2044,Class 4-6 Vocational,Electric,2058518.4236887542,40761.33691516498,Electric Class 4-6 Vocational,0.4160390801626923
2044,Class 4-6 Vocational,Gasoline,1588382.4999877615,25027.137684405898,Gasoline Class 4-6 Vocational,0.3210217536247529
2044,Class 7&8 Tractor,Diesel,3186500.873283242,151502.7654286133,Diesel Class 7&8 Tractor,0.8853772971722185
2044,Class 7&8 Tractor,Electric,412530.72992198716,10158.506451460671,Electric Class 7&8 Tractor,0.11462270282778154
2044,Class 7&8 Vocational,Diesel,1276818.6362416823,16617.408786197448,Diesel Class 7&8 Vocational,0.5735422185702637
2044,Class 7&8 Vocational,Electric,949379.531740718,10722.414750960543,Electric Class 7&8 Vocational,0.4264577814297364
2045,Class 4-6 Vocational,Diesel,1208825.7788835072,13430.911424053083,Diesel Class 4-6 Vocational,0.24050919807157012
2045,Class 4-6 Vocational,Electric,2206002.6761776125,43216.360077663034,Electric Class 4-6 Vocational,0.43890852086332355
2045,Class 4-6 Vocational,Gasoline,1611281.9331319665,25660.149151401223,Gasoline Class 4-6 Vocational,0.3205822810651063
2045,Class 7&8 Tractor,Diesel,3093685.360739034,148761.8455042157,Diesel Class 7&8 Tractor,0.8613015906949153
2045,Class 7&8 Tractor,Electric,498186.9801015151,12727.570864930398,Electric Class 7&8 Tractor,0.13869840930508467
2045,Class 7&8 Vocational,Diesel,1205795.3919944153,15806.377365605285,Diesel Class 7&8 Vocational,0.5442034245635456
2045,Class 7&8 Vocational,Electric,1009911.7086389008,11634.629887668263,Electric Class 7&8 Vocational,0.4557965754364543
2046,Class 4-6 Vocational,Diesel,1119446.1671298284,12138.950941321427,Diesel Class 4-6 Vocational,0.21928151754574027
2046,Class 4-6 Vocational,Electric,2351507.8775447067,45606.302204646236,Electric Class 4-6 Vocational,0.4606226105814735
2046,Class 4-6 Vocational,Gasoline,1634109.891670767,26292.76309820245,Gasoline Class 4-6 Vocational,0.3200958718727861
2046,Class 7&8 Tractor,Diesel,2991165.152198687,145642.77283094524,Diesel Class 7&8 Tractor,0.8353609975670625
2046,Class 7&8 Tractor,Electric,589520.5165245016,15646.22477874991,Electric Class 7&8 Tractor,0.16463900243293753
2046,Class 7&8 Vocational,Diesel,1134715.8304460023,15021.372416929726,Diesel Class 7&8 Vocational,0.5151494025923511
2046,Class 7&8 Vocational,Electric,1067976.8733324541,12569.304764559292,Electric Class 7&8 Vocational,0.48485059740764896
2047,Class 4-6 Vocational,Diesel,1035269.1086569863,10992.686174093169,Diesel Class 4-6 Vocational,0.19965598202335358
2047,Class 4-6 Vocational,Electric,2493548.7943873685,47812.713113633596,Electric Class 4-6 Vocational,0.4808913248772613
2047,Class 4-6 Vocational,Gasoline,1656446.7615319956,26851.6521706397,Gasoline Class 4-6 Vocational,0.3194526930993853
2047,Class 7&8 Tractor,Diesel,2878223.4913191777,141624.71714583968,Diesel Class 7&8 Tractor,0.8072037868388001
2047,Class 7&8 Tractor,Electric,687447.9515651253,18957.026257281064,Electric Class 7&8 Tractor,0.1927962131611999
2047,Class 7&8 Vocational,Diesel,1063387.5559196798,14240.779450339955,Diesel Class 7&8 Vocational,0.4864143800506072
2047,Class 7&8 Vocational,Electric,1122788.6747440672,13511.227380653274,Electric Class 7&8 Vocational,0.5135856199493928
2048,Class 4-6 Vocational,Diesel,956042.2607380386,9986.920980765924,Diesel Class 4-6 Vocational,0.18156600487364646
2048,Class 4-6 Vocational,Electric,2631573.4040993135,49846.818822443405,Electric Class 4-6 Vocational,0.49977316812878386
2048,Class 4-6 Vocational,Gasoline,1677919.9259432997,27340.826713378305,Gasoline Class 4-6 Vocational,0.3186608269975698
2048,Class 7&8 Tractor,Diesel,2759061.107772051,136857.09831034672,Diesel Class 7&8 Tractor,0.7777297599613185
2048,Class 7&8 Tractor,Electric,788522.1914825342,22581.517871768014,Electric Class 7&8 Tractor,0.22227024003868145
2048,Class 7&8 Vocational,Diesel,992072.5192974753,13449.948778748985,Diesel Class 7&8 Vocational,0.45798524273366165
2048,Class 7&8 Vocational,Electric,1174094.4807043318,14457.081909466417,Electric Class 7&8 Vocational,0.5420147572663383
2049,Class 4-6 Vocational,Diesel,880365.4412729479,9126.48600944376,Diesel Class 4-6 Vocational,0.16458837458871486
2049,Class 4-6 Vocational,Electric,2768647.182443102,51945.26530137308,Electric Class 4-6 Vocational,0.5176113443401901
2049,Class 4-6 Vocational,Gasoline,1699879.383224706,27909.106492416693,Gasoline Class 4-6 Vocational,0.31780028107109504
2049,Class 7&8 Tractor,Diesel,2634009.0300486702,131956.3420331547,Diesel Class 7&8 Tractor,0.7467866409771184
2049,Class 7&8 Tractor,Electric,893114.8973454408,26621.99950515162,Electric Class 7&8 Tractor,0.2532133590228815
2049,Class 7&8 Vocational,Diesel,920295.6340650376,12685.982867370583,Diesel Class 7&8 Vocational,0.42938068401199464
2049,Class 7&8 Vocational,Electric,1223013.7143343643,15459.553392078124,Electric Class 7&8 Vocational,0.5706193159880055
2050,Class 4-6 Vocational,Diesel,807967.6860112798,8355.767770909732,Diesel Class 4-6 Vocational,0.14864302435041002
2050,Class 4-6 Vocational,Electric,2906267.232730297,54165.29796854231,Electric Class 4-6 Vocational,0.5346703321467948
2050,Class 4-6 Vocational,Gasoline,1721389.7231964297,28528.222783486057,Gasoline Class 4-6 Vocational,0.3166866435027951
2050,Class 7&8 Tractor,Diesel,2503384.5322272982,126853.34542774415,Diesel Class 7&8 Tractor,0.714222296020696
2050,Class 7&8 Tractor,Electric,1001665.0107160625,31106.207824630816,Electric Class 7&8 Tractor,0.28577770397930397
2050,Class 7&8 Vocational,Diesel,848337.6080073428,11948.030753946396,Diesel Class 7&8 Vocational,0.40047092134650825
2050,Class 7&8 Vocational,Electric,1270012.4713316686,16509.438745196127,Electric Class 7&8 Vocational,0.5995290786534917
