Year,vehicle type,Powertrain,Stock,EV_fraction
2018,Class 4-6 Vocational,Battery Electric,101.0,1.0
2018,Class 4-6 Vocational,H2 Fuel Cell,0.0,0.0
2018,Class 4-6 Vocational,PHEV Diesel,0.0,0.0
2018,Class 4-6 Vocational,PHEV Gasoline,0.0,0.0
2018,Class 7&8 Tractor,Battery Electric,6.0,1.0
2018,Class 7&8 Tractor,H2 Fuel Cell,0.0,0.0
2018,Class 7&8 Tractor,PHEV Diesel,0.0,0.0
2018,Class 7&8 Tractor,PHEV Gasoline,0.0,0.0
2018,Class 7&8 Vocational,Battery Electric,2.0,1.0
2018,Class 7&8 Vocational,H2 Fuel Cell,0.0,0.0
2018,Class 7&8 Vocational,PHEV Diesel,0.0,0.0
2018,Class 7&8 Vocational,PHEV Gasoline,0.0,0.0
2019,Class 4-6 Vocational,Battery Electric,100.95612903225806,1.0
2019,Class 4-6 Vocational,H2 Fuel Cell,0.0,0.0
2019,Class 4-6 Vocational,PHEV Diesel,0.0,0.0
2019,Class 4-6 Vocational,PHEV Gasoline,0.0,0.0
2019,Class 7&8 Tractor,Battery Electric,6.0,1.0
2019,Class 7&8 Tractor,H2 Fuel Cell,0.0,0.0
2019,Class 7&8 Tractor,PHEV Diesel,0.0,0.0
2019,Class 7&8 Tractor,PHEV Gasoline,0.0,0.0
2019,Class 7&8 Vocational,Battery Electric,2.0,1.0
2019,Class 7&8 Vocational,H2 Fuel Cell,0.0,0.0
2019,Class 7&8 Vocational,PHEV Diesel,0.0,0.0
2019,Class 7&8 Vocational,PHEV Gasoline,0.0,0.0
2020,Class 4-6 Vocational,Battery Electric,100.86603288241415,1.0
2020,Class 4-6 Vocational,H2 Fuel Cell,0.0,0.0
2020,Class 4-6 Vocational,PHEV Diesel,0.0,0.0
2020,Class 4-6 Vocational,PHEV Gasoline,0.0,0.0
2020,Class 7&8 Tractor,Battery Electric,6.0,1.0
2020,Class 7&8 Tractor,H2 Fuel Cell,0.0,0.0
2020,Class 7&8 Tractor,PHEV Diesel,0.0,0.0
2020,Class 7&8 Tractor,PHEV Gasoline,0.0,0.0
2020,Class 7&8 Vocational,Battery Electric,2.0,1.0
2020,Class 7&8 Vocational,H2 Fuel Cell,0.0,0.0
2020,Class 7&8 Vocational,PHEV Diesel,0.0,0.0
2020,Class 7&8 Vocational,PHEV Gasoline,0.0,0.0
2021,Class 4-6 Vocational,Battery Electric,100.63738596811118,0.14764064888427242
2021,Class 4-6 Vocational,H2 Fuel Cell,0.0,0.0
2021,Class 4-6 Vocational,PHEV Diesel,316.0,0.46358959544332173
2021,Class 4-6 Vocational,PHEV Gasoline,265.0,0.38876975567240585
2021,Class 7&8 Tractor,Battery Electric,5.984516129032258,1.0
2021,Class 7&8 Tractor,H2 Fuel Cell,0.0,0.0
2021,Class 7&8 Tractor,PHEV Diesel,0.0,0.0
2021,Class 7&8 Tractor,PHEV Gasoline,0.0,0.0
2021,Class 7&8 Vocational,Battery Electric,1.9948387096774194,0.003926887750955052
2021,Class 7&8 Vocational,H2 Fuel Cell,0.0,0.0
2021,Class 7&8 Vocational,PHEV Diesel,246.00000000000003,0.484256888563765
2021,Class 7&8 Vocational,PHEV Gasoline,260.0,0.51181622368528
2022,Class 4-6 Vocational,Battery Electric,100.15030705471742,0.07708908392729903
2022,Class 4-6 Vocational,H2 Fuel Cell,0.0,0.0
2022,Class 4-6 Vocational,PHEV Diesel,653.0,0.5026362203465169
2022,Class 4-6 Vocational,PHEV Gasoline,546.0,0.4202746957261841
2022,Class 7&8 Tractor,Battery Electric,5.953628303850156,1.0
2022,Class 7&8 Tractor,H2 Fuel Cell,0.0,0.0
2022,Class 7&8 Tractor,PHEV Diesel,0.0,0.0
2022,Class 7&8 Tractor,PHEV Gasoline,0.0,0.0
2022,Class 7&8 Vocational,Battery Electric,1.984542767950052,0.0019174612624094024
2022,Class 7&8 Vocational,H2 Fuel Cell,0.0,0.0
2022,Class 7&8 Vocational,PHEV Diesel,502.0,0.4850313983022947
2022,Class 7&8 Vocational,PHEV Gasoline,531.0,0.5130511404352958
2023,Class 4-6 Vocational,Battery Electric,99.40788827455694,0.050837418050038656
2023,Class 4-6 Vocational,H2 Fuel Cell,0.0,0.0
2023,Class 4-6 Vocational,PHEV Diesel,1011.0,0.5170276779910619
2023,Class 4-6 Vocational,PHEV Gasoline,845.0,0.4321349039588994
2023,Class 7&8 Tractor,Battery Electric,5.9075356976268,1.0
2023,Class 7&8 Tractor,H2 Fuel Cell,0.0,0.0
2023,Class 7&8 Tractor,PHEV Diesel,0.0,0.0
2023,Class 7&8 Tractor,PHEV Gasoline,0.0,0.0
2023,Class 7&8 Vocational,Battery Electric,1.9691785658756,0.0012455515215431814
2023,Class 7&8 Vocational,H2 Fuel Cell,0.0,0.0
2023,Class 7&8 Vocational,PHEV Diesel,767.0,0.48514544774096036
2023,Class 7&8 Vocational,PHEV Gasoline,812.0,0.5136090007374965
2024,Class 4-6 Vocational,Battery Electric,98.41518579622229,0.03731501446045979
2024,Class 4-6 Vocational,H2 Fuel Cell,0.0,0.0
2024,Class 4-6 Vocational,PHEV Diesel,1383.0,0.5243770519894384
2024,Class 4-6 Vocational,PHEV Gasoline,1156.0,0.4383079335501018
2024,Class 7&8 Tractor,Battery Electric,5.846554683973879,1.0
2024,Class 7&8 Tractor,H2 Fuel Cell,0.0,0.0
2024,Class 7&8 Tractor,PHEV Diesel,0.0,0.0
2024,Class 7&8 Tractor,PHEV Gasoline,0.0,0.0
2024,Class 7&8 Vocational,Battery Electric,1.9488515613246262,0.0009119785716446753
2024,Class 7&8 Vocational,H2 Fuel Cell,0.0,0.0
2024,Class 7&8 Vocational,PHEV Diesel,1037.0,0.48527132469377254
2024,Class 7&8 Vocational,PHEV Gasoline,1098.0,0.5138166967345827
2025,Class 4-6 Vocational,Battery Electric,97.17916333705621,0.02906353745058489
2025,Class 4-6 Vocational,H2 Fuel Cell,0.0,0.0
2025,Class 4-6 Vocational,PHEV Diesel,1768.1845161290323,0.5288139467286874
2025,Class 4-6 Vocational,PHEV Gasoline,1478.316129032258,0.4421225158207277
2025,Class 7&8 Tractor,Battery Electric,5.771115268696796,1.0
2025,Class 7&8 Tractor,H2 Fuel Cell,0.0,0.0
2025,Class 7&8 Tractor,PHEV Diesel,0.0,0.0
2025,Class 7&8 Tractor,PHEV Gasoline,0.0,0.0
2025,Class 7&8 Vocational,Battery Electric,1.923705089565599,0.000712848265972197
2025,Class 7&8 Vocational,H2 Fuel Cell,0.0,0.0
2025,Class 7&8 Vocational,PHEV Diesel,1310.3651612903227,0.48556898772208196
2025,Class 7&8 Vocational,PHEV Gasoline,1386.3290322580644,0.5137181640119458
2026,Class 4-6 Vocational,Battery Electric,102.02182587394834,0.02498124587530401
2026,Class 4-6 Vocational,H2 Fuel Cell,0.0,0.0
2026,Class 4-6 Vocational,PHEV Diesel,2168.6880799167534,0.5310288233635264
2026,Class 4-6 Vocational,PHEV Gasoline,1813.2267554630594,0.44398993076116955
2026,Class 7&8 Tractor,Battery Electric,5.681756064536331,1.0
2026,Class 7&8 Tractor,H2 Fuel Cell,0.0,0.0
2026,Class 7&8 Tractor,PHEV Diesel,0.0,0.0
2026,Class 7&8 Tractor,PHEV Gasoline,0.0,0.0
2026,Class 7&8 Vocational,Battery Electric,32.61082691384035,0.009881050273395569
2026,Class 7&8 Vocational,H2 Fuel Cell,0.0,0.0
2026,Class 7&8 Vocational,PHEV Diesel,1588.4381152965661,0.48129527395583405
2026,Class 7&8 Vocational,PHEV Gasoline,1679.2912049947972,0.5088236757707704
2027,Class 4-6 Vocational,Battery Electric,248.0223037619927,0.049827719744591464
2027,Class 4-6 Vocational,H2 Fuel Cell,0.0,0.0
2027,Class 4-6 Vocational,PHEV Diesel,2575.601798840187,0.5174388055415721
2027,Class 4-6 Vocational,PHEV Gasoline,2153.9728059722734,0.43273347471383644
2027,Class 7&8 Tractor,Battery Electric,5.5791178904672885,1.0
2027,Class 7&8 Tractor,H2 Fuel Cell,0.0,0.0
2027,Class 7&8 Tractor,PHEV Diesel,0.0,0.0
2027,Class 7&8 Tractor,PHEV Gasoline,0.0,0.0
2027,Class 7&8 Vocational,Battery Electric,377.52233102470603,0.08962502311939982
2027,Class 7&8 Vocational,H2 Fuel Cell,0.0,0.0
2027,Class 7&8 Vocational,PHEV Diesel,1864.5465669325636,0.44264938901744716
2027,Class 7&8 Vocational,PHEV Gasoline,1970.1735973307375,0.46772558786315294
2028,Class 4-6 Vocational,Battery Electric,2466.169598376643,0.3101340637635639
2028,Class 4-6 Vocational,H2 Fuel Cell,0.0,0.0
2028,Class 4-6 Vocational,PHEV Diesel,2986.998290502389,0.3756310672624087
2028,Class 4-6 Vocational,PHEV Gasoline,2498.7789835444064,0.3142348689740274
2028,Class 7&8 Tractor,Battery Electric,5.463936101760868,1.0
2028,Class 7&8 Tractor,H2 Fuel Cell,0.0,0.0
2028,Class 7&8 Tractor,PHEV Diesel,0.0,0.0
2028,Class 7&8 Tractor,PHEV Gasoline,0.0,0.0
2028,Class 7&8 Vocational,Battery Electric,3022.1759399672246,0.40755074342472664
2028,Class 7&8 Vocational,H2 Fuel Cell,0.0,0.0
2028,Class 7&8 Vocational,PHEV Diesel,2136.0187410348394,0.2880494197460054
2028,Class 7&8 Vocational,PHEV Gasoline,2257.2645930291983,0.304399836829268
2029,Class 4-6 Vocational,Battery Electric,18504.75440467596,0.7471369750191506
2029,Class 4-6 Vocational,H2 Fuel Cell,0.0,0.0
2029,Class 4-6 Vocational,PHEV Diesel,3409.9386813327483,0.13767765924674824
2029,Class 4-6 Vocational,PHEV Gasoline,2852.8596163610905,0.11518536573410114
2029,Class 7&8 Tractor,Battery Electric,5.33703177939739,1.0
2029,Class 7&8 Tractor,H2 Fuel Cell,0.0,0.0
2029,Class 7&8 Tractor,PHEV Diesel,0.0,0.0
2029,Class 7&8 Tractor,PHEV Gasoline,0.0,0.0
2029,Class 7&8 Vocational,Battery Electric,15769.62565698187,0.7609471276274389
2029,Class 7&8 Vocational,H2 Fuel Cell,0.0,0.0
2029,Class 7&8 Vocational,PHEV Diesel,2408.1910627437014,0.11620479216395109
2029,Class 7&8 Vocational,PHEV Gasoline,2545.864446073781,0.12284808020861009
2030,Class 4-6 Vocational,Battery Electric,82606.60916682956,0.9212444595997181
2030,Class 4-6 Vocational,H2 Fuel Cell,0.0,0.0
2030,Class 4-6 Vocational,PHEV Diesel,3844.47185726838,0.04287427403590477
2030,Class 4-6 Vocational,PHEV Gasoline,3217.4193462839207,0.035881266364377135
2030,Class 7&8 Tractor,Battery Electric,5.199301927025845,1.0
2030,Class 7&8 Tractor,H2 Fuel Cell,0.0,0.0
2030,Class 7&8 Tractor,PHEV Diesel,0.0,0.0
2030,Class 7&8 Tractor,PHEV Gasoline,0.0,0.0
2030,Class 7&8 Vocational,Battery Electric,52397.24205566327,0.9047589115714443
2030,Class 7&8 Vocational,H2 Fuel Cell,0.0,0.0
2030,Class 7&8 Vocational,PHEV Diesel,2681.407966943101,0.04630067649501843
2030,Class 7&8 Vocational,PHEV Gasoline,2834.2827880319023,0.04894041193353725
2031,Class 4-6 Vocational,Battery Electric,162648.35814724906,0.9537999813903072
2031,Class 4-6 Vocational,H2 Fuel Cell,0.0,0.0
2031,Class 4-6 Vocational,PHEV Diesel,4288.662047777499,0.025149505521944795
2031,Class 4-6 Vocational,PHEV Gasoline,3589.674416735308,0.021050513087748052
2031,Class 7&8 Tractor,Battery Electric,5.051708840065112,1.0
2031,Class 7&8 Tractor,H2 Fuel Cell,0.0,0.0
2031,Class 7&8 Tractor,PHEV Diesel,0.0,0.0
2031,Class 7&8 Tractor,PHEV Gasoline,0.0,0.0
2031,Class 7&8 Vocational,Battery Electric,96421.69872595966,0.9407123478433684
2031,Class 7&8 Vocational,H2 Fuel Cell,0.0,0.0
2031,Class 7&8 Vocational,PHEV Diesel,2954.042181135112,0.028820317341036333
2031,Class 7&8 Vocational,PHEV Gasoline,3122.8591665742715,0.030467334815595257
2032,Class 4-6 Vocational,Battery Electric,253434.3414749608,0.9667797132797801
2032,Class 4-6 Vocational,H2 Fuel Cell,1.7409008856157806e-11,6.641040236492283e-17
2032,Class 4-6 Vocational,PHEV Diesel,4740.598119640075,0.018084029434239503
2032,Class 4-6 Vocational,PHEV Gasoline,3967.86087355341,0.015136257285980413
2032,Class 7&8 Tractor,Battery Electric,4.895268824372774,1.0
2032,Class 7&8 Tractor,H2 Fuel Cell,0.0,0.0
2032,Class 7&8 Tractor,PHEV Diesel,0.0,0.0
2032,Class 7&8 Tractor,PHEV Gasoline,0.0,0.0
2032,Class 7&8 Vocational,Battery Electric,145355.3506194919,0.9563680948299734
2032,Class 7&8 Vocational,H2 Fuel Cell,0.0,0.0
2032,Class 7&8 Vocational,PHEV Diesel,3223.50438805607,0.021209104014006882
2032,Class 7&8 Vocational,PHEV Gasoline,3407.9703636326817,0.022422801156019755
2033,Class 4-6 Vocational,Battery Electric,344614.9882114905,0.9730142764100478
2033,Class 4-6 Vocational,H2 Fuel Cell,5.509084108587928e-10,1.555480078048748e-15
2033,Class 4-6 Vocational,PHEV Diesel,5203.379271338933,0.01469164862174175
2033,Class 4-6 Vocational,PHEV Gasoline,4354.224396246195,0.012294074968208836
2033,Class 7&8 Tractor,Battery Electric,4.731040450909947,1.0
2033,Class 7&8 Tractor,H2 Fuel Cell,0.0,0.0
2033,Class 7&8 Tractor,PHEV Diesel,0.0,0.0
2033,Class 7&8 Tractor,PHEV Gasoline,0.0,0.0
2033,Class 7&8 Vocational,Battery Electric,193538.45389952435,0.9642080797616049
2033,Class 7&8 Vocational,H2 Fuel Cell,0.0,0.0
2033,Class 7&8 Vocational,PHEV Diesel,3492.2318242516226,0.017398289970282227
2033,Class 7&8 Vocational,PHEV Gasoline,3692.019221172897,0.018393630268112852
2034,Class 4-6 Vocational,Battery Electric,436440.31119923206,0.9766552209565392
2034,Class 4-6 Vocational,H2 Fuel Cell,1.5872739741159313e-08,3.551962030384252e-14
2034,Class 4-6 Vocational,PHEV Diesel,5679.11844370132,0.012708589321712566
2034,Class 4-6 Vocational,PHEV Gasoline,4753.020157483931,0.010636189721712676
2034,Class 7&8 Tractor,Battery Electric,4.560112537844814,1.0
2034,Class 7&8 Tractor,H2 Fuel Cell,0.0,0.0
2034,Class 7&8 Tractor,PHEV Diesel,0.0,0.0
2034,Class 7&8 Tractor,PHEV Gasoline,0.0,0.0
2034,Class 7&8 Vocational,Battery Electric,241118.89023478486,0.9689092090882279
2034,Class 7&8 Vocational,H2 Fuel Cell,0.0,0.0
2034,Class 7&8 Vocational,PHEV Diesel,3760.6893816759807,0.015111908365529237
2034,Class 7&8 Vocational,PHEV Gasoline,3976.44112637516,0.015978882546242888
2035,Class 4-6 Vocational,Battery Electric,528259.7180451048,0.9790107781922902
2035,Class 4-6 Vocational,H2 Fuel Cell,5.192844257751163e-07,9.623770891760962e-13
2035,Class 4-6 Vocational,PHEV Diesel,6165.950542962292,0.011427204901595898
2035,Class 4-6 Vocational,PHEV Gasoline,5159.522721072394,0.00956201690515156
2035,Class 7&8 Tractor,Battery Electric,4.383592052508887,1.0
2035,Class 7&8 Tractor,H2 Fuel Cell,0.0,0.0
2035,Class 7&8 Tractor,PHEV Diesel,0.0,0.0
2035,Class 7&8 Tractor,PHEV Gasoline,0.0,0.0
2035,Class 7&8 Vocational,Battery Electric,288393.6668651015,0.9720738998885932
2035,Class 7&8 Vocational,H2 Fuel Cell,0.0,0.0
2035,Class 7&8 Vocational,PHEV Diesel,4026.375482985428,0.013571499543338578
2035,Class 7&8 Vocational,PHEV Gasoline,4258.704913981883,0.014354600568068294
2036,Class 4-6 Vocational,Battery Electric,619951.2114176583,0.9806417578115627
2036,Class 4-6 Vocational,H2 Fuel Cell,2.2236919532535752e-05,3.5174464469284227e-11
2036,Class 4-6 Vocational,PHEV Diesel,6663.04024836489,0.01053962857268098
2036,Class 4-6 Vocational,PHEV Gasoline,5575.033011552128,0.008818613580581912
2036,Class 7&8 Tractor,Battery Electric,13.048655666282176,1.0
2036,Class 7&8 Tractor,H2 Fuel Cell,0.0,0.0
2036,Class 7&8 Tractor,PHEV Diesel,0.0,0.0
2036,Class 7&8 Tractor,PHEV Gasoline,0.0,0.0
2036,Class 7&8 Vocational,Battery Electric,340134.4987294366,0.9747045164203959
2036,Class 7&8 Vocational,H2 Fuel Cell,1.447002618150639e-19,4.146594927747926e-25
2036,Class 7&8 Vocational,PHEV Diesel,4289.830109543182,0.012293127565910365
2036,Class 7&8 Vocational,PHEV Gasoline,4537.3236406672095,0.013002356013693643
2037,Class 4-6 Vocational,Battery Electric,713179.1340692475,0.9818540953508466
2037,Class 4-6 Vocational,H2 Fuel Cell,0.0008136141894187145,1.1201259063178904e-09
2037,Class 4-6 Vocational,PHEV Diesel,7175.576429146423,0.009878821136088279
2037,Class 4-6 Vocational,PHEV Gasoline,6004.874543165961,0.008267082392939258
2037,Class 7&8 Tractor,Battery Electric,131.07679609245355,1.0
2037,Class 7&8 Tractor,H2 Fuel Cell,4.96558678671665e-24,3.7883034486242927e-26
2037,Class 7&8 Tractor,PHEV Diesel,0.0,0.0
2037,Class 7&8 Tractor,PHEV Gasoline,0.0,0.0
2037,Class 7&8 Vocational,Battery Electric,392442.41128431,0.9766746354261688
2037,Class 7&8 Vocational,H2 Fuel Cell,2.7708041266493763e-16,6.895722868933452e-22
2037,Class 7&8 Vocational,PHEV Diesel,4554.629438626581,0.01133514349765122
2037,Class 7&8 Vocational,PHEV Gasoline,4817.8493638413875,0.01199022107617988
2038,Class 4-6 Vocational,Battery Electric,813254.8043557206,0.9828981401222308
2038,Class 4-6 Vocational,H2 Fuel Cell,0.01110300223774523,1.3419066436254725e-08
2038,Class 4-6 Vocational,PHEV Diesel,7703.768658377888,0.009310759488534825
2038,Class 4-6 Vocational,PHEV Gasoline,6446.384066668821,0.0077910869701679816
2038,Class 7&8 Tractor,Battery Electric,935.762360263319,1.0
2038,Class 7&8 Tractor,H2 Fuel Cell,2.1667585527153356e-21,2.3155008629601433e-24
2038,Class 7&8 Tractor,PHEV Diesel,0.0,0.0
2038,Class 7&8 Tractor,PHEV Gasoline,0.0,0.0
2038,Class 7&8 Vocational,Battery Electric,448794.4281838348,0.9783844651361274
2038,Class 7&8 Vocational,H2 Fuel Cell,4.253755076483673e-13,9.273305602672964e-19
2038,Class 7&8 Vocational,PHEV Diesel,4818.385162637978,0.010504215057314326
2038,Class 7&8 Vocational,PHEV Gasoline,5096.869989915684,0.011111319806558266
2039,Class 4-6 Vocational,Battery Electric,923710.1362656325,0.9838572611184506
2039,Class 4-6 Vocational,H2 Fuel Cell,0.09008621174612884,9.595215000173507e-08
2039,Class 4-6 Vocational,PHEV Diesel,8250.853598344476,0.00878810560201767
2039,Class 4-6 Vocational,PHEV Gasoline,6904.925079399931,0.007354537327381792
2039,Class 7&8 Tractor,Battery Electric,4698.320738849289,1.0
2039,Class 7&8 Tractor,H2 Fuel Cell,8.616708264708863e-19,1.8339974522086935e-22
2039,Class 7&8 Tractor,PHEV Diesel,0.0,0.0
2039,Class 7&8 Tractor,PHEV Gasoline,0.0,0.0
2039,Class 7&8 Vocational,Battery Electric,504774.3919803299,0.9796971016435216
2039,Class 7&8 Vocational,H2 Fuel Cell,4.625737276776653e-10,8.977914638742372e-16
2039,Class 7&8 Vocational,PHEV Diesel,5083.751094029517,0.009866855948769846
2039,Class 7&8 Vocational,PHEV Gasoline,5377.01596972607,0.010436042407707636
2040,Class 4-6 Vocational,Battery Electric,1038393.4447001517,0.9846323066509568
2040,Class 4-6 Vocational,H2 Fuel Cell,2.7889639596571185,2.644569869714985e-06
2040,Class 4-6 Vocational,PHEV Diesel,8821.098335696995,0.008364400262542393
2040,Class 4-6 Vocational,PHEV Gasoline,7382.885447914247,0.007000648516631112
2040,Class 7&8 Tractor,Battery Electric,18407.017820838333,1.0
2040,Class 7&8 Tractor,H2 Fuel Cell,4.3727975804170795e-16,2.3756143569691637e-20
2040,Class 7&8 Tractor,PHEV Diesel,0.0,0.0
2040,Class 7&8 Tractor,PHEV Gasoline,0.0,0.0
2040,Class 7&8 Vocational,Battery Electric,559971.0678150174,0.9807167371037034
2040,Class 7&8 Vocational,H2 Fuel Cell,1.4384226237813719e-06,2.519210765076572e-12
2040,Class 7&8 Vocational,PHEV Diesel,5350.421549476142,0.009370569777124584
2040,Class 7&8 Vocational,PHEV Gasoline,5659.963921741035,0.009912693116652636
2041,Class 4-6 Vocational,Battery Electric,1152628.5566999712,0.9852115169616726
2041,Class 4-6 Vocational,H2 Fuel Cell,23.038631386735208,1.969231531294991e-05
2041,Class 4-6 Vocational,PHEV Diesel,9405.787739658255,0.008039615497415034
2041,Class 4-6 Vocational,PHEV Gasoline,7872.664290388602,0.0067291752255993174
2041,Class 7&8 Tractor,Battery Electric,36523.09788980554,1.0
2041,Class 7&8 Tractor,H2 Fuel Cell,4.179300760952847e-15,1.14428977891259e-19
2041,Class 7&8 Tractor,PHEV Diesel,0.0,0.0
2041,Class 7&8 Tractor,PHEV Gasoline,0.0,0.0
2041,Class 7&8 Vocational,Battery Electric,613533.4020758296,0.9815106213168554
2041,Class 7&8 Vocational,H2 Fuel Cell,3.019990166881684e-06,4.8312812554914185e-12
2041,Class 7&8 Vocational,PHEV Diesel,5616.121518134752,0.008984487074387698
2041,Class 7&8 Vocational,PHEV Gasoline,5941.421677428692,0.009504891603925612
2042,Class 4-6 Vocational,Battery Electric,1266286.0932449587,0.985594898539658
2042,Class 4-6 Vocational,H2 Fuel Cell,122.67979100750868,9.548598599947022e-05
2042,Class 4-6 Vocational,PHEV Diesel,10008.224301857814,0.007789752148406106
2042,Class 4-6 Vocational,PHEV Gasoline,8376.679172877242,0.006519863325936499
2042,Class 7&8 Tractor,Battery Electric,58057.69952537019,1.0
2042,Class 7&8 Tractor,H2 Fuel Cell,2.9993858101064126e-14,5.166215393697668e-19
2042,Class 7&8 Tractor,PHEV Diesel,0.0,0.0
2042,Class 7&8 Tractor,PHEV Gasoline,0.0,0.0
2042,Class 7&8 Vocational,Battery Electric,665457.5266423046,0.9821392039141837
2042,Class 7&8 Vocational,H2 Fuel Cell,4.368139299363748e-06,6.446874041247999e-12
2042,Class 7&8 Vocational,PHEV Diesel,5880.611911848218,0.008679110642526931
2042,Class 7&8 Vocational,PHEV Gasoline,6221.136124958805,0.0091816854368424
2043,Class 4-6 Vocational,Battery Electric,1379582.3164290434,0.9852856713370747
2043,Class 4-6 Vocational,H2 Fuel Cell,1071.7115463372074,0.0007654070495378523
2043,Class 4-6 Vocational,PHEV Diesel,10632.719865019495,0.007593795894297847
2043,Class 4-6 Vocational,PHEV Gasoline,8898.352341652988,0.006355125719089581
2043,Class 7&8 Tractor,Battery Electric,81159.87670267446,1.0
2043,Class 7&8 Tractor,H2 Fuel Cell,4.747258394869234e-13,5.849267627969176e-18
2043,Class 7&8 Tractor,PHEV Diesel,0.0,0.0
2043,Class 7&8 Tractor,PHEV Gasoline,0.0,0.0
2043,Class 7&8 Vocational,Battery Electric,715833.8968697856,0.9826424975742479
2043,Class 7&8 Vocational,H2 Fuel Cell,8.964508297751492e-06,1.2305797283067175e-11
2043,Class 7&8 Vocational,PHEV Diesel,6144.68152860185,0.008434952899641775
2043,Class 7&8 Vocational,PHEV Gasoline,6499.885160928267,0.008922549513804582
2044,Class 4-6 Vocational,Battery Electric,1491721.904039191,0.9824095409052485
2044,Class 4-6 Vocational,H2 Fuel Cell,5998.223844814059,0.0039502753949477954
2044,Class 4-6 Vocational,PHEV Diesel,11275.584467063445,0.0074258088788076975
2044,Class 4-6 Vocational,PHEV Gasoline,9436.104449726312,0.006214374820996159
2044,Class 7&8 Tractor,Battery Electric,104198.28349687802,0.9999898193617313
2044,Class 7&8 Tractor,H2 Fuel Cell,1.060815832286231,1.0180638268726918e-05
2044,Class 7&8 Tractor,PHEV Diesel,0.0,0.0
2044,Class 7&8 Tractor,PHEV Gasoline,0.0,0.0
2044,Class 7&8 Vocational,Battery Electric,764274.3466327005,0.9830413965090079
2044,Class 7&8 Vocational,H2 Fuel Cell,3.2707330258385e-05,4.206952615241479e-11
2044,Class 7&8 Vocational,PHEV Diesel,6407.146424773908,0.008241137749550037
2044,Class 7&8 Vocational,PHEV Gasoline,6777.471859619612,0.008717465699372592
2045,Class 4-6 Vocational,Battery Electric,1602345.2614439775,0.9764218060230236
2045,Class 4-6 Vocational,H2 Fuel Cell,16767.1891893315,0.010217429129738895
2045,Class 4-6 Vocational,PHEV Diesel,11936.148533283516,0.00727353585289411
2045,Class 4-6 Vocational,PHEV Gasoline,9989.373930656075,0.006087228994343387
2045,Class 7&8 Tractor,Battery Electric,126939.28588960598,0.999954992957749
2045,Class 7&8 Tractor,H2 Fuel Cell,5.713418947429264,4.500704225096877e-05
2045,Class 7&8 Tractor,PHEV Diesel,0.0,0.0
2045,Class 7&8 Tractor,PHEV Gasoline,0.0,0.0
2045,Class 7&8 Vocational,Battery Electric,810633.7289695371,0.9833559577492085
2045,Class 7&8 Vocational,H2 Fuel Cell,7.925658054322272e-05,9.614382905961823e-11
2045,Class 7&8 Vocational,PHEV Diesel,6667.854163805178,0.008088577964447233
2045,Class 7&8 Vocational,PHEV Gasoline,7052.733839577049,0.008555464190200463
2046,Class 4-6 Vocational,Battery Electric,1711570.1171232404,0.9655521279695659
2046,Class 4-6 Vocational,H2 Fuel Cell,37884.09024387841,0.02137164208770421
2046,Class 4-6 Vocational,PHEV Diesel,12618.753840978492,0.007118647668352351
2046,Class 4-6 Vocational,PHEV Gasoline,10560.61034485043,0.005957582274377561
2046,Class 7&8 Tractor,Battery Electric,150117.2833770111,0.999825087984207
2046,Class 7&8 Tractor,H2 Fuel Cell,26.261910164484267,0.00017491201579297868
2046,Class 7&8 Tractor,PHEV Diesel,0.0,0.0
2046,Class 7&8 Tractor,PHEV Gasoline,0.0,0.0
2046,Class 7&8 Vocational,Battery Electric,854937.3640831646,0.9836017266564349
2046,Class 7&8 Vocational,H2 Fuel Cell,0.00022686339925368293,2.6100535617643715e-10
2046,Class 7&8 Vocational,PHEV Diesel,6926.682623775218,0.007969118294476227
2046,Class 7&8 Vocational,PHEV Gasoline,7326.542014591524,0.008429154788083553
2047,Class 4-6 Vocational,Battery Electric,1818284.193886792,0.9520166971548593
2047,Class 4-6 Vocational,H2 Fuel Cell,67186.68976167649,0.035177587032174266
2047,Class 4-6 Vocational,PHEV Diesel,13314.741660184567,0.006971328476272466
2047,Class 4-6 Vocational,PHEV Gasoline,11143.264931201362,0.005834387336693963
2047,Class 7&8 Tractor,Battery Electric,177558.2518113888,0.9995565141301307
2047,Class 7&8 Tractor,H2 Fuel Cell,78.77951335805638,0.00044348586986930525
2047,Class 7&8 Tractor,PHEV Diesel,0.0,0.0
2047,Class 7&8 Tractor,PHEV Gasoline,0.0,0.0
2047,Class 7&8 Vocational,Battery Electric,896634.4158781196,0.9837874052631469
2047,Class 7&8 Vocational,H2 Fuel Cell,0.0006658071601122578,7.305237082729816e-10
2047,Class 7&8 Vocational,PHEV Diesel,7180.535965690024,0.0078784850558816
2047,Class 7&8 Vocational,PHEV Gasoline,7595.796480694516,0.008334108950447831
2048,Class 4-6 Vocational,Battery Electric,1922068.5397543092,0.9380216516745179
2048,Class 4-6 Vocational,H2 Fuel Cell,101238.48852230099,0.04940713208326035
2048,Class 4-6 Vocational,PHEV Diesel,14023.461408813064,0.006843830051227079
2048,Class 4-6 Vocational,PHEV Gasoline,11735.79393725332,0.005727386190994687
2048,Class 7&8 Tractor,Battery Electric,208990.90265460877,0.999270165715124
2048,Class 7&8 Tractor,H2 Fuel Cell,152.64012798317395,0.0007298342848760375
2048,Class 7&8 Tractor,PHEV Diesel,0.0,0.0
2048,Class 7&8 Tractor,PHEV Gasoline,0.0,0.0
2048,Class 7&8 Vocational,Battery Electric,935537.8833838315,0.9839205479309013
2048,Class 7&8 Vocational,H2 Fuel Cell,0.0013182726923084023,1.3864490287094712e-09
2048,Class 7&8 Vocational,PHEV Diesel,7429.345554441623,0.007813564665339282
2048,Class 7&8 Vocational,PHEV Gasoline,7859.424752525481,0.008265886017310379
2049,Class 4-6 Vocational,Battery Electric,2025203.0569200146,0.9237873826774707
2049,Class 4-6 Vocational,H2 Fuel Cell,139959.6684049085,0.06384198133337281
2049,Class 4-6 Vocational,PHEV Diesel,14764.271448791438,0.0067346568692037215
2049,Class 4-6 Vocational,PHEV Gasoline,12355.659274522526,0.005635979119952799
2049,Class 7&8 Tractor,Battery Electric,245262.1368002081,0.9988614973323435
2049,Class 7&8 Tractor,H2 Fuel Cell,279.5498652895384,0.001138502667656471
2049,Class 7&8 Tractor,PHEV Diesel,0.0,0.0
2049,Class 7&8 Tractor,PHEV Gasoline,0.0,0.0
2049,Class 7&8 Vocational,Battery Electric,972521.3004847175,0.9840088616861518
2049,Class 7&8 Vocational,H2 Fuel Cell,0.003318572788444175,3.3577722465842346e-09
2049,Class 7&8 Vocational,PHEV Diesel,7680.068121882092,0.007770786188969499
2049,Class 7&8 Vocational,PHEV Gasoline,8124.38239603389,0.00822034876710646
2050,Class 4-6 Vocational,Battery Electric,2128799.9035704616,0.9100699773496791
2050,Class 4-6 Vocational,H2 Fuel Cell,181804.92437935303,0.07772228997872158
2050,Class 4-6 Vocational,PHEV Diesel,15545.526862265284,0.006645771289120281
2050,Class 4-6 Vocational,PHEV Gasoline,13010.321348216801,0.005561961382478899
2050,Class 7&8 Tractor,Battery Electric,285379.7452377222,0.9985211696147082
2050,Class 7&8 Tractor,H2 Fuel Cell,422.6532711041426,0.0014788303852918505
2050,Class 7&8 Tractor,PHEV Diesel,0.0,0.0
2050,Class 7&8 Tractor,PHEV Gasoline,0.0,0.0
2050,Class 7&8 Vocational,Battery Electric,1007950.3998255724,0.9840548527111252
2050,Class 7&8 Vocational,H2 Fuel Cell,0.007010596076247902,6.84439540916217e-09
2050,Class 7&8 Vocational,PHEV Diesel,7936.683784521705,0.0077485282945905275
2050,Class 7&8 Vocational,PHEV Gasoline,8395.648343112052,0.008196612149888774
