Year,vehicle type,fuel type,Stock,VMT_millions,vehicle category,Fraction
2018,Class 4-6 Vocational,Diesel,2059238.0,37818.89186650094,Diesel Class 4-6 Vocational,0.5887427891632384
2018,Class 4-6 Vocational,Electric,101.0,2.2748445531186356,Electric Class 4-6 Vocational,2.887622591729906e-05
2018,Class 4-6 Vocational,Gasoline,1438348.0,18945.786779504564,Gasoline Class 4-6 Vocational,0.41122833461084424
2018,Class 7&8 Tractor,Diesel,2818447.0,140459.83288787008,Diesel Class 7&8 Tractor,0.9999978711725901
2018,Class 7&8 Tractor,Electric,6.0,0.12861426195261982,Electric Class 7&8 Tractor,2.1288274099301994e-06
2018,Class 7&8 Vocational,Diesel,1957950.0,33450.77402712136,Diesel Class 7&8 Vocational,0.999998978524499
2018,Class 7&8 Vocational,Electric,2.0,0.02143571032543664,Electric Class 7&8 Vocational,1.0214755009315856e-06
2019,Class 4-6 Vocational,Diesel,2106688.246616429,38416.17292370153,Diesel Class 4-6 Vocational,0.5927601803284915
2019,Class 4-6 Vocational,Electric,100.95612903225806,2.0882771176773245,Electric Class 4-6 Vocational,2.8406088725534856e-05
2019,Class 4-6 Vocational,Gasoline,1447242.1180645162,18999.632336666888,Gasoline Class 4-6 Vocational,0.40721141358278296
2019,Class 7&8 Tractor,Diesel,2901534.538297316,143264.01609463242,Diesel Class 7&8 Tractor,0.9999979321329753
2019,Class 7&8 Tractor,Electric,6.0,0.12471969426341911,Electric Class 7&8 Tractor,2.06786702470851e-06
2019,Class 7&8 Vocational,Diesel,1978331.7763517916,33527.25792665719,Diesel Class 7&8 Vocational,0.9999989890482466
2019,Class 7&8 Vocational,Electric,2.0,0.020786615710569854,Electric Class 7&8 Vocational,1.0109517533932837e-06
2020,Class 4-6 Vocational,Diesel,2135934.9953784337,35420.827061629105,Diesel Class 4-6 Vocational,0.5998022401119174
2020,Class 4-6 Vocational,Electric,100.86603288241415,1.7832203338037866,Electric Class 4-6 Vocational,2.8324678702759546e-05
2020,Class 4-6 Vocational,Gasoline,1425029.5240395425,16913.902064250113,Gasoline Class 4-6 Vocational,0.4001694352093798
2020,Class 7&8 Tractor,Diesel,2999421.5752854184,134707.0824920312,Diesel Class 7&8 Tractor,0.9999979996183107
2020,Class 7&8 Tractor,Electric,6.0,0.11140496445935318,Electric Class 7&8 Tractor,2.0003816893058516e-06
2020,Class 7&8 Vocational,Diesel,2008590.6760322535,30833.0045432942,Diesel Class 7&8 Vocational,0.9999990042779585
2020,Class 7&8 Vocational,Electric,2.0,0.018567494076558864,Electric Class 7&8 Vocational,9.957220415394387e-07
2021,Class 4-6 Vocational,Diesel,2189311.182346111,37370.461356435255,Diesel Class 4-6 Vocational,0.6077368967493777
2021,Class 4-6 Vocational,Electric,681.6373859681112,13.987576254343878,Electric Class 4-6 Vocational,0.00018921759181474246
2021,Class 4-6 Vocational,Gasoline,1412406.8273128048,17008.444027746536,Gasoline Class 4-6 Vocational,0.39207388565880763
2021,Class 7&8 Tractor,Diesel,3074634.3042627745,141856.92305530026,Diesel Class 7&8 Tractor,0.9999980535882033
2021,Class 7&8 Tractor,Electric,5.984516129032258,0.11315053187925488,Electric Class 7&8 Tractor,1.9464117968118524e-06
2021,Class 7&8 Vocational,Diesel,2029663.0124777432,31950.419872492766,Diesel Class 7&8 Vocational,0.9997497773158621
2021,Class 7&8 Vocational,Electric,507.9948387096774,4.957599199319475,Electric Class 7&8 Vocational,0.0002502226841379051
2022,Class 4-6 Vocational,Diesel,2246623.237961594,38588.74978090351,Diesel Class 4-6 Vocational,0.6150720127003213
2022,Class 4-6 Vocational,Electric,1299.1503070547174,26.05339491913177,Electric Class 4-6 Vocational,0.0003556764572974855
2022,Class 4-6 Vocational,Gasoline,1404695.8280900365,16809.310515475263,Gasoline Class 4-6 Vocational,0.3845723108423813
2022,Class 7&8 Tractor,Diesel,3150093.0690881913,145582.47879715226,Diesel Class 7&8 Tractor,0.9999981100186817
2022,Class 7&8 Tractor,Electric,5.953628303850156,0.11190822156028055,Electric Class 7&8 Tractor,1.8899813183383775e-06
2022,Class 7&8 Vocational,Diesel,2053203.6374678495,32361.864360504806,Diesel Class 7&8 Vocational,0.9994961712180472
2022,Class 7&8 Vocational,Electric,1034.9845427679502,9.923878097411572,Electric Class 7&8 Vocational,0.000503828781952772
2023,Class 4-6 Vocational,Diesel,2307234.559409638,39526.82727711851,Diesel Class 4-6 Vocational,0.621803238878606
2023,Class 4-6 Vocational,Electric,1955.407888274557,37.803634053690274,Electric Class 4-6 Vocational,0.0005269854134678908
2023,Class 4-6 Vocational,Gasoline,1401364.1359110556,16536.54969665023,Gasoline Class 4-6 Vocational,0.377669775707926
2023,Class 7&8 Tractor,Diesel,3224738.417175665,147794.52501131842,Diesel Class 7&8 Tractor,0.9999981680607506
2023,Class 7&8 Tractor,Electric,5.9075356976268,0.10895827714642403,Electric Class 7&8 Tractor,1.831939249371519e-06
2023,Class 7&8 Vocational,Diesel,2078879.256132618,32525.529676848793,Diesel Class 7&8 Vocational,0.9992400868041929
2023,Class 7&8 Vocational,Electric,1580.9691785658756,14.869054492251692,Electric Class 7&8 Vocational,0.0007599131958071454
2024,Class 4-6 Vocational,Diesel,2368656.8799771583,40380.56207046766,Diesel Class 4-6 Vocational,0.6278744305681347
2024,Class 4-6 Vocational,Electric,2637.4151857962224,49.10310168429735,Electric Class 4-6 Vocational,0.0006991158457570788
2024,Class 4-6 Vocational,Gasoline,1401206.645564747,16313.744396911155,Gasoline Class 4-6 Vocational,0.3714264535861082
2024,Class 7&8 Tractor,Diesel,3295332.7532892227,149334.39849359135,Diesel Class 7&8 Tractor,0.9999982258106392
2024,Class 7&8 Tractor,Electric,5.846554683973879,0.10485919566782467,Electric Class 7&8 Tractor,1.7741893607688199e-06
2024,Class 7&8 Vocational,Diesel,2103748.770721944,32645.432822880597,Diesel Class 7&8 Vocational,0.9989852493743137
2024,Class 7&8 Vocational,Electric,2136.948851561325,19.788675642877337,Electric Class 7&8 Vocational,0.0010147506256864265
2025,Class 4-6 Vocational,Diesel,2431091.073183064,41328.273350426796,Diesel Class 4-6 Vocational,0.6333481564043566
2025,Class 4-6 Vocational,Electric,3343.6798084983466,60.22264150197959,Electric Class 4-6 Vocational,0.0008710958901042511
2025,Class 4-6 Vocational,Gasoline,1404040.2604747298,16153.41799004572,Gasoline Class 4-6 Vocational,0.36578074770553914
2025,Class 7&8 Tractor,Diesel,3362825.24383456,150925.40325774648,Diesel Class 7&8 Tractor,0.9999982838521344
2025,Class 7&8 Tractor,Electric,5.771115268696796,0.09990995635403269,Electric Class 7&8 Tractor,1.7161478656051047e-06
2025,Class 7&8 Vocational,Diesel,2128209.640963888,32844.57183097632,Diesel Class 7&8 Vocational,0.9987335832561471
2025,Class 7&8 Vocational,Electric,2698.6178986379527,24.765800831178144,Electric Class 7&8 Vocational,0.0012664167438529096
2026,Class 4-6 Vocational,Diesel,2495397.42753822,42238.00061403545,Diesel Class 4-6 Vocational,0.6384469377574531
2026,Class 4-6 Vocational,Electric,4083.936661253761,71.22001209944301,Electric Class 4-6 Vocational,0.001044874386179484
2026,Class 4-6 Vocational,Gasoline,1409061.8207726583,16035.326175646429,Gasoline Class 4-6 Vocational,0.36050818785636757
2026,Class 7&8 Tractor,Diesel,3427674.5514592314,152009.52791921084,Diesel Class 7&8 Tractor,0.999998342390282
2026,Class 7&8 Tractor,Electric,5.681756064536331,0.09363517632526192,Electric Class 7&8 Tractor,1.6576097179306089e-06
2026,Class 7&8 Vocational,Diesel,2152974.264107806,32980.47568148966,Diesel Class 7&8 Vocational,0.9984694249328483
2026,Class 7&8 Vocational,Electric,3300.3401472052037,30.04661000215166,Electric Class 7&8 Vocational,0.0015305750671517392
2027,Class 4-6 Vocational,Diesel,2556823.8500242895,43079.30526972147,Diesel Class 4-6 Vocational,0.6429661798766855
2027,Class 4-6 Vocational,Electric,4977.596908574453,84.65437044397345,Electric Class 4-6 Vocational,0.0012517195774913127
2027,Class 4-6 Vocational,Gasoline,1414805.6127334202,15952.15163305812,Gasoline Class 4-6 Vocational,0.35578210054582315
2027,Class 7&8 Tractor,Diesel,3483277.3350974233,152448.54393542802,Diesel Class 7&8 Tractor,0.9999983983161782
2027,Class 7&8 Tractor,Electric,5.5791178904672885,0.086256987667079,Electric Class 7&8 Tractor,1.601683821804669e-06
2027,Class 7&8 Vocational,Diesel,2175251.736504048,33033.323305765036,Diesel Class 7&8 Vocational,0.9980673034581549
2027,Class 7&8 Vocational,Electric,4212.242495288007,38.128840482918044,Electric Class 7&8 Vocational,0.001932696541845113
2028,Class 4-6 Vocational,Diesel,2612948.69290089,43986.120735572076,Diesel Class 4-6 Vocational,0.64666231571153
2028,Class 4-6 Vocational,Electric,7951.946872423438,139.24002344993468,Electric Class 4-6 Vocational,0.001967977554594657
2028,Class 4-6 Vocational,Gasoline,1419768.8555966655,15987.67195231073,Gasoline Class 4-6 Vocational,0.3513697067338753
2028,Class 7&8 Tractor,Diesel,3528095.3387969434,152952.9921158188,Diesel Class 7&8 Tractor,0.9999984513095268
2028,Class 7&8 Tractor,Electric,5.463936101760868,0.07836079229710421,Electric Class 7&8 Tractor,1.5486904732223713e-06
2028,Class 7&8 Vocational,Diesel,2191902.740648913,33097.67746790688,Diesel Class 7&8 Vocational,0.9966282917704719
2028,Class 7&8 Vocational,Electric,7415.459274031263,67.47935825725993,Electric Class 7&8 Vocational,0.0033717082295281653
2029,Class 4-6 Vocational,Diesel,2651854.367162073,44615.464971953144,Diesel Class 4-6 Vocational,0.6466070810634077
2029,Class 4-6 Vocational,Electric,24767.5527023698,469.0934533325001,Electric Class 4-6 Vocational,0.006039123096756646
2029,Class 4-6 Vocational,Gasoline,1424561.696623089,16135.448266715486,Gasoline Class 4-6 Vocational,0.34735379583983567
2029,Class 7&8 Tractor,Diesel,3563655.225420184,153515.72796400773,Diesel Class 7&8 Tractor,0.9999985023737009
2029,Class 7&8 Tractor,Electric,5.33703177939739,0.07001240708384945,Electric Class 7&8 Tractor,1.4976262991010752e-06
2029,Class 7&8 Vocational,Diesel,2195183.391251711,32970.113730657285,Diesel Class 7&8 Vocational,0.9906477661343486
2029,Class 7&8 Vocational,Electric,20723.681165799353,190.46077477845358,Electric Class 7&8 Vocational,0.009352233865651337
2030,Class 4-6 Vocational,Diesel,2642424.0925499834,44080.09765570371,Diesel Class 4-6 Vocational,0.6347692302429209
2030,Class 4-6 Vocational,Electric,89668.50037038187,1771.1431621996305,Electric Class 4-6 Vocational,0.02154037465735364
2030,Class 4-6 Vocational,Gasoline,1430718.0265212073,16451.29866841334,Gasoline Class 4-6 Vocational,0.34369039509972554
2030,Class 7&8 Tractor,Diesel,3593543.7799310344,154161.82790792873,Diesel Class 7&8 Tractor,0.9999985531567938
2030,Class 7&8 Tractor,Electric,5.199301927025845,0.06151113035900162,Electric Class 7&8 Tractor,1.446843206276718e-06
2030,Class 7&8 Vocational,Diesel,2173414.568477364,32291.04419363471,Diesel Class 7&8 Vocational,0.9740455254653525
2030,Class 7&8 Vocational,Electric,57912.932810638275,535.6221106132514,Electric Class 7&8 Vocational,0.025954474534647585
2031,Class 4-6 Vocational,Diesel,2614319.6361993444,43176.441690453765,Diesel Class 4-6 Vocational,0.6194415072637466
2031,Class 4-6 Vocational,Electric,170526.69461176186,3381.6573029266287,Electric Class 4-6 Vocational,0.04040489589581306
2031,Class 4-6 Vocational,Gasoline,1435599.9995414643,16818.375547051255,Gasoline Class 4-6 Vocational,0.34015359684044033
2031,Class 7&8 Tractor,Diesel,3618882.142594779,154860.5970956985,Diesel Class 7&8 Tractor,0.9999986040712051
2031,Class 7&8 Tractor,Electric,5.051708840065112,0.05328410611013622,Electric Class 7&8 Tractor,1.395928794911556e-06
2031,Class 7&8 Vocational,Diesel,2142397.248943315,31395.881425086696,Diesel Class 7&8 Vocational,0.9543414897762174
2031,Class 7&8 Vocational,Electric,102498.60007366905,949.8659408857044,Electric Class 7&8 Vocational,0.04565851022378258
2032,Class 4-6 Vocational,Diesel,2573959.231333628,42047.50189992526,Diesel Class 4-6 Vocational,0.6016905358590128
2032,Class 4-6 Vocational,Electric,262142.8004681543,5203.611540502597,Electric Class 4-6 Vocational,0.06127868699907227
2032,Class 4-6 Vocational,Gasoline,1441776.8410292077,17248.49004164703,Gasoline Class 4-6 Vocational,0.337030777141915
2032,Class 7&8 Tractor,Diesel,3637291.8231732054,155565.2399423062,Diesel Class 7&8 Tractor,0.9999986541464161
2032,Class 7&8 Tractor,Electric,4.895268824372774,0.04581095102636133,Electric Class 7&8 Tractor,1.3458535839412007e-06
2032,Class 7&8 Vocational,Diesel,2103672.9764203387,30364.015040567752,Diesel Class 7&8 Vocational,0.9326197925545032
2032,Class 7&8 Vocational,Electric,151986.82537118063,1416.3564160465646,Electric Class 7&8 Vocational,0.06738020744549673
2033,Class 4-6 Vocational,Diesel,2527987.0829059873,40918.463743378314,Diesel Class 4-6 Vocational,0.584074341278356
2033,Class 4-6 Vocational,Electric,354172.5918790762,7006.682854473856,Electric Class 4-6 Vocational,0.08182918524363064
2033,Class 4-6 Vocational,Gasoline,1446034.3653314987,17671.09688030542,Gasoline Class 4-6 Vocational,0.33409647347801347
2033,Class 7&8 Tractor,Diesel,3647902.5156178656,156167.07202880183,Diesel Class 7&8 Tractor,0.9999987030809363
2033,Class 7&8 Tractor,Electric,4.731040450909947,0.039581874249425275,Electric Class 7&8 Tractor,1.2969190637299893e-06
2033,Class 7&8 Vocational,Diesel,2062969.1498759685,29341.69962442397,Diesel Class 7&8 Vocational,0.9113294927852147
2033,Class 7&8 Vocational,Electric,200722.70494494887,1884.3409922014437,Electric Class 7&8 Vocational,0.0886705072147853
2034,Class 4-6 Vocational,Diesel,2478132.6155502987,39810.42347622616,Diesel Class 4-6 Vocational,0.5663650877988099
2034,Class 4-6 Vocational,Electric,446872.4498004332,8792.923789649081,Electric Class 4-6 Vocational,0.1021305125794849
2034,Class 4-6 Vocational,Gasoline,1450498.7729624915,18102.225944866637,Gasoline Class 4-6 Vocational,0.3315043996217051
2034,Class 7&8 Tractor,Diesel,3650721.6582026426,156683.8364248508,Diesel Class 7&8 Tractor,0.9999987509026246
2034,Class 7&8 Tractor,Electric,4.560112537844814,0.0351828303990548,Electric Class 7&8 Tractor,1.2490973754666594e-06
2034,Class 7&8 Vocational,Diesel,2019712.7902471337,28365.961556665974,Diesel Class 7&8 Vocational,0.8903026350634526
2034,Class 7&8 Vocational,Electric,248856.020742836,2356.264398592612,Electric Class 7&8 Vocational,0.10969736493654733
2035,Class 4-6 Vocational,Diesel,2427641.522100106,38774.58031749872,Diesel Class 4-6 Vocational,0.5486521568332133
2035,Class 4-6 Vocational,Electric,539585.1913096587,10550.730112891033,Electric Class 4-6 Vocational,0.12194740298856144
2035,Class 4-6 Vocational,Gasoline,1457510.3296601172,18540.70854845674,Gasoline Class 4-6 Vocational,0.32940044017822506
2035,Class 7&8 Tractor,Diesel,3651649.4490199145,157153.3895662213,Diesel Class 7&8 Tractor,0.9999987995598013
2035,Class 7&8 Tractor,Electric,4.383592052508887,0.03325127934933043,Electric Class 7&8 Tractor,1.200440198728634e-06
2035,Class 7&8 Vocational,Diesel,1975398.29424951,27445.97009268345,Diesel Class 7&8 Vocational,0.8694239931826023
2035,Class 7&8 Vocational,Electric,296678.7472620688,2835.603557405228,Electric Class 7&8 Vocational,0.13057600681739776
2036,Class 4-6 Vocational,Diesel,2377920.0817908756,37823.93249516055,Diesel Class 4-6 Vocational,0.5312675059720391
2036,Class 4-6 Vocational,Electric,632189.2846998122,12275.840719432641,Electric Class 4-6 Vocational,0.14124176298295532
2036,Class 4-6 Vocational,Gasoline,1465828.0003921026,18974.569640081154,Gasoline Class 4-6 Vocational,0.3274907310450057
2036,Class 7&8 Tractor,Diesel,3653599.4770917553,157620.86658998483,Diesel Class 7&8 Tractor,0.9999964285606165
2036,Class 7&8 Tractor,Electric,13.048655666282176,0.20468419229256846,Electric Class 7&8 Tractor,3.571439383439492e-06
2036,Class 7&8 Vocational,Diesel,1925733.79186491,26454.176828878804,Diesel Class 7&8 Vocational,0.8465897255180908
2036,Class 7&8 Vocational,Electric,348961.652479647,3368.749661673616,Electric Class 7&8 Vocational,0.15341027448190925
2037,Class 4-6 Vocational,Diesel,2327689.5342271123,36939.56142969704,Diesel Class 4-6 Vocational,0.5138399247515653
2037,Class 4-6 Vocational,Electric,726359.5858551741,14009.29685587629,Electric Class 4-6 Vocational,0.16034464624696143
2037,Class 4-6 Vocational,Gasoline,1475940.5169676547,19473.157847826278,Gasoline Class 4-6 Vocational,0.32581542900147326
2037,Class 7&8 Tractor,Diesel,3654753.530449482,158246.65676622768,Diesel Class 7&8 Tractor,0.9999641365432351
2037,Class 7&8 Tractor,Electric,131.07679609245355,2.5823521491591386,Electric Class 7&8 Tractor,3.58634567648462e-05
2037,Class 7&8 Vocational,Diesel,1874509.2405150658,25475.282473201914,Diesel Class 7&8 Vocational,0.8234808107136566
2037,Class 7&8 Vocational,Electric,401814.8900867779,3914.813931078982,Electric Class 7&8 Vocational,0.1765191892863434
2038,Class 4-6 Vocational,Diesel,2269550.9277752507,35879.70419511408,Diesel Class 4-6 Vocational,0.49511623363537904
2038,Class 4-6 Vocational,Electric,827404.9681837696,15880.524501258145,Electric Class 4-6 Vocational,0.18050338792790319
2038,Class 4-6 Vocational,Gasoline,1486919.1087265003,19963.68048262023,Gasoline Class 4-6 Vocational,0.3243803784367177
2038,Class 7&8 Tractor,Diesel,3653897.52749706,158899.77896678835,Diesel Class 7&8 Tractor,0.9997439657883002
2038,Class 7&8 Tractor,Electric,935.762360263319,19.018987035150968,Electric Class 7&8 Tractor,0.0002560342116999403
2038,Class 7&8 Vocational,Diesel,1817106.855992958,24395.11545545807,Diesel Class 7&8 Vocational,0.7984417129372106
2038,Class 7&8 Vocational,Electric,458709.6833363885,4505.761016160623,Electric Class 7&8 Vocational,0.20155828706278947
2039,Class 4-6 Vocational,Diesel,2199520.18659483,34577.78068960213,Diesel Class 4-6 Vocational,0.4741835763359952
2039,Class 4-6 Vocational,Electric,938866.0050295886,17991.510436427077,Electric Class 4-6 Vocational,0.20240543491189492
2039,Class 4-6 Vocational,Gasoline,1500155.2854770618,20557.270290952365,Gasoline Class 4-6 Vocational,0.32341098875210983
2039,Class 7&8 Tractor,Diesel,3645315.8600878217,159489.4335395229,Diesel Class 7&8 Tractor,0.9987127938396707
2039,Class 7&8 Tractor,Electric,4698.320738849289,96.9213518493162,Electric Class 7&8 Tractor,0.0012872061603292713
2039,Class 7&8 Vocational,Diesel,1756869.2792702487,23338.15752897826,Diesel Class 7&8 Vocational,0.7732343855521286
2039,Class 7&8 Vocational,Electric,515235.1590440859,5091.89054005179,Electric Class 7&8 Vocational,0.22676561444787144
2040,Class 4-6 Vocational,Diesel,2124253.397741747,33229.278200932094,Diesel Class 4-6 Vocational,0.4527030766066352
2040,Class 4-6 Vocational,Electric,1054600.2174477226,20160.043106078323,Electric Class 4-6 Vocational,0.2247475576765688
2040,Class 4-6 Vocational,Gasoline,1513523.1489904714,21153.568226234704,Gasoline Class 4-6 Vocational,0.32254936571679593
2040,Class 7&8 Tractor,Diesel,3623634.8665767964,159807.57211408342,Diesel Class 7&8 Tractor,0.9949459620715255
2040,Class 7&8 Tractor,Electric,18407.017820838333,385.467285458181,Electric Class 7&8 Tractor,0.005054037928474486
2040,Class 7&8 Vocational,Diesel,1694987.7547421623,22356.978660676923,Diesel Class 7&8 Vocational,0.7480188824877645
2040,Class 7&8 Vocational,Electric,570981.4532876731,5675.42983973048,Electric Class 7&8 Vocational,0.25198111751223545
2041,Class 4-6 Vocational,Diesel,2047143.6718574034,31986.95008444183,Diesel Class 4-6 Vocational,0.43138603313347823
2041,Class 4-6 Vocational,Electric,1169930.0473614049,22289.89313319746,Electric Class 4-6 Vocational,0.24653447098658438
2041,Class 4-6 Vocational,Gasoline,1528429.1821789797,21773.042842051498,Gasoline Class 4-6 Vocational,0.3220794958799374
2041,Class 7&8 Tractor,Diesel,3589557.763005118,160031.9919481739,Diesel Class 7&8 Tractor,0.989927665904066
2041,Class 7&8 Tractor,Electric,36523.09788980554,773.1237707744906,Electric Class 7&8 Tractor,0.01007233409593397
2041,Class 7&8 Vocational,Diesel,1630673.8108880403,21485.932521611314,Diesel Class 7&8 Vocational,0.7228917848961215
2041,Class 7&8 Vocational,Electric,625090.945274413,6241.393372473035,Electric Class 7&8 Vocational,0.2771082151038784
2042,Class 4-6 Vocational,Diesel,1971670.5497405692,30851.257221256994,Diesel Class 4-6 Vocational,0.4106157339506984
2042,Class 4-6 Vocational,Electric,1284793.6765107012,24361.924534723395,Electric Class 4-6 Vocational,0.26756828037273933
2042,Class 4-6 Vocational,Gasoline,1545277.1263518976,22399.879000167475,Gasoline Class 4-6 Vocational,0.3218159856765622
2042,Class 7&8 Tractor,Diesel,3556916.0113799945,160196.0564568793,Diesel Class 7&8 Tractor,0.9839396620367594
2042,Class 7&8 Tractor,Electric,58057.69952537019,1246.3634415042254,Electric Class 7&8 Tractor,0.016060337963240603
2042,Class 7&8 Vocational,Diesel,1568980.4020023965,20701.05068984364,Diesel Class 7&8 Vocational,0.6983987054780071
2042,Class 7&8 Vocational,Electric,677559.2746834798,6788.171797213349,Electric Class 7&8 Vocational,0.30160129452199297
2043,Class 4-6 Vocational,Diesel,1902574.8000119736,29818.119494122286,Diesel Class 4-6 Vocational,0.39080281805882255
2043,Class 4-6 Vocational,Electric,1400185.100182053,26380.65059097182,Electric Class 4-6 Vocational,0.2876082890153267
2043,Class 4-6 Vocational,Gasoline,1565615.4341046207,23032.86260600661,Gasoline Class 4-6 Vocational,0.3215888929258508
2043,Class 7&8 Tractor,Diesel,3524588.478620687,160204.3508022704,Diesel Class 7&8 Tractor,0.9774915305493092
2043,Class 7&8 Tractor,Electric,81159.87670267446,1768.4096468269277,Electric Class 7&8 Tractor,0.022508469450690793
2043,Class 7&8 Vocational,Diesel,1509476.6391780598,19962.356492640294,Diesel Class 7&8 Vocational,0.6744892412388805
2043,Class 7&8 Vocational,Electric,728478.4635682802,7302.161077024975,Electric Class 7&8 Vocational,0.32551075876111946
2044,Class 4-6 Vocational,Diesel,1836077.7541127566,28771.696681914156,Diesel Class 4-6 Vocational,0.3714581924460181
2044,Class 4-6 Vocational,Electric,1518431.8168007948,28433.65826558665,Electric Class 4-6 Vocational,0.30719501761727036
2044,Class 4-6 Vocational,Gasoline,1588382.4999877615,23678.36462203375,Gasoline Class 4-6 Vocational,0.32134678993671156
2044,Class 7&8 Tractor,Diesel,3494149.7505859183,160115.3391975164,Diesel Class 7&8 Tractor,0.9710424582038376
2044,Class 7&8 Tractor,Electric,104199.34431271031,2304.6113033689658,Electric Class 7&8 Tractor,0.028957541796162438
2044,Class 7&8 Vocational,Diesel,1452248.577013481,19247.52857159963,Diesel Class 7&8 Vocational,0.6513179642092254
2044,Class 7&8 Vocational,Electric,777458.9649498013,7775.409817057647,Electric Class 7&8 Vocational,0.34868203579077467
2045,Class 4-6 Vocational,Diesel,1767387.9449104927,27618.35037949643,Diesel Class 4-6 Vocational,0.35208980229979187
2045,Class 4-6 Vocational,Electric,1641037.9730972487,30580.764730943363,Electric Class 4-6 Vocational,0.3269190203419222
2045,Class 4-6 Vocational,Gasoline,1611281.9331319665,24325.145707386728,Gasoline Class 4-6 Vocational,0.320991177358286
2045,Class 7&8 Tractor,Diesel,3463884.975901781,159910.3364751224,Diesel Class 7&8 Tractor,0.9646474491454813
2045,Class 7&8 Tractor,Electric,126944.9993085534,2848.996701364325,Electric Class 7&8 Tractor,0.035352550854518675
2045,Class 7&8 Vocational,Diesel,1395876.6611546618,18543.810834007054,Diesel Class 7&8 Vocational,0.6287078573608756
2045,Class 7&8 Vocational,Electric,824354.3170521759,8206.243972327298,Electric Class 7&8 Vocational,0.3712921426391244
2046,Class 4-6 Vocational,Diesel,1690103.3117047336,26204.426690794608,Diesel Class 4-6 Vocational,0.33159782633027257
2046,Class 4-6 Vocational,Electric,1772633.5715529479,33021.55022855948,Electric Class 4-6 Vocational,0.34779024165933115
2046,Class 4-6 Vocational,Gasoline,1634109.891670767,25023.652331414567,Gasoline Class 4-6 Vocational,0.32061193201039623
2046,Class 7&8 Tractor,Diesel,3428969.7872654027,159740.39227782836,Diesel Class 7&8 Tractor,0.9580500723680367
2046,Class 7&8 Tractor,Electric,150143.5452871756,3419.5790581260303,Electric Class 7&8 Tractor,0.041949927631963285
2046,Class 7&8 Vocational,Diesel,1339196.7413206114,17863.505646541173,Diesel Class 7&8 Vocational,0.6064138853565522
2046,Class 7&8 Vocational,Electric,869190.5889483946,8607.080310720303,Electric Class 7&8 Vocational,0.3935861146434478
2047,Class 4-6 Vocational,Diesel,1608355.4128532666,24568.075294010185,Diesel Class 4-6 Vocational,0.3108094686984055
2047,Class 4-6 Vocational,Electric,1909928.8902398543,35595.264774314266,Electric Class 4-6 Vocational,0.36908756539954013
2047,Class 4-6 Vocational,Gasoline,1656446.7615319956,25692.08417207496,Gasoline Class 4-6 Vocational,0.3201029659020545
2047,Class 7&8 Tractor,Diesel,3385689.2181817195,159029.3369680357,Diesel Class 7&8 Tractor,0.9501485356976924
2047,Class 7&8 Tractor,Electric,177637.03132474687,4102.408688152259,Electric Class 7&8 Tractor,0.0498514643023075
2047,Class 7&8 Vocational,Diesel,1281782.8938838067,17191.12853184216,Diesel Class 7&8 Vocational,0.5844367176826514
2047,Class 7&8 Vocational,Electric,911410.7489903113,8971.62071811692,Electric Class 7&8 Vocational,0.41556328231734857
2048,Class 4-6 Vocational,Diesel,1525145.5660479502,22859.215708279324,Diesel Class 4-6 Vocational,0.2903860053796298
2048,Class 4-6 Vocational,Electric,2049066.2836226765,38181.53957453437,Electric Class 4-6 Vocational,0.3901399224476159
2048,Class 4-6 Vocational,Gasoline,1677919.9259432997,26314.047158484012,Gasoline Class 4-6 Vocational,0.3194740721727543
2048,Class 7&8 Tractor,Diesel,3334991.34610453,157826.00028904682,Diesel Class 7&8 Tractor,0.9409888310294351
2048,Class 7&8 Tractor,Electric,209143.54278259192,4891.591773736518,Electric Class 7&8 Tractor,0.05901116897056481
2048,Class 7&8 Vocational,Diesel,1223823.3782096393,16530.015591592597,Diesel Class 7&8 Vocational,0.5627679670361727
2048,Class 7&8 Vocational,Electric,950826.6550090712,9307.921361426237,Electric Class 7&8 Vocational,0.4372320329638272
2049,Class 4-6 Vocational,Diesel,1439875.0512488638,21176.08104431142,Diesel Class 4-6 Vocational,0.27004220465914913
2049,Class 4-6 Vocational,Electric,2192282.656048237,40939.90123732442,Electric Class 4-6 Vocational,0.411152926888904
2049,Class 4-6 Vocational,Gasoline,1699879.383224706,27024.264568714287,Gasoline Class 4-6 Vocational,0.31880486845194683
2049,Class 7&8 Tractor,Diesel,3276579.798199632,156806.0571542727,Diesel Class 7&8 Tractor,0.9302858553514942
2049,Class 7&8 Tractor,Electric,245541.68666549763,5828.172823446005,Electric Class 7&8 Tractor,0.06971414464850578
2049,Class 7&8 Vocational,Diesel,1165060.916986839,15945.0876558345,Diesel Class 7&8 Vocational,0.5410365599965095
2049,Class 7&8 Vocational,Electric,988325.7543212062,9654.128118628247,Electric Class 7&8 Vocational,0.45896344000349054
2050,Class 4-6 Vocational,Diesel,1354209.400645812,19540.135570736766,Diesel Class 4-6 Vocational,0.2500959323523783
2050,Class 4-6 Vocational,Electric,2339160.6761602964,43858.353423296445,Electric Class 4-6 Vocational,0.4319971268456267
2050,Class 4-6 Vocational,Gasoline,1721389.7231964297,27787.885455157735,Gasoline Class 4-6 Vocational,0.3179069408019951
2050,Class 7&8 Tractor,Diesel,3212129.580010359,155965.60880095034,Diesel Class 7&8 Tractor,0.9182938947172387
2050,Class 7&8 Tractor,Electric,285802.39850882627,6888.1222455173465,Electric Class 7&8 Tractor,0.08170610528276134
2050,Class 7&8 Vocational,Diesel,1105848.862262712,15431.288995202776,Diesel Class 7&8 Vocational,0.5191457943847095
2050,Class 7&8 Vocational,Electric,1024282.7389638022,10003.16023581403,Electric Class 7&8 Vocational,0.48085420561529046
