Year,vehicle type,Powertrain,Stock,EV_fraction
2018,Class 4-6 Vocational,Battery Electric,101.0,1.0
2018,Class 4-6 Vocational,H2 Fuel Cell,0.0,0.0
2018,Class 4-6 Vocational,PHEV Diesel,0.0,0.0
2018,Class 4-6 Vocational,PHEV Gasoline,0.0,0.0
2018,Class 7&8 Tractor,Battery Electric,6.0,1.0
2018,Class 7&8 Tractor,H2 Fuel Cell,0.0,0.0
2018,Class 7&8 Tractor,PHEV Diesel,0.0,0.0
2018,Class 7&8 Tractor,PHEV Gasoline,0.0,0.0
2018,Class 7&8 Vocational,Battery Electric,2.0,1.0
2018,Class 7&8 Vocational,H2 Fuel Cell,0.0,0.0
2018,Class 7&8 Vocational,PHEV Diesel,0.0,0.0
2018,Class 7&8 Vocational,PHEV Gasoline,0.0,0.0
2019,Class 4-6 Vocational,Battery Electric,100.95612903225806,1.0
2019,Class 4-6 Vocational,H2 Fuel Cell,0.0,0.0
2019,Class 4-6 Vocational,PHEV Diesel,0.0,0.0
2019,Class 4-6 Vocational,PHEV Gasoline,0.0,0.0
2019,Class 7&8 Tractor,Battery Electric,6.0,1.0
2019,Class 7&8 Tractor,H2 Fuel Cell,0.0,0.0
2019,Class 7&8 Tractor,PHEV Diesel,0.0,0.0
2019,Class 7&8 Tractor,PHEV Gasoline,0.0,0.0
2019,Class 7&8 Vocational,Battery Electric,2.0,1.0
2019,Class 7&8 Vocational,H2 Fuel Cell,0.0,0.0
2019,Class 7&8 Vocational,PHEV Diesel,0.0,0.0
2019,Class 7&8 Vocational,PHEV Gasoline,0.0,0.0
2020,Class 4-6 Vocational,Battery Electric,100.86603288241415,1.0
2020,Class 4-6 Vocational,H2 Fuel Cell,0.0,0.0
2020,Class 4-6 Vocational,PHEV Diesel,0.0,0.0
2020,Class 4-6 Vocational,PHEV Gasoline,0.0,0.0
2020,Class 7&8 Tractor,Battery Electric,6.0,1.0
2020,Class 7&8 Tractor,H2 Fuel Cell,0.0,0.0
2020,Class 7&8 Tractor,PHEV Diesel,0.0,0.0
2020,Class 7&8 Tractor,PHEV Gasoline,0.0,0.0
2020,Class 7&8 Vocational,Battery Electric,2.0,1.0
2020,Class 7&8 Vocational,H2 Fuel Cell,0.0,0.0
2020,Class 7&8 Vocational,PHEV Diesel,0.0,0.0
2020,Class 7&8 Vocational,PHEV Gasoline,0.0,0.0
2021,Class 4-6 Vocational,Battery Electric,100.63738596811118,0.14764064888427242
2021,Class 4-6 Vocational,H2 Fuel Cell,0.0,0.0
2021,Class 4-6 Vocational,PHEV Diesel,316.0,0.46358959544332173
2021,Class 4-6 Vocational,PHEV Gasoline,265.0,0.38876975567240585
2021,Class 7&8 Tractor,Battery Electric,5.984516129032258,1.0
2021,Class 7&8 Tractor,H2 Fuel Cell,0.0,0.0
2021,Class 7&8 Tractor,PHEV Diesel,0.0,0.0
2021,Class 7&8 Tractor,PHEV Gasoline,0.0,0.0
2021,Class 7&8 Vocational,Battery Electric,1.9948387096774194,0.003926887750955052
2021,Class 7&8 Vocational,H2 Fuel Cell,0.0,0.0
2021,Class 7&8 Vocational,PHEV Diesel,246.00000000000003,0.484256888563765
2021,Class 7&8 Vocational,PHEV Gasoline,260.0,0.51181622368528
2022,Class 4-6 Vocational,Battery Electric,100.15030705471742,0.07708908392729903
2022,Class 4-6 Vocational,H2 Fuel Cell,0.0,0.0
2022,Class 4-6 Vocational,PHEV Diesel,653.0,0.5026362203465169
2022,Class 4-6 Vocational,PHEV Gasoline,546.0,0.4202746957261841
2022,Class 7&8 Tractor,Battery Electric,5.953628303850156,1.0
2022,Class 7&8 Tractor,H2 Fuel Cell,0.0,0.0
2022,Class 7&8 Tractor,PHEV Diesel,0.0,0.0
2022,Class 7&8 Tractor,PHEV Gasoline,0.0,0.0
2022,Class 7&8 Vocational,Battery Electric,1.984542767950052,0.0019174612624094024
2022,Class 7&8 Vocational,H2 Fuel Cell,0.0,0.0
2022,Class 7&8 Vocational,PHEV Diesel,502.0,0.4850313983022947
2022,Class 7&8 Vocational,PHEV Gasoline,531.0,0.5130511404352958
2023,Class 4-6 Vocational,Battery Electric,99.40788827455694,0.050837418050038656
2023,Class 4-6 Vocational,H2 Fuel Cell,0.0,0.0
2023,Class 4-6 Vocational,PHEV Diesel,1011.0,0.5170276779910619
2023,Class 4-6 Vocational,PHEV Gasoline,845.0,0.4321349039588994
2023,Class 7&8 Tractor,Battery Electric,5.9075356976268,1.0
2023,Class 7&8 Tractor,H2 Fuel Cell,0.0,0.0
2023,Class 7&8 Tractor,PHEV Diesel,0.0,0.0
2023,Class 7&8 Tractor,PHEV Gasoline,0.0,0.0
2023,Class 7&8 Vocational,Battery Electric,1.9691785658756,0.0012455515215431814
2023,Class 7&8 Vocational,H2 Fuel Cell,0.0,0.0
2023,Class 7&8 Vocational,PHEV Diesel,767.0,0.48514544774096036
2023,Class 7&8 Vocational,PHEV Gasoline,812.0,0.5136090007374965
2024,Class 4-6 Vocational,Battery Electric,98.41518579622229,0.03731501446045979
2024,Class 4-6 Vocational,H2 Fuel Cell,0.0,0.0
2024,Class 4-6 Vocational,PHEV Diesel,1383.0,0.5243770519894384
2024,Class 4-6 Vocational,PHEV Gasoline,1156.0,0.4383079335501018
2024,Class 7&8 Tractor,Battery Electric,5.846554683973879,1.0
2024,Class 7&8 Tractor,H2 Fuel Cell,0.0,0.0
2024,Class 7&8 Tractor,PHEV Diesel,0.0,0.0
2024,Class 7&8 Tractor,PHEV Gasoline,0.0,0.0
2024,Class 7&8 Vocational,Battery Electric,1.9488515613246262,0.0009119785716446753
2024,Class 7&8 Vocational,H2 Fuel Cell,0.0,0.0
2024,Class 7&8 Vocational,PHEV Diesel,1037.0,0.48527132469377254
2024,Class 7&8 Vocational,PHEV Gasoline,1098.0,0.5138166967345827
2025,Class 4-6 Vocational,Battery Electric,97.17916333705621,0.02906353745058489
2025,Class 4-6 Vocational,H2 Fuel Cell,0.0,0.0
2025,Class 4-6 Vocational,PHEV Diesel,1768.1845161290323,0.5288139467286874
2025,Class 4-6 Vocational,PHEV Gasoline,1478.316129032258,0.4421225158207277
2025,Class 7&8 Tractor,Battery Electric,5.771115268696796,1.0
2025,Class 7&8 Tractor,H2 Fuel Cell,0.0,0.0
2025,Class 7&8 Tractor,PHEV Diesel,0.0,0.0
2025,Class 7&8 Tractor,PHEV Gasoline,0.0,0.0
2025,Class 7&8 Vocational,Battery Electric,1.923705089565599,0.000712848265972197
2025,Class 7&8 Vocational,H2 Fuel Cell,0.0,0.0
2025,Class 7&8 Vocational,PHEV Diesel,1310.3651612903227,0.48556898772208196
2025,Class 7&8 Vocational,PHEV Gasoline,1386.3290322580644,0.5137181640119458
2026,Class 4-6 Vocational,Battery Electric,95.70861126207657,0.02347166493289051
2026,Class 4-6 Vocational,H2 Fuel Cell,0.0,0.0
2026,Class 4-6 Vocational,PHEV Diesel,2168.6880799167534,0.531850993181523
2026,Class 4-6 Vocational,PHEV Gasoline,1813.2267554630594,0.4446773418855866
2026,Class 7&8 Tractor,Battery Electric,5.681756064536331,1.0
2026,Class 7&8 Tractor,H2 Fuel Cell,0.0,0.0
2026,Class 7&8 Tractor,PHEV Diesel,0.0,0.0
2026,Class 7&8 Tractor,PHEV Gasoline,0.0,0.0
2026,Class 7&8 Vocational,Battery Electric,1.8939186881787768,0.0005792467662940498
2026,Class 7&8 Vocational,H2 Fuel Cell,0.0,0.0
2026,Class 7&8 Vocational,PHEV Diesel,1588.4381152965661,0.4858168661023836
2026,Class 7&8 Vocational,PHEV Gasoline,1679.2912049947972,0.5136038871313223
2027,Class 4-6 Vocational,Battery Electric,94.01404257359108,0.01949047678942071
2027,Class 4-6 Vocational,H2 Fuel Cell,0.0,0.0
2027,Class 4-6 Vocational,PHEV Diesel,2575.601798840187,0.5339596692673887
2027,Class 4-6 Vocational,PHEV Gasoline,2153.9728059722734,0.4465498539431905
2027,Class 7&8 Tractor,Battery Electric,5.5791178904672885,1.0
2027,Class 7&8 Tractor,H2 Fuel Cell,0.0,0.0
2027,Class 7&8 Tractor,PHEV Diesel,0.0,0.0
2027,Class 7&8 Tractor,PHEV Gasoline,0.0,0.0
2027,Class 7&8 Vocational,Battery Electric,1.859705963489096,0.0004847301571696887
2027,Class 7&8 Vocational,H2 Fuel Cell,0.0,0.0
2027,Class 7&8 Vocational,PHEV Diesel,1864.5465669325636,0.48599185472511625
2027,Class 7&8 Vocational,PHEV Gasoline,1970.1735973307375,0.513523415117714
2028,Class 4-6 Vocational,Battery Electric,92.10756750903177,0.016512991954014667
2028,Class 4-6 Vocational,H2 Fuel Cell,0.0,0.0
2028,Class 4-6 Vocational,PHEV Diesel,2986.998290502389,0.5355073428997562
2028,Class 4-6 Vocational,PHEV Gasoline,2498.7789835444064,0.447979665146229
2028,Class 7&8 Tractor,Battery Electric,5.463936101760868,1.0
2028,Class 7&8 Tractor,H2 Fuel Cell,0.0,0.0
2028,Class 7&8 Tractor,PHEV Diesel,0.0,0.0
2028,Class 7&8 Tractor,PHEV Gasoline,0.0,0.0
2028,Class 7&8 Vocational,Battery Electric,1.8213120339387199,0.00041439560160545926
2028,Class 7&8 Vocational,H2 Fuel Cell,0.0,0.0
2028,Class 7&8 Vocational,PHEV Diesel,2136.0187410348394,0.4859995183348413
2028,Class 7&8 Vocational,PHEV Gasoline,2257.2645930291983,0.5135860860635534
2029,Class 4-6 Vocational,Battery Electric,90.00416196871966,0.014167631142351058
2029,Class 4-6 Vocational,H2 Fuel Cell,0.0,0.0
2029,Class 4-6 Vocational,PHEV Diesel,3409.9386813327483,0.536761327458917
2029,Class 4-6 Vocational,PHEV Gasoline,2852.8596163610905,0.4490710413987319
2029,Class 7&8 Tractor,Battery Electric,5.33703177939739,1.0
2029,Class 7&8 Tractor,H2 Fuel Cell,0.0,0.0
2029,Class 7&8 Tractor,PHEV Diesel,0.0,0.0
2029,Class 7&8 Tractor,PHEV Gasoline,0.0,0.0
2029,Class 7&8 Vocational,Battery Electric,1.7790588263422926,0.000358982690414567
2029,Class 7&8 Vocational,H2 Fuel Cell,0.0,0.0
2029,Class 7&8 Vocational,PHEV Diesel,2408.1910627437014,0.48593047848419985
2029,Class 7&8 Vocational,PHEV Gasoline,2545.864446073781,0.5137105388253855
2030,Class 4-6 Vocational,Battery Electric,207.17106131732567,0.02850038337202232
2030,Class 4-6 Vocational,H2 Fuel Cell,4.71588517680882e-07,6.487611475408723e-11
2030,Class 4-6 Vocational,PHEV Diesel,3844.47185726838,0.5288814040840958
2030,Class 4-6 Vocational,PHEV Gasoline,3217.4193462839207,0.4426182124790057
2030,Class 7&8 Tractor,Battery Electric,5.199301927025845,1.0
2030,Class 7&8 Tractor,H2 Fuel Cell,0.0,0.0
2030,Class 7&8 Tractor,PHEV Diesel,0.0,0.0
2030,Class 7&8 Tractor,PHEV Gasoline,0.0,0.0
2030,Class 7&8 Vocational,Battery Electric,116.74395908753647,0.020727086067426757
2030,Class 7&8 Vocational,H2 Fuel Cell,0.0,0.0
2030,Class 7&8 Vocational,PHEV Diesel,2681.407966943101,0.4760655210522744
2030,Class 7&8 Vocational,PHEV Gasoline,2834.2827880319023,0.5032073928802989
2031,Class 4-6 Vocational,Battery Electric,1499.3015947871402,0.15988051402899967
2031,Class 4-6 Vocational,H2 Fuel Cell,9.309164871482477e-06,9.926982469758731e-10
2031,Class 4-6 Vocational,PHEV Diesel,4288.662047777499,0.45732859558031463
2031,Class 4-6 Vocational,PHEV Gasoline,3589.674416735308,0.3827908893979876
2031,Class 7&8 Tractor,Battery Electric,5.051708840065112,1.0
2031,Class 7&8 Tractor,H2 Fuel Cell,0.0,0.0
2031,Class 7&8 Tractor,PHEV Diesel,0.0,0.0
2031,Class 7&8 Tractor,PHEV Gasoline,0.0,0.0
2031,Class 7&8 Vocational,Battery Electric,2445.368147973484,0.28693860822076045
2031,Class 7&8 Vocational,H2 Fuel Cell,0.0,0.0
2031,Class 7&8 Vocational,PHEV Diesel,2954.042181135112,0.34662623408371956
2031,Class 7&8 Vocational,PHEV Gasoline,3122.8591665742715,0.36643515769552004
2032,Class 4-6 Vocational,Battery Electric,9126.43274189934,0.5117178633964906
2032,Class 4-6 Vocational,H2 Fuel Cell,9.636152061236884e-05,5.402977574689952e-09
2032,Class 4-6 Vocational,PHEV Diesel,4740.598119640075,0.26580470262675565
2032,Class 4-6 Vocational,PHEV Gasoline,3967.86087355341,0.22247742857377628
2032,Class 7&8 Tractor,Battery Electric,4.895268824372774,1.0
2032,Class 7&8 Tractor,H2 Fuel Cell,0.0,0.0
2032,Class 7&8 Tractor,PHEV Diesel,0.0,0.0
2032,Class 7&8 Tractor,PHEV Gasoline,0.0,0.0
2032,Class 7&8 Vocational,Battery Electric,12760.716473855342,0.6580337583019739
2032,Class 7&8 Vocational,H2 Fuel Cell,1.0952484057154792e-26,5.64788369182735e-31
2032,Class 7&8 Vocational,PHEV Diesel,3223.50438805607,0.16622692869333683
2032,Class 7&8 Vocational,PHEV Gasoline,3407.9703636326817,0.17573931300468923
2033,Class 4-6 Vocational,Battery Electric,34775.55170169826,0.784414083852127
2033,Class 4-6 Vocational,H2 Fuel Cell,0.00031670495514031684,7.143749418235358e-09
2033,Class 4-6 Vocational,PHEV Diesel,5203.379271338933,0.11736992755928446
2033,Class 4-6 Vocational,PHEV Gasoline,4354.224396246195,0.09821598144483912
2033,Class 7&8 Tractor,Battery Electric,4.731040450909947,1.0
2033,Class 7&8 Tractor,H2 Fuel Cell,0.0,0.0
2033,Class 7&8 Tractor,PHEV Diesel,0.0,0.0
2033,Class 7&8 Tractor,PHEV Gasoline,0.0,0.0
2033,Class 7&8 Vocational,Battery Electric,29210.57737114875,0.8026024202341617
2033,Class 7&8 Vocational,H2 Fuel Cell,2.9168349164344823e-24,8.014421398140816e-29
2033,Class 7&8 Vocational,PHEV Diesel,3492.2318242516226,0.09595406754717244
2033,Class 7&8 Vocational,PHEV Gasoline,3692.019221172897,0.10144351221866584
2034,Class 4-6 Vocational,Battery Electric,74383.72771280717,0.8770025053284003
2034,Class 4-6 Vocational,H2 Fuel Cell,0.0005288891982757854,6.235734161103769e-09
2034,Class 4-6 Vocational,PHEV Diesel,5679.11844370132,0.06695820788133529
2034,Class 4-6 Vocational,PHEV Gasoline,4753.020157483931,0.05603928055453035
2034,Class 7&8 Tractor,Battery Electric,4.560112537844814,1.0
2034,Class 7&8 Tractor,H2 Fuel Cell,0.0,0.0
2034,Class 7&8 Tractor,PHEV Diesel,0.0,0.0
2034,Class 7&8 Tractor,PHEV Gasoline,0.0,0.0
2034,Class 7&8 Vocational,Battery Electric,62817.18887073752,0.890337961216628
2034,Class 7&8 Vocational,H2 Fuel Cell,4.766400099939004e-22,6.755646063778722e-27
2034,Class 7&8 Vocational,PHEV Diesel,3760.6893816759807,0.053302043231198526
2034,Class 7&8 Vocational,PHEV Gasoline,3976.44112637516,0.05635999555217354
2035,Class 4-6 Vocational,Battery Electric,152448.2935052711,0.9308468384177836
2035,Class 4-6 Vocational,H2 Fuel Cell,0.0005288639639031817,3.2292348929137202e-09
2035,Class 4-6 Vocational,PHEV Diesel,6165.950542962292,0.03764919525687188
2035,Class 4-6 Vocational,PHEV Gasoline,5159.522721072394,0.03150396309610968
2035,Class 7&8 Tractor,Battery Electric,4.383592052508887,1.0
2035,Class 7&8 Tractor,H2 Fuel Cell,0.0,0.0
2035,Class 7&8 Tractor,PHEV Diesel,0.0,0.0
2035,Class 7&8 Tractor,PHEV Gasoline,0.0,0.0
2035,Class 7&8 Vocational,Battery Electric,109252.29041844078,0.9295110964326487
2035,Class 7&8 Vocational,H2 Fuel Cell,1.5016678480568628e-19,1.2776088469898015e-24
2035,Class 7&8 Vocational,PHEV Diesel,4026.375482985428,0.034256130242259986
2035,Class 7&8 Vocational,PHEV Gasoline,4258.704913981883,0.0362327733250913
2036,Class 4-6 Vocational,Battery Electric,244526.73137956852,0.9523374164422805
2036,Class 4-6 Vocational,H2 Fuel Cell,0.0007307220728577077,2.8458809680093846e-09
2036,Class 4-6 Vocational,PHEV Diesel,6663.04024836489,0.025949974875871373
2036,Class 4-6 Vocational,PHEV Gasoline,5575.033011552128,0.021712605835967107
2036,Class 7&8 Tractor,Battery Electric,4.202592122598844,1.0
2036,Class 7&8 Tractor,H2 Fuel Cell,0.0,0.0
2036,Class 7&8 Tractor,PHEV Diesel,0.0,0.0
2036,Class 7&8 Tractor,PHEV Gasoline,0.0,0.0
2036,Class 7&8 Vocational,Battery Electric,155563.42159856064,0.946303772393991
2036,Class 7&8 Vocational,H2 Fuel Cell,4.3483998709606477e-17,2.645163727747216e-22
2036,Class 7&8 Vocational,PHEV Diesel,4289.830109543182,0.02609535309698794
2036,Class 7&8 Vocational,PHEV Gasoline,4537.3236406672095,0.027600874509021118
2037,Class 4-6 Vocational,Battery Electric,338642.7712346651,0.9625367179429538
2037,Class 4-6 Vocational,H2 Fuel Cell,0.0016991003166831407,4.829414891430617e-09
2037,Class 4-6 Vocational,PHEV Diesel,7175.576429146423,0.020395402979599787
2037,Class 4-6 Vocational,PHEV Gasoline,6004.874543165961,0.017067874248031484
2037,Class 7&8 Tractor,Battery Electric,4.018220339155799,1.0
2037,Class 7&8 Tractor,H2 Fuel Cell,0.0,0.0
2037,Class 7&8 Tractor,PHEV Diesel,0.0,0.0
2037,Class 7&8 Tractor,PHEV Gasoline,0.0,0.0
2037,Class 7&8 Vocational,Battery Electric,201595.23219343004,0.9555738707206707
2037,Class 7&8 Vocational,H2 Fuel Cell,9.13653300911694e-15,4.330773162389096e-20
2037,Class 7&8 Vocational,PHEV Diesel,4554.629438626581,0.02158922527587712
2037,Class 7&8 Vocational,PHEV Gasoline,4817.8493638413875,0.022836904003452285
2038,Class 4-6 Vocational,Battery Electric,433680.6535045958,0.9684028356124766
2038,Class 4-6 Vocational,H2 Fuel Cell,0.031884653081073466,7.119798452320037e-08
2038,Class 4-6 Vocational,PHEV Diesel,7703.768658377888,0.017202407701123364
2038,Class 4-6 Vocational,PHEV Gasoline,6446.384066668821,0.014394685488415545
2038,Class 7&8 Tractor,Battery Electric,3.8315675234014663,1.0
2038,Class 7&8 Tractor,H2 Fuel Cell,0.0,0.0
2038,Class 7&8 Tractor,PHEV Diesel,0.0,0.0
2038,Class 7&8 Tractor,PHEV Gasoline,0.0,0.0
2038,Class 7&8 Vocational,Battery Electric,247069.81338498538,0.9614169990148462
2038,Class 7&8 Vocational,H2 Fuel Cell,1.105438221527609e-12,4.3015659540785046e-18
2038,Class 7&8 Vocational,PHEV Diesel,4818.385162637978,0.018749669737851457
2038,Class 7&8 Vocational,PHEV Gasoline,5096.869989915684,0.01983333124730225
2039,Class 4-6 Vocational,Battery Electric,530075.1403863191,0.9722011256096307
2039,Class 4-6 Vocational,H2 Fuel Cell,1.056525276588009,1.9377536973065696e-06
2039,Class 4-6 Vocational,PHEV Diesel,8250.853598344476,0.015132739765356106
2039,Class 4-6 Vocational,PHEV Gasoline,6904.925079399931,0.012664196871315942
2039,Class 7&8 Tractor,Battery Electric,3.6436971158024276,1.0
2039,Class 7&8 Tractor,H2 Fuel Cell,0.0,0.0
2039,Class 7&8 Tractor,PHEV Diesel,0.0,0.0
2039,Class 7&8 Tractor,PHEV Gasoline,0.0,0.0
2039,Class 7&8 Vocational,Battery Electric,292167.48189804074,0.9654336067447666
2039,Class 7&8 Vocational,H2 Fuel Cell,5.156145126940133e-10,1.7037884416371961e-15
2039,Class 7&8 Vocational,PHEV Diesel,5083.751094029517,0.01679866671888677
2039,Class 7&8 Vocational,PHEV Gasoline,5377.01596972607,0.017767726536344768
2040,Class 4-6 Vocational,Battery Electric,627960.4160619595,0.974783662014856
2040,Class 4-6 Vocational,H2 Fuel Cell,40.50482422993875,6.287568433012825e-05
2040,Class 4-6 Vocational,PHEV Diesel,8821.098335696995,0.013693000894208366
2040,Class 4-6 Vocational,PHEV Gasoline,7382.885447914247,0.011460461406605534
2040,Class 7&8 Tractor,Battery Electric,3.4556353291803683,1.0
2040,Class 7&8 Tractor,H2 Fuel Cell,0.0,0.0
2040,Class 7&8 Tractor,PHEV Diesel,0.0,0.0
2040,Class 7&8 Tractor,PHEV Gasoline,0.0,0.0
2040,Class 7&8 Vocational,Battery Electric,336903.4262899757,0.9683531233873741
2040,Class 7&8 Vocational,H2 Fuel Cell,1.4639611050214673e-06,4.2078269258829144e-12
2040,Class 7&8 Vocational,PHEV Diesel,5350.421549476142,0.015378583340422667
2040,Class 7&8 Vocational,PHEV Gasoline,5659.963921741035,0.016268293267995358
2041,Class 4-6 Vocational,Battery Electric,725904.4184826443,0.9763391467345012
2041,Class 4-6 Vocational,H2 Fuel Cell,313.3018066614499,0.0004213899389476318
2041,Class 4-6 Vocational,PHEV Diesel,9405.787739658255,0.012650754758180793
2041,Class 4-6 Vocational,PHEV Gasoline,7872.664290388602,0.010588708568370506
2041,Class 7&8 Tractor,Battery Electric,3.268362188760272,1.0
2041,Class 7&8 Tractor,H2 Fuel Cell,0.0,0.0
2041,Class 7&8 Tractor,PHEV Diesel,0.0,0.0
2041,Class 7&8 Tractor,PHEV Gasoline,0.0,0.0
2041,Class 7&8 Vocational,Battery Electric,380595.87050118466,0.9705280056352154
2041,Class 7&8 Vocational,H2 Fuel Cell,3.130454163934404e-06,7.982728326649713e-12
2041,Class 7&8 Vocational,PHEV Diesel,5616.121518134752,0.014321235827448034
2041,Class 7&8 Vocational,PHEV Gasoline,5941.421677428692,0.015150758529353922
2042,Class 4-6 Vocational,Battery Electric,823853.1527830288,0.9763925117829154
2042,Class 4-6 Vocational,H2 Fuel Cell,1534.4459285277933,0.0018185540824711681
2042,Class 4-6 Vocational,PHEV Diesel,10008.224301857814,0.011861282840961978
2042,Class 4-6 Vocational,PHEV Gasoline,8376.679172877242,0.00992765129365143
2042,Class 7&8 Tractor,Battery Electric,3.0828035612693676,1.0
2042,Class 7&8 Tractor,H2 Fuel Cell,0.0,0.0
2042,Class 7&8 Tractor,PHEV Diesel,0.0,0.0
2042,Class 7&8 Tractor,PHEV Gasoline,0.0,0.0
2042,Class 7&8 Vocational,Battery Electric,423226.584942962,0.9722008720209998
2042,Class 7&8 Vocational,H2 Fuel Cell,4.713401009040777e-06,1.0827232348345198e-11
2042,Class 7&8 Vocational,PHEV Diesel,5880.611911848218,0.013508452049358886
2042,Class 7&8 Vocational,PHEV Gasoline,6221.136124958805,0.014290675918814047
2043,Class 4-6 Vocational,Battery Electric,921957.8968925128,0.9706370017224192
2043,Class 4-6 Vocational,H2 Fuel Cell,8359.321514582633,0.008800691223206867
2043,Class 4-6 Vocational,PHEV Diesel,10632.719865019495,0.011194124335528256
2043,Class 4-6 Vocational,PHEV Gasoline,8898.352341652988,0.009368182718845658
2043,Class 7&8 Tractor,Battery Electric,2.8998242531166065,0.999999999999849
2043,Class 7&8 Tractor,H2 Fuel Cell,4.3766090814237567e-13,1.5092670104815162e-13
2043,Class 7&8 Tractor,PHEV Diesel,0.0,0.0
2043,Class 7&8 Tractor,PHEV Gasoline,0.0,0.0
2043,Class 7&8 Vocational,Battery Electric,464850.3807708284,0.9735189518402805
2043,Class 7&8 Vocational,H2 Fuel Cell,1.0467551985859639e-05,2.1921806798802165e-11
2043,Class 7&8 Vocational,PHEV Diesel,6144.68152860185,0.012868579157012497
2043,Class 7&8 Vocational,PHEV Gasoline,6499.885160928267,0.013612468980785176
2044,Class 4-6 Vocational,Battery Electric,1019533.3841071626,0.9543503688733276
2044,Class 4-6 Vocational,H2 Fuel Cell,28055.854350118683,0.026262126739027704
2044,Class 4-6 Vocational,PHEV Diesel,11275.584467063445,0.010554689393352218
2044,Class 4-6 Vocational,PHEV Gasoline,9436.104449726312,0.008832814994292533
2044,Class 7&8 Tractor,Battery Electric,18.274516573534882,0.9999999735739034
2044,Class 7&8 Tractor,H2 Fuel Cell,4.829241531300478e-07,2.642609660425257e-08
2044,Class 7&8 Tractor,PHEV Diesel,0.0,0.0
2044,Class 7&8 Tractor,PHEV Gasoline,0.0,0.0
2044,Class 7&8 Vocational,Battery Electric,505148.0828316632,0.9745634062844023
2044,Class 7&8 Vocational,H2 Fuel Cell,4.4536839992876636e-05,8.592326876763639e-11
2044,Class 7&8 Vocational,PHEV Diesel,6407.146424773908,0.012361069271585085
2044,Class 7&8 Vocational,PHEV Gasoline,6777.471859619612,0.013075524358089395
2045,Class 4-6 Vocational,Battery Electric,1116245.7194806505,0.9321645626843049
2045,Class 4-6 Vocational,H2 Fuel Cell,59305.86045271286,0.04952567388051498
2045,Class 4-6 Vocational,PHEV Diesel,11936.148533283516,0.00996774678145228
2045,Class 4-6 Vocational,PHEV Gasoline,9989.373930656075,0.008342016653727854
2045,Class 7&8 Tractor,Battery Electric,152.18747116622347,0.9999999689303889
2045,Class 7&8 Tractor,H2 Fuel Cell,4.7284056852837794e-06,3.1069611066797704e-08
2045,Class 7&8 Tractor,PHEV Diesel,0.0,0.0
2045,Class 7&8 Tractor,PHEV Gasoline,0.0,0.0
2045,Class 7&8 Vocational,Battery Electric,543988.8067219328,0.9753983198816505
2045,Class 7&8 Vocational,H2 Fuel Cell,0.00012779218119734112,2.2913758021056784e-10
2045,Class 7&8 Vocational,PHEV Diesel,6667.854163805178,0.011955785979831659
2045,Class 7&8 Vocational,PHEV Gasoline,7052.733839577049,0.012645893909380241
2046,Class 4-6 Vocational,Battery Electric,1212149.8838498353,0.9056125772712087
2046,Class 4-6 Vocational,H2 Fuel Cell,103156.89302731078,0.07706982527692628
2046,Class 4-6 Vocational,PHEV Diesel,12618.753840978492,0.009427631302149424
2046,Class 4-6 Vocational,PHEV Gasoline,10560.61034485043,0.007889966149715672
2046,Class 7&8 Tractor,Battery Electric,656.5283646415712,0.999999971876142
2046,Class 7&8 Tractor,H2 Fuel Cell,1.8464111060010728e-05,2.8123858061805283e-08
2046,Class 7&8 Tractor,PHEV Diesel,0.0,0.0
2046,Class 7&8 Tractor,PHEV Gasoline,0.0,0.0
2046,Class 7&8 Vocational,Battery Electric,581373.6326196182,0.9760702107111626
2046,Class 7&8 Vocational,H2 Fuel Cell,0.00056408776792903,9.470489124544077e-10
2046,Class 7&8 Vocational,PHEV Diesel,6926.682623775218,0.011629231510988002
2046,Class 7&8 Vocational,PHEV Gasoline,7326.542014591524,0.012300556830800483
2047,Class 4-6 Vocational,Battery Electric,1306290.9153762078,0.8788335317063924
2047,Class 4-6 Vocational,H2 Fuel Cell,155642.83283930356,0.10471185159360878
2047,Class 4-6 Vocational,PHEV Diesel,13314.741660184567,0.00895776070953403
2047,Class 4-6 Vocational,PHEV Gasoline,11143.264931201362,0.007496855990464657
2047,Class 7&8 Tractor,Battery Electric,1601.3655637907254,0.999999969184024
2047,Class 7&8 Tractor,H2 Fuel Cell,4.9347644381162816e-05,3.08159760496236e-08
2047,Class 7&8 Tractor,PHEV Diesel,0.0,0.0
2047,Class 7&8 Tractor,PHEV Gasoline,0.0,0.0
2047,Class 7&8 Vocational,Battery Electric,616854.1429097076,0.9766060454811202
2047,Class 7&8 Vocational,H2 Fuel Cell,0.0022187394004350297,3.5127174498513137e-09
2047,Class 7&8 Vocational,PHEV Diesel,7180.535965690024,0.011368254415556316
2047,Class 7&8 Vocational,PHEV Gasoline,7595.796480694516,0.012025696590606039
2048,Class 4-6 Vocational,Battery Electric,1398281.2005793117,0.8541787827313388
2048,Class 4-6 Vocational,H2 Fuel Cell,212948.46120522593,0.13008546299659293
2048,Class 4-6 Vocational,PHEV Diesel,14023.461408813064,0.008566619640525172
2048,Class 4-6 Vocational,PHEV Gasoline,11735.79393725332,0.007169134631543142
2048,Class 7&8 Tractor,Battery Electric,3170.9012123188754,0.9999999591528291
2048,Class 7&8 Tractor,H2 Fuel Cell,0.0001295223485930736,4.0847170766235444e-08
2048,Class 7&8 Tractor,PHEV Diesel,0.0,0.0
2048,Class 7&8 Tractor,PHEV Gasoline,0.0,0.0
2048,Class 7&8 Vocational,Battery Electric,650264.9681381925,0.9770284804203934
2048,Class 7&8 Vocational,H2 Fuel Cell,0.01067216204148609,1.6035011530834057e-08
2048,Class 7&8 Vocational,PHEV Diesel,7429.345554441623,0.011162653000294348
2048,Class 7&8 Vocational,PHEV Gasoline,7859.424752525481,0.011808850544300739
2049,Class 4-6 Vocational,Battery Electric,1489944.9225101487,0.8312628032402468
2049,Class 4-6 Vocational,H2 Fuel Cell,275322.4840831733,0.153606577301174
2049,Class 4-6 Vocational,PHEV Diesel,14764.271448791438,0.008237210306838516
2049,Class 4-6 Vocational,PHEV Gasoline,12355.659274522526,0.0068934091517406345
2049,Class 7&8 Tractor,Battery Electric,6221.19956040606,0.999999952674143
2049,Class 7&8 Tractor,H2 Fuel Cell,0.00029442361458542686,4.7325856981890456e-08
2049,Class 7&8 Tractor,PHEV Diesel,0.0,0.0
2049,Class 7&8 Tractor,PHEV Gasoline,0.0,0.0
2049,Class 7&8 Vocational,Battery Electric,682266.7913740125,0.9773597368436059
2049,Class 7&8 Vocational,H2 Fuel Cell,0.06763162595923516,9.688354905374195e-08
2049,Class 7&8 Vocational,PHEV Diesel,7680.068121882092,0.011001838948407535
2049,Class 7&8 Vocational,PHEV Gasoline,8124.38239603389,0.011638327324437555
2050,Class 4-6 Vocational,Battery Electric,1582149.299219856,0.8104970458199305
2050,Class 4-6 Vocational,H2 Fuel Cell,341367.7285655167,0.17487447972011141
2050,Class 4-6 Vocational,PHEV Diesel,15545.526862265284,0.007963599644984921
2050,Class 4-6 Vocational,PHEV Gasoline,13010.321348216801,0.00666487481497306
2050,Class 7&8 Tractor,Battery Electric,11018.484308903837,0.9999999509935614
2050,Class 7&8 Tractor,H2 Fuel Cell,0.0005399767012196012,4.9006438600717595e-08
2050,Class 7&8 Tractor,PHEV Diesel,0.0,0.0
2050,Class 7&8 Tractor,PHEV Gasoline,0.0,0.0
2050,Class 7&8 Vocational,Battery Electric,713124.7144092432,0.9776097345922928
2050,Class 7&8 Vocational,H2 Fuel Cell,0.41401781792334075,5.675695161284838e-07
2050,Class 7&8 Vocational,PHEV Diesel,7936.683784521705,0.010880255825317741
2050,Class 7&8 Vocational,PHEV Gasoline,8395.648343112052,0.011509442012873272
