Year,vehicle type,fuel type,Stock,VMT_millions,vehicle category,Fraction
2018,Class 4-6 Vocational,Diesel,2059238.0,37818.89186650094,Diesel Class 4-6 Vocational,0.5887427891632384
2018,Class 4-6 Vocational,Electric,101.0,2.2748445531186356,Electric Class 4-6 Vocational,2.887622591729906e-05
2018,Class 4-6 Vocational,Gasoline,1438348.0,18945.786779504564,Gasoline Class 4-6 Vocational,0.41122833461084424
2018,Class 7&8 Tractor,Diesel,2818447.0,140459.83288787008,Diesel Class 7&8 Tractor,0.9999978711725901
2018,Class 7&8 Tractor,Electric,6.0,0.12861426195261982,Electric Class 7&8 Tractor,2.1288274099301994e-06
2018,Class 7&8 Vocational,Diesel,1957950.0,33450.77402712136,Diesel Class 7&8 Vocational,0.999998978524499
2018,Class 7&8 Vocational,Electric,2.0,0.02143571032543664,Electric Class 7&8 Vocational,1.0214755009315856e-06
2019,Class 4-6 Vocational,Diesel,2106688.246616429,38416.17292370153,Diesel Class 4-6 Vocational,0.5927601803284915
2019,Class 4-6 Vocational,Electric,100.95612903225806,2.0882771176773245,Electric Class 4-6 Vocational,2.8406088725534856e-05
2019,Class 4-6 Vocational,Gasoline,1447242.1180645162,18999.632336666888,Gasoline Class 4-6 Vocational,0.40721141358278296
2019,Class 7&8 Tractor,Diesel,2901534.538297316,143264.01609463242,Diesel Class 7&8 Tractor,0.9999979321329753
2019,Class 7&8 Tractor,Electric,6.0,0.12471969426341911,Electric Class 7&8 Tractor,2.06786702470851e-06
2019,Class 7&8 Vocational,Diesel,1978331.7763517916,33527.25792665719,Diesel Class 7&8 Vocational,0.9999989890482466
2019,Class 7&8 Vocational,Electric,2.0,0.020786615710569854,Electric Class 7&8 Vocational,1.0109517533932837e-06
2020,Class 4-6 Vocational,Diesel,2135934.9953784337,35420.827061629105,Diesel Class 4-6 Vocational,0.5998022401119174
2020,Class 4-6 Vocational,Electric,100.86603288241415,1.7832203338037866,Electric Class 4-6 Vocational,2.8324678702759546e-05
2020,Class 4-6 Vocational,Gasoline,1425029.5240395425,16913.902064250113,Gasoline Class 4-6 Vocational,0.4001694352093798
2020,Class 7&8 Tractor,Diesel,2999421.5752854184,134707.0824920312,Diesel Class 7&8 Tractor,0.9999979996183107
2020,Class 7&8 Tractor,Electric,6.0,0.11140496445935318,Electric Class 7&8 Tractor,2.0003816893058516e-06
2020,Class 7&8 Vocational,Diesel,2008590.6760322535,30833.0045432942,Diesel Class 7&8 Vocational,0.9999990042779585
2020,Class 7&8 Vocational,Electric,2.0,0.018567494076558864,Electric Class 7&8 Vocational,9.957220415394387e-07
2021,Class 4-6 Vocational,Diesel,2189311.182346111,37370.461356435255,Diesel Class 4-6 Vocational,0.6077368967493777
2021,Class 4-6 Vocational,Electric,681.6373859681112,13.987576254343878,Electric Class 4-6 Vocational,0.00018921759181474246
2021,Class 4-6 Vocational,Gasoline,1412406.8273128048,17008.444027746536,Gasoline Class 4-6 Vocational,0.39207388565880763
2021,Class 7&8 Tractor,Diesel,3074634.3042627745,141856.92305530026,Diesel Class 7&8 Tractor,0.9999980535882033
2021,Class 7&8 Tractor,Electric,5.984516129032258,0.11315053187925488,Electric Class 7&8 Tractor,1.9464117968118524e-06
2021,Class 7&8 Vocational,Diesel,2029663.0124777432,31950.419872492766,Diesel Class 7&8 Vocational,0.9997497773158621
2021,Class 7&8 Vocational,Electric,507.9948387096774,4.957599199319475,Electric Class 7&8 Vocational,0.0002502226841379051
2022,Class 4-6 Vocational,Diesel,2246623.237961594,38588.74978090351,Diesel Class 4-6 Vocational,0.6150720127003213
2022,Class 4-6 Vocational,Electric,1299.1503070547174,26.05339491913177,Electric Class 4-6 Vocational,0.0003556764572974855
2022,Class 4-6 Vocational,Gasoline,1404695.8280900365,16809.310515475263,Gasoline Class 4-6 Vocational,0.3845723108423813
2022,Class 7&8 Tractor,Diesel,3150093.0690881913,145582.47879715226,Diesel Class 7&8 Tractor,0.9999981100186817
2022,Class 7&8 Tractor,Electric,5.953628303850156,0.11190822156028055,Electric Class 7&8 Tractor,1.8899813183383775e-06
2022,Class 7&8 Vocational,Diesel,2053203.6374678495,32361.864360504806,Diesel Class 7&8 Vocational,0.9994961712180472
2022,Class 7&8 Vocational,Electric,1034.9845427679502,9.923878097411572,Electric Class 7&8 Vocational,0.000503828781952772
2023,Class 4-6 Vocational,Diesel,2307234.559409638,39526.82727711851,Diesel Class 4-6 Vocational,0.621803238878606
2023,Class 4-6 Vocational,Electric,1955.407888274557,37.803634053690274,Electric Class 4-6 Vocational,0.0005269854134678908
2023,Class 4-6 Vocational,Gasoline,1401364.1359110556,16536.54969665023,Gasoline Class 4-6 Vocational,0.377669775707926
2023,Class 7&8 Tractor,Diesel,3224738.417175665,147794.52501131842,Diesel Class 7&8 Tractor,0.9999981680607506
2023,Class 7&8 Tractor,Electric,5.9075356976268,0.10895827714642403,Electric Class 7&8 Tractor,1.831939249371519e-06
2023,Class 7&8 Vocational,Diesel,2078879.256132618,32525.529676848793,Diesel Class 7&8 Vocational,0.9992400868041929
2023,Class 7&8 Vocational,Electric,1580.9691785658756,14.869054492251692,Electric Class 7&8 Vocational,0.0007599131958071454
2024,Class 4-6 Vocational,Diesel,2368656.8799771583,40380.56207046766,Diesel Class 4-6 Vocational,0.6278744305681347
2024,Class 4-6 Vocational,Electric,2637.4151857962224,49.10310168429735,Electric Class 4-6 Vocational,0.0006991158457570788
2024,Class 4-6 Vocational,Gasoline,1401206.645564747,16313.744396911155,Gasoline Class 4-6 Vocational,0.3714264535861082
2024,Class 7&8 Tractor,Diesel,3295332.7532892227,149334.39849359135,Diesel Class 7&8 Tractor,0.9999982258106392
2024,Class 7&8 Tractor,Electric,5.846554683973879,0.10485919566782467,Electric Class 7&8 Tractor,1.7741893607688199e-06
2024,Class 7&8 Vocational,Diesel,2103748.770721944,32645.432822880597,Diesel Class 7&8 Vocational,0.9989852493743137
2024,Class 7&8 Vocational,Electric,2136.948851561325,19.788675642877337,Electric Class 7&8 Vocational,0.0010147506256864265
2025,Class 4-6 Vocational,Diesel,2431091.073183064,41328.273350426796,Diesel Class 4-6 Vocational,0.6333481564043566
2025,Class 4-6 Vocational,Electric,3343.6798084983466,60.22264150197959,Electric Class 4-6 Vocational,0.0008710958901042511
2025,Class 4-6 Vocational,Gasoline,1404040.2604747298,16153.41799004572,Gasoline Class 4-6 Vocational,0.36578074770553914
2025,Class 7&8 Tractor,Diesel,3362825.24383456,150925.40325774648,Diesel Class 7&8 Tractor,0.9999982838521344
2025,Class 7&8 Tractor,Electric,5.771115268696796,0.09990995635403269,Electric Class 7&8 Tractor,1.7161478656051047e-06
2025,Class 7&8 Vocational,Diesel,2128209.640963888,32844.57183097632,Diesel Class 7&8 Vocational,0.9987335832561471
2025,Class 7&8 Vocational,Electric,2698.6178986379527,24.765800831178144,Electric Class 7&8 Vocational,0.0012664167438529096
2026,Class 4-6 Vocational,Diesel,2495403.740752832,42238.15073069611,Diesel Class 4-6 Vocational,0.6384485529921614
2026,Class 4-6 Vocational,Electric,4077.623446641889,71.0934718725719,Electric Class 4-6 Vocational,0.0010432591514710262
2026,Class 4-6 Vocational,Gasoline,1409061.8207726583,16035.304285004126,Gasoline Class 4-6 Vocational,0.36050818785636746
2026,Class 7&8 Tractor,Diesel,3427674.5514592314,152009.1742662458,Diesel Class 7&8 Tractor,0.999998342390282
2026,Class 7&8 Tractor,Electric,5.681756064536331,0.09363495848130046,Electric Class 7&8 Tractor,1.6576097179306089e-06
2026,Class 7&8 Vocational,Diesel,2153004.981016032,32981.12124416723,Diesel Class 7&8 Vocational,0.9984836702929546
2026,Class 7&8 Vocational,Electric,3269.623238979542,29.75966343609324,Electric Class 7&8 Vocational,0.0015163297070454485
2027,Class 4-6 Vocational,Diesel,2556977.858285478,43082.92487178646,Diesel Class 4-6 Vocational,0.6430049084357001
2027,Class 4-6 Vocational,Electric,4823.588647386051,81.59555370861607,Electric Class 4-6 Vocational,0.0012129910184766521
2027,Class 4-6 Vocational,Gasoline,1414805.6127334202,15951.633839679707,Gasoline Class 4-6 Vocational,0.35578210054582315
2027,Class 7&8 Tractor,Diesel,3483277.3350974233,152444.17523092625,Diesel Class 7&8 Tractor,0.9999983983161782
2027,Class 7&8 Tractor,Electric,5.5791178904672885,0.08625451580817761,Electric Class 7&8 Tractor,1.601683821804669e-06
2027,Class 7&8 Vocational,Diesel,2175627.3991291095,33041.23410906335,Diesel Class 7&8 Vocational,0.9982396681444635
2027,Class 7&8 Vocational,Electric,3836.5798702267903,34.64741014615151,Electric Class 7&8 Vocational,0.0017603318555364656
2028,Class 4-6 Vocational,Diesel,2615322.7549317577,44041.73506319844,Diesel Class 4-6 Vocational,0.6472498574626155
2028,Class 4-6 Vocational,Electric,5577.884841555827,92.152250093466,Electric Class 4-6 Vocational,0.0013804358035091149
2028,Class 4-6 Vocational,Gasoline,1419768.8555966655,15979.839181258158,Gasoline Class 4-6 Vocational,0.3513697067338753
2028,Class 7&8 Tractor,Diesel,3528095.3387969434,152917.57872682632,Diesel Class 7&8 Tractor,0.9999984513095268
2028,Class 7&8 Tractor,Electric,5.463936101760868,0.07834264932924861,Electric Class 7&8 Tractor,1.5486904732223713e-06
2028,Class 7&8 Vocational,Diesel,2194923.0715765976,33161.522757387116,Diesel Class 7&8 Vocational,0.9980016058187422
2028,Class 7&8 Vocational,Electric,4395.104646097977,39.53488383591572,Electric Class 7&8 Vocational,0.0019983941812578114
2029,Class 4-6 Vocational,Diesel,2670269.1174047804,45047.10575450886,Diesel Class 4-6 Vocational,0.6510971873265549
2029,Class 4-6 Vocational,Electric,6352.802459662558,102.94761602883756,Electric Class 4-6 Vocational,0.0015490168336094717
2029,Class 4-6 Vocational,Gasoline,1424561.696623089,16075.568122531662,Gasoline Class 4-6 Vocational,0.34735379583983567
2029,Class 7&8 Tractor,Diesel,3563655.225420184,153327.907152785,Diesel Class 7&8 Tractor,0.9999985023737009
2029,Class 7&8 Tractor,Electric,5.33703177939739,0.06992674949508937,Electric Class 7&8 Tractor,1.4976262991010752e-06
2029,Class 7&8 Vocational,Diesel,2210950.9163264674,33306.53251809493,Diesel Class 7&8 Vocational,0.9977635184487597
2029,Class 7&8 Vocational,Electric,4955.834567643825,44.42801493788123,Electric Class 7&8 Vocational,0.00223648155124044
2030,Class 4-6 Vocational,Diesel,2724823.496813592,46027.09042022115,Diesel Class 4-6 Vocational,0.6545634111336253
2030,Class 4-6 Vocational,Electric,7269.062265341215,116.22300898248733,Electric Class 4-6 Vocational,0.0017461909726294344
2030,Class 4-6 Vocational,Gasoline,1430718.0265212073,16185.490818319495,Gasoline Class 4-6 Vocational,0.34369039789374534
2030,Class 7&8 Tractor,Diesel,3593543.7799310344,153522.17688752819,Diesel Class 7&8 Tractor,0.9999985531567938
2030,Class 7&8 Tractor,Electric,5.199301927025845,0.06125590727405204,Electric Class 7&8 Tractor,1.446843206276718e-06
2030,Class 7&8 Vocational,Diesel,2225692.3862362835,33424.73475531521,Diesel Class 7&8 Vocational,0.9974757441582782
2030,Class 7&8 Vocational,Electric,5632.4347140625405,50.27564342480593,Electric Class 7&8 Vocational,0.0025242558417217014
2031,Class 4-6 Vocational,Diesel,2775467.856271041,46959.72735194354,Diesel Class 4-6 Vocational,0.6576243811926891
2031,Class 4-6 Vocational,Electric,9377.638068609112,153.17121016844197,Electric Class 4-6 Vocational,0.002221954550107328
2031,Class 4-6 Vocational,Gasoline,1435599.9995414643,16315.688232378101,Gasoline Class 4-6 Vocational,0.34015366425720356
2031,Class 7&8 Tractor,Diesel,3618882.142594779,153644.0280451204,Diesel Class 7&8 Tractor,0.9999986040712051
2031,Class 7&8 Tractor,Electric,5.051708840065112,0.052865511609036284,Electric Class 7&8 Tractor,1.395928794911556e-06
2031,Class 7&8 Vocational,Diesel,2236358.8604676523,33502.13249761776,Diesel Class 7&8 Vocational,0.9962036878559258
2031,Class 7&8 Vocational,Electric,8522.269495682867,76.69739756089439,Electric Class 7&8 Vocational,0.0037963121440742205
2032,Class 4-6 Vocational,Diesel,2818254.1404268327,47749.02947023812,Diesel Class 4-6 Vocational,0.6587990890562995
2032,Class 4-6 Vocational,Electric,17834.891831454344,318.01732520921183,Electric Class 4-6 Vocational,0.004169109635442688
2032,Class 4-6 Vocational,Gasoline,1441776.8410292077,16512.237265255462,Gasoline Class 4-6 Vocational,0.3370318013082578
2032,Class 7&8 Tractor,Diesel,3637291.8231732054,153782.18365361352,Diesel Class 7&8 Tractor,0.9999986541464161
2032,Class 7&8 Tractor,Electric,4.895268824372774,0.04528587547382248,Electric Class 7&8 Tractor,1.3458535839412007e-06
2032,Class 7&8 Vocational,Diesel,2236216.125846624,33409.79762148502,Diesel Class 7&8 Vocational,0.9914026779034422
2032,Class 7&8 Vocational,Electric,19392.191225544095,177.91080363944707,Electric Class 7&8 Vocational,0.008597322096557797
2033,Class 4-6 Vocational,Diesel,2837723.5214879955,48068.54048389031,Diesel Class 4-6 Vocational,0.6556524559255273
2033,Class 4-6 Vocational,Electric,44333.15568598834,849.1465249999983,Electric Class 4-6 Vocational,0.010243119946091611
2033,Class 4-6 Vocational,Gasoline,1446034.3653314987,16778.99346720564,Gasoline Class 4-6 Vocational,0.3341044241283811
2033,Class 7&8 Tractor,Diesel,3647902.5156178656,153939.06544787664,Diesel Class 7&8 Tractor,0.9999987030809363
2033,Class 7&8 Tractor,Electric,4.731040450909947,0.03901716700885661,Electric Class 7&8 Tractor,1.2969190637299893e-06
2033,Class 7&8 Vocational,Diesel,2227202.245857248,33147.95609903917,Diesel Class 7&8 Vocational,0.9839216842828581
2033,Class 7&8 Vocational,Electric,36394.82841657327,336.7164893514926,Electric Class 7&8 Vocational,0.01607831571714193
2034,Class 4-6 Vocational,Diesel,2839712.8220065744,48050.00535708698,Diesel Class 4-6 Vocational,0.6490731422358862
2034,Class 4-6 Vocational,Electric,84815.86684288162,1658.2500659752457,Electric Class 4-6 Vocational,0.019386362161885617
2034,Class 4-6 Vocational,Gasoline,1450498.7729624915,17112.940012596795,Gasoline Class 4-6 Vocational,0.33154049560222815
2034,Class 7&8 Tractor,Diesel,3650721.6582026426,154283.7832069964,Diesel Class 7&8 Tractor,0.9999987509026246
2034,Class 7&8 Tractor,Electric,4.560112537844814,0.03464390649191026,Electric Class 7&8 Tractor,1.2490973754666594e-06
2034,Class 7&8 Vocational,Diesel,2197951.363246915,32494.86228393386,Diesel Class 7&8 Vocational,0.9688983281288831
2034,Class 7&8 Vocational,Electric,70554.31937878866,660.9063392799791,Electric Class 7&8 Vocational,0.031101671871116888
2035,Class 4-6 Vocational,Diesel,2802423.509517253,47100.347827076715,Diesel Class 4-6 Vocational,0.6335010716836239
2035,Class 4-6 Vocational,Electric,163773.76729816978,3285.6872678490045,Electric Class 4-6 Vocational,0.03702183368955793
2035,Class 4-6 Vocational,Gasoline,1457510.3296601172,17594.50389792809,Gasoline Class 4-6 Vocational,0.3294770946268183
2035,Class 7&8 Tractor,Diesel,3651649.4490199145,154824.7732797156,Diesel Class 7&8 Tractor,0.9999987995598013
2035,Class 7&8 Tractor,Electric,4.383592052508887,0.03275857937732394,Electric Class 7&8 Tractor,1.200440198728634e-06
2035,Class 7&8 Vocational,Diesel,2154677.120923594,31530.381268435183,Diesel Class 7&8 Vocational,0.9482718857560614
2035,Class 7&8 Vocational,Electric,117537.3708154081,1112.946693725971,Electric Class 7&8 Vocational,0.05172811424393865
2036,Class 4-6 Vocational,Diesel,2751644.0750373765,45849.92124592571,Diesel Class 4-6 Vocational,0.6149974058918336
2036,Class 4-6 Vocational,Electric,256764.8053702076,5210.062649049879,Electric Class 4-6 Vocational,0.057387396378601144
2036,Class 4-6 Vocational,Gasoline,1465828.0003921026,18121.12208410094,Gasoline Class 4-6 Vocational,0.32761519772956527
2036,Class 7&8 Tractor,Diesel,3653608.323155299,155380.53831158142,Diesel Class 7&8 Tractor,0.9999988497433451
2036,Class 7&8 Tractor,Electric,4.202592122598844,0.02805899497621083,Electric Class 7&8 Tractor,1.150256655018205e-06
2036,Class 7&8 Vocational,Diesel,2110902.090915738,30525.08001882638,Diesel Class 7&8 Vocational,0.9277497010445424
2036,Class 7&8 Vocational,Electric,164390.57534877103,1571.019000656485,Electric Class 7&8 Vocational,0.0722502989554576
2037,Class 4-6 Vocational,Diesel,2699863.029040934,44652.63583157175,Diesel Class 4-6 Vocational,0.5963086548964414
2037,Class 4-6 Vocational,Electric,351823.2239060778,7161.535476425715,Electric Class 4-6 Vocational,0.0777058803176722
2037,Class 4-6 Vocational,Gasoline,1475940.5169676547,18706.783304285585,Gasoline Class 4-6 Vocational,0.3259854647858866
2037,Class 7&8 Tractor,Diesel,3654880.5890252353,156081.2554708327,Diesel Class 7&8 Tractor,0.9999989005890005
2037,Class 7&8 Tractor,Electric,4.018220339155799,0.02229698151889953,Electric Class 7&8 Tractor,1.0994109995127986e-06
2037,Class 7&8 Vocational,Diesel,2066739.216938368,29552.693342576793,Diesel Class 7&8 Vocational,0.9073771483027309
2037,Class 7&8 Vocational,Electric,210967.71099589803,2038.0254952056614,Electric Class 7&8 Vocational,0.09262285169726914
2038,Class 4-6 Vocational,Diesel,2646101.444175436,43462.25548597729,Diesel Class 4-6 Vocational,0.5776440269083726
2038,Class 4-6 Vocational,Electric,447830.83811429556,9102.423943389358,Electric Class 4-6 Vocational,0.09776148577807219
2038,Class 4-6 Vocational,Gasoline,1486919.1087265003,19253.886604379477,Gasoline Class 4-6 Vocational,0.3245944873135553
2038,Class 7&8 Tractor,Diesel,3654829.4582898,156734.70332445943,Diesel Class 7&8 Tractor,0.9999989516436949
2038,Class 7&8 Tractor,Electric,3.8315675234014663,0.01920155075105036,Electric Class 7&8 Tractor,1.048356305069948e-06
2038,Class 7&8 Vocational,Diesel,2021329.3755800477,28608.84113096344,Diesel Class 7&8 Vocational,0.887203862837699
2038,Class 7&8 Vocational,Electric,256985.06853753905,2510.860343492649,Electric Class 7&8 Vocational,0.11279613716230108
2039,Class 4-6 Vocational,Diesel,2589567.4064163957,42326.706914736795,Diesel Class 4-6 Vocational,0.5587039339529866
2039,Class 4-6 Vocational,Electric,545231.9755893402,11038.801193367088,Electric Class 4-6 Vocational,0.1176348022159731
2039,Class 4-6 Vocational,Gasoline,1500155.2854770618,19857.259001341274,Gasoline Class 4-6 Vocational,0.32366126383104044
2039,Class 7&8 Tractor,Diesel,3650010.5371295554,157373.65430722156,Diesel Class 7&8 Tractor,0.9999990017306961
2039,Class 7&8 Tractor,Electric,3.6436971158024276,0.02083920539622861,Electric Class 7&8 Tractor,9.982693039776594e-07
2039,Class 7&8 Vocational,Diesel,1973383.893486001,27694.16338421798,Diesel Class 7&8 Vocational,0.8670357493627747
2039,Class 7&8 Vocational,Electric,302628.2489617968,2988.494955983886,Electric Class 7&8 Vocational,0.13296425063722514
2040,Class 4-6 Vocational,Diesel,2530431.941816797,41232.00125790959,Diesel Class 4-6 Vocational,0.5397494847142689
2040,Class 4-6 Vocational,Electric,644204.9046698007,12963.05721008235,Electric Class 4-6 Vocational,0.13741103232212665
2040,Class 4-6 Vocational,Gasoline,1513523.1489904714,20447.750549372413,Gasoline Class 4-6 Vocational,0.3228394829636045
2040,Class 7&8 Tractor,Diesel,3642038.4049716447,158013.4516293997,Diesel Class 7&8 Tractor,0.999999051181875
2040,Class 7&8 Tractor,Electric,3.4556353291803683,0.020000083098750114,Electric Class 7&8 Tractor,9.488181249527046e-07
2040,Class 7&8 Vocational,Diesel,1923634.8355830733,26799.23721538345,Diesel Class 7&8 Vocational,0.8468384940075183
2040,Class 7&8 Vocational,Electric,347913.81176265684,3466.6295833624213,Electric Class 7&8 Vocational,0.15316150599248174
2041,Class 4-6 Vocational,Diesel,2468470.1566905845,40229.005656952184,Diesel Class 4-6 Vocational,0.5207308442648235
2041,Class 4-6 Vocational,Electric,743496.1723193526,14863.643408957498,Electric Class 4-6 Vocational,0.15684264542155887
2041,Class 4-6 Vocational,Gasoline,1528429.1821789797,21061.01280988596,Gasoline Class 4-6 Vocational,0.3224265103136176
2041,Class 7&8 Tractor,Diesel,3626077.2369639827,158687.01343227975,Diesel Class 7&8 Tractor,0.9999990986515098
2041,Class 7&8 Tractor,Electric,3.268362188760272,0.019142320433459717,Electric Class 7&8 Tractor,9.013484901836943e-07
2041,Class 7&8 Vocational,Diesel,1871089.6441449446,25983.21319797091,Diesel Class 7&8 Vocational,0.8267294304336419
2041,Class 7&8 Vocational,Electric,392153.4136998786,3935.638672368163,Electric Class 7&8 Vocational,0.17327056956635817
2042,Class 4-6 Vocational,Diesel,2406246.3729149844,39287.27407802715,Diesel Class 4-6 Vocational,0.5017930847617732
2042,Class 4-6 Vocational,Electric,843772.5021862916,16746.017742411765,Electric Class 4-6 Vocational,0.17595837711177653
2042,Class 4-6 Vocational,Gasoline,1545277.1263518976,21686.717867215044,Gasoline Class 4-6 Vocational,0.3222485381264503
2042,Class 7&8 Tractor,Diesel,3614967.9161100043,159405.9175548143,Diesel Class 7&8 Tractor,0.9999991472120904
2042,Class 7&8 Tractor,Electric,3.0828035612693676,0.018277227535075217,Electric Class 7&8 Tractor,8.527879095560838e-07
2042,Class 7&8 Vocational,Diesel,1820786.223392979,25232.402089779094,Diesel Class 7&8 Vocational,0.8070451113601834
2042,Class 7&8 Vocational,Electric,435328.3329844824,4391.888909616126,Electric Class 7&8 Vocational,0.19295488863981666
2043,Class 4-6 Vocational,Diesel,2344520.583425021,38269.42603716954,Diesel Class 4-6 Vocational,0.48241320028472784
2043,Class 4-6 Vocational,Electric,949848.2906137679,18726.45210722652,Electric Class 4-6 Vocational,0.19544266614651376
2043,Class 4-6 Vocational,Gasoline,1565615.4341046207,22342.20861096999,Gasoline Class 4-6 Vocational,0.3221441335687585
2043,Class 7&8 Tractor,Diesel,3605731.272265363,160022.55931971222,Diesel Class 7&8 Tractor,0.9999991957742543
2043,Class 7&8 Tractor,Electric,2.899824253117044,0.017387499397611528,Electric Class 7&8 Tractor,8.042257456368506e-07
2043,Class 7&8 Vocational,Diesel,1772293.5177123155,24517.33961735243,Diesel Class 7&8 Vocational,0.7877600695085988
2043,Class 7&8 Vocational,Electric,477494.94747082604,4825.413901046917,Electric Class 7&8 Vocational,0.21223993049140114
2044,Class 4-6 Vocational,Diesel,2275188.931982827,36927.91659395781,Diesel Class 4-6 Vocational,0.46132356358978255
2044,Class 4-6 Vocational,Electric,1068300.927374071,21002.980803941402,Electric Class 4-6 Vocational,0.2166116333789355
2044,Class 4-6 Vocational,Gasoline,1588382.4999877615,23051.958571771636,Gasoline Class 4-6 Vocational,0.32206480303128193
2044,Class 7&8 Tractor,Diesel,3598273.238164474,160541.68125681172,Diesel Class 7&8 Tractor,0.9999949213350302
2044,Class 7&8 Tractor,Electric,18.274517056459036,0.35323303544716206,Electric Class 7&8 Tractor,5.078664969765177e-06
2044,Class 7&8 Vocational,Diesel,1725585.6817419382,23831.503683950432,Diesel Class 7&8 Vocational,0.7690055462310866
2044,Class 7&8 Vocational,Electric,518332.70116059354,5229.399951270255,Electric Class 7&8 Vocational,0.23099445376891328
2045,Class 4-6 Vocational,Diesel,2196593.3704503146,35287.91996954052,Diesel Class 4-6 Vocational,0.43884889460054416
2045,Class 4-6 Vocational,Electric,1197477.102397303,23533.303370149708,Electric Class 4-6 Vocational,0.2392393192868401
2045,Class 4-6 Vocational,Gasoline,1611281.9331319665,23789.965084848183,Gasoline Class 4-6 Vocational,0.3219117861126158
2045,Class 7&8 Tractor,Diesel,3590546.951172942,160933.32210350787,Diesel Class 7&8 Tractor,0.9999576161995148
2045,Class 7&8 Tractor,Electric,152.18747589462916,3.2817031452921666,Electric Class 7&8 Tractor,4.2383800485132434e-05
2045,Class 7&8 Vocational,Diesel,1679179.3653051532,23167.867947664094,Diesel Class 7&8 Vocational,0.7506762943305016
2045,Class 7&8 Vocational,Electric,557709.3948531072,5598.960006775329,Electric Class 7&8 Vocational,0.24932370566949835
2046,Class 4-6 Vocational,Diesel,2105881.351898574,33342.83601360553,Diesel Class 4-6 Vocational,0.4146678605424253
2046,Class 4-6 Vocational,Electric,1338486.141062975,26389.458820160802,Electric Class 4-6 Vocational,0.2635605201498563
2046,Class 4-6 Vocational,Gasoline,1634109.891670767,24589.693258056355,Gasoline Class 4-6 Vocational,0.3217716193077184
2046,Class 7&8 Tractor,Diesel,3578228.201045614,161363.93099897896,Diesel Class 7&8 Tractor,0.9998165550352301
2046,Class 7&8 Tractor,Electric,656.5283831056822,14.407870704998375,Electric Class 7&8 Tractor,0.00018344496476992728
2046,Class 7&8 Vocational,Diesel,1631880.0424810569,22546.56767371442,Diesel Class 7&8 Vocational,0.7326038102324096
2046,Class 7&8 Vocational,Electric,595626.8578220727,5936.824656787612,Electric Class 7&8 Vocational,0.2673961897675904
2047,Class 4-6 Vocational,Diesel,2008941.755696703,31169.85376763516,Diesel Class 4-6 Vocational,0.3899509780340302
2047,Class 4-6 Vocational,Electric,1486391.7548068974,29377.78186627951,Electric Class 4-6 Vocational,0.28852002149144207
2047,Class 4-6 Vocational,Gasoline,1656446.7615319956,25363.927859063602,Gasoline Class 4-6 Vocational,0.3215290004745277
2047,Class 7&8 Tractor,Diesel,3561382.0585733727,161393.7660929075,Diesel Class 7&8 Tractor,0.9995505548517942
2047,Class 7&8 Tractor,Electric,1601.3656131383698,35.37480640353928,Electric Class 7&8 Tractor,0.0004494451482058153
2047,Class 7&8 Vocational,Diesel,1583101.672891041,21916.639674855207,Diesel Class 7&8 Vocational,0.7148050262231633
2047,Class 7&8 Vocational,Electric,631630.4775748316,6225.6918120328055,Electric Class 7&8 Vocational,0.28519497377683667
2048,Class 4-6 Vocational,Diesel,1909303.7323955372,28928.047433486445,Diesel Class 4-6 Vocational,0.36547206010734923
2048,Class 4-6 Vocational,Electric,1636988.917130604,32375.388741023387,Electric Class 4-6 Vocational,0.31334653662777234
2048,Class 4-6 Vocational,Gasoline,1677919.9259432997,26090.590729289437,Gasoline Class 4-6 Vocational,0.32118140326487843
2048,Class 7&8 Tractor,Diesel,3540497.1508823694,161067.28194464353,Diesel Class 7&8 Tractor,0.9991051923331671
2048,Class 7&8 Tractor,Electric,3170.9013418412237,70.51015645426662,Electric Class 7&8 Tractor,0.0008948076668329538
2048,Class 7&8 Vocational,Diesel,1532952.3088563185,21282.18004357169,Diesel Class 7&8 Vocational,0.6972699953664164
2048,Class 7&8 Vocational,Electric,665553.7491173217,6468.989889357669,Electric Class 7&8 Vocational,0.3027300046335836
2049,Class 4-6 Vocational,Diesel,1806690.3379947173,26732.340643265707,Diesel Class 4-6 Vocational,0.340952062459976
2049,Class 4-6 Vocational,Electric,1792387.337316636,35547.16177729123,Electric Class 4-6 Vocational,0.33825285193230425
2049,Class 4-6 Vocational,Gasoline,1699879.383224706,26885.703772941724,Gasoline Class 4-6 Vocational,0.32079508560771974
2049,Class 7&8 Tractor,Diesel,3515298.8678280995,161077.52977390535,Diesel Class 7&8 Tractor,0.9982333765716908
2049,Class 7&8 Tractor,Electric,6221.199854829675,139.97098529414856,Electric Class 7&8 Tractor,0.0017666234283092036
2049,Class 7&8 Vocational,Diesel,1481330.901591729,20722.492342562364,Diesel Class 7&8 Vocational,0.6796959707743323
2049,Class 7&8 Vocational,Electric,698071.3095235544,6699.415115391267,Electric Class 7&8 Vocational,0.32030402922566764
2050,Class 4-6 Vocational,Diesel,1703076.6846572834,24623.640354694988,Diesel Class 4-6 Vocational,0.3167607627778535
2050,Class 4-6 Vocational,Electric,1952072.8759958548,38858.55283311131,Electric Class 4-6 Vocational,0.36307237294064426
2050,Class 4-6 Vocational,Gasoline,1721389.7231964297,27717.258948663468,Gasoline Class 4-6 Vocational,0.3201668642815022
2050,Class 7&8 Tractor,Diesel,3486156.0480786785,161388.6533454985,Diesel Class 7&8 Tractor,0.9968493180008214
2050,Class 7&8 Tractor,Electric,11018.484848880538,250.8779466665344,Electric Class 7&8 Tractor,0.003150681999178557
2050,Class 7&8 Vocational,Diesel,1428639.6590123095,20226.63253444373,Diesel Class 7&8 Vocational,0.6619904387337991
2050,Class 7&8 Vocational,Electric,729457.4605546949,6918.811271656125,Electric Class 7&8 Vocational,0.3380095612662008
