Year,vehicle type,Powertrain,Stock,EV_fraction
2018,Class 4-6 Vocational,Battery Electric,101.0,1.0
2018,Class 4-6 Vocational,H2 Fuel Cell,0.0,0.0
2018,Class 4-6 Vocational,PHEV Diesel,0.0,0.0
2018,Class 4-6 Vocational,PHEV Gasoline,0.0,0.0
2018,Class 7&8 Tractor,Battery Electric,6.0,1.0
2018,Class 7&8 Tractor,H2 Fuel Cell,0.0,0.0
2018,Class 7&8 Tractor,PHEV Diesel,0.0,0.0
2018,Class 7&8 Tractor,PHEV Gasoline,0.0,0.0
2018,Class 7&8 Vocational,Battery Electric,2.0,1.0
2018,Class 7&8 Vocational,H2 Fuel Cell,0.0,0.0
2018,Class 7&8 Vocational,PHEV Diesel,0.0,0.0
2018,Class 7&8 Vocational,PHEV Gasoline,0.0,0.0
2019,Class 4-6 Vocational,Battery Electric,100.95612903225806,1.0
2019,Class 4-6 Vocational,H2 Fuel Cell,0.0,0.0
2019,Class 4-6 Vocational,PHEV Diesel,0.0,0.0
2019,Class 4-6 Vocational,PHEV Gasoline,0.0,0.0
2019,Class 7&8 Tractor,Battery Electric,6.0,1.0
2019,Class 7&8 Tractor,H2 Fuel Cell,0.0,0.0
2019,Class 7&8 Tractor,PHEV Diesel,0.0,0.0
2019,Class 7&8 Tractor,PHEV Gasoline,0.0,0.0
2019,Class 7&8 Vocational,Battery Electric,2.0,1.0
2019,Class 7&8 Vocational,H2 Fuel Cell,0.0,0.0
2019,Class 7&8 Vocational,PHEV Diesel,0.0,0.0
2019,Class 7&8 Vocational,PHEV Gasoline,0.0,0.0
2020,Class 4-6 Vocational,Battery Electric,100.86603288241415,1.0
2020,Class 4-6 Vocational,H2 Fuel Cell,0.0,0.0
2020,Class 4-6 Vocational,PHEV Diesel,0.0,0.0
2020,Class 4-6 Vocational,PHEV Gasoline,0.0,0.0
2020,Class 7&8 Tractor,Battery Electric,6.0,1.0
2020,Class 7&8 Tractor,H2 Fuel Cell,0.0,0.0
2020,Class 7&8 Tractor,PHEV Diesel,0.0,0.0
2020,Class 7&8 Tractor,PHEV Gasoline,0.0,0.0
2020,Class 7&8 Vocational,Battery Electric,2.0,1.0
2020,Class 7&8 Vocational,H2 Fuel Cell,0.0,0.0
2020,Class 7&8 Vocational,PHEV Diesel,0.0,0.0
2020,Class 7&8 Vocational,PHEV Gasoline,0.0,0.0
2021,Class 4-6 Vocational,Battery Electric,100.63738596811118,0.14764064888427242
2021,Class 4-6 Vocational,H2 Fuel Cell,0.0,0.0
2021,Class 4-6 Vocational,PHEV Diesel,316.0,0.46358959544332173
2021,Class 4-6 Vocational,PHEV Gasoline,265.0,0.38876975567240585
2021,Class 7&8 Tractor,Battery Electric,5.984516129032258,1.0
2021,Class 7&8 Tractor,H2 Fuel Cell,0.0,0.0
2021,Class 7&8 Tractor,PHEV Diesel,0.0,0.0
2021,Class 7&8 Tractor,PHEV Gasoline,0.0,0.0
2021,Class 7&8 Vocational,Battery Electric,1.9948387096774194,0.003926887750955052
2021,Class 7&8 Vocational,H2 Fuel Cell,0.0,0.0
2021,Class 7&8 Vocational,PHEV Diesel,246.00000000000003,0.484256888563765
2021,Class 7&8 Vocational,PHEV Gasoline,260.0,0.51181622368528
2022,Class 4-6 Vocational,Battery Electric,100.15030705471742,0.07708908392729903
2022,Class 4-6 Vocational,H2 Fuel Cell,0.0,0.0
2022,Class 4-6 Vocational,PHEV Diesel,653.0,0.5026362203465169
2022,Class 4-6 Vocational,PHEV Gasoline,546.0,0.4202746957261841
2022,Class 7&8 Tractor,Battery Electric,5.953628303850156,1.0
2022,Class 7&8 Tractor,H2 Fuel Cell,0.0,0.0
2022,Class 7&8 Tractor,PHEV Diesel,0.0,0.0
2022,Class 7&8 Tractor,PHEV Gasoline,0.0,0.0
2022,Class 7&8 Vocational,Battery Electric,1.984542767950052,0.0019174612624094024
2022,Class 7&8 Vocational,H2 Fuel Cell,0.0,0.0
2022,Class 7&8 Vocational,PHEV Diesel,502.0,0.4850313983022947
2022,Class 7&8 Vocational,PHEV Gasoline,531.0,0.5130511404352958
2023,Class 4-6 Vocational,Battery Electric,99.40788827455694,0.050837418050038656
2023,Class 4-6 Vocational,H2 Fuel Cell,0.0,0.0
2023,Class 4-6 Vocational,PHEV Diesel,1011.0,0.5170276779910619
2023,Class 4-6 Vocational,PHEV Gasoline,845.0,0.4321349039588994
2023,Class 7&8 Tractor,Battery Electric,5.9075356976268,1.0
2023,Class 7&8 Tractor,H2 Fuel Cell,0.0,0.0
2023,Class 7&8 Tractor,PHEV Diesel,0.0,0.0
2023,Class 7&8 Tractor,PHEV Gasoline,0.0,0.0
2023,Class 7&8 Vocational,Battery Electric,1.9691785658756,0.0012455515215431814
2023,Class 7&8 Vocational,H2 Fuel Cell,0.0,0.0
2023,Class 7&8 Vocational,PHEV Diesel,767.0,0.48514544774096036
2023,Class 7&8 Vocational,PHEV Gasoline,812.0,0.5136090007374965
2024,Class 4-6 Vocational,Battery Electric,98.41518579622229,0.03731501446045979
2024,Class 4-6 Vocational,H2 Fuel Cell,0.0,0.0
2024,Class 4-6 Vocational,PHEV Diesel,1383.0,0.5243770519894384
2024,Class 4-6 Vocational,PHEV Gasoline,1156.0,0.4383079335501018
2024,Class 7&8 Tractor,Battery Electric,5.846554683973879,1.0
2024,Class 7&8 Tractor,H2 Fuel Cell,0.0,0.0
2024,Class 7&8 Tractor,PHEV Diesel,0.0,0.0
2024,Class 7&8 Tractor,PHEV Gasoline,0.0,0.0
2024,Class 7&8 Vocational,Battery Electric,1.9488515613246262,0.0009119785716446753
2024,Class 7&8 Vocational,H2 Fuel Cell,0.0,0.0
2024,Class 7&8 Vocational,PHEV Diesel,1037.0,0.48527132469377254
2024,Class 7&8 Vocational,PHEV Gasoline,1098.0,0.5138166967345827
2025,Class 4-6 Vocational,Battery Electric,97.17916333705621,0.02906353745058489
2025,Class 4-6 Vocational,H2 Fuel Cell,0.0,0.0
2025,Class 4-6 Vocational,PHEV Diesel,1768.1845161290323,0.5288139467286874
2025,Class 4-6 Vocational,PHEV Gasoline,1478.316129032258,0.4421225158207277
2025,Class 7&8 Tractor,Battery Electric,5.771115268696796,1.0
2025,Class 7&8 Tractor,H2 Fuel Cell,0.0,0.0
2025,Class 7&8 Tractor,PHEV Diesel,0.0,0.0
2025,Class 7&8 Tractor,PHEV Gasoline,0.0,0.0
2025,Class 7&8 Vocational,Battery Electric,1.923705089565599,0.000712848265972197
2025,Class 7&8 Vocational,H2 Fuel Cell,0.0,0.0
2025,Class 7&8 Vocational,PHEV Diesel,1310.3651612903227,0.48556898772208196
2025,Class 7&8 Vocational,PHEV Gasoline,1386.3290322580644,0.5137181640119458
2026,Class 4-6 Vocational,Battery Electric,95.70861126207657,0.02347166493289051
2026,Class 4-6 Vocational,H2 Fuel Cell,0.0,0.0
2026,Class 4-6 Vocational,PHEV Diesel,2168.6880799167534,0.531850993181523
2026,Class 4-6 Vocational,PHEV Gasoline,1813.2267554630594,0.4446773418855866
2026,Class 7&8 Tractor,Battery Electric,5.681756064536331,1.0
2026,Class 7&8 Tractor,H2 Fuel Cell,0.0,0.0
2026,Class 7&8 Tractor,PHEV Diesel,0.0,0.0
2026,Class 7&8 Tractor,PHEV Gasoline,0.0,0.0
2026,Class 7&8 Vocational,Battery Electric,1.8939186881787768,0.0005792467662940498
2026,Class 7&8 Vocational,H2 Fuel Cell,0.0,0.0
2026,Class 7&8 Vocational,PHEV Diesel,1588.4381152965661,0.4858168661023836
2026,Class 7&8 Vocational,PHEV Gasoline,1679.2912049947972,0.5136038871313223
2027,Class 4-6 Vocational,Battery Electric,94.01404257359108,0.01949047678942071
2027,Class 4-6 Vocational,H2 Fuel Cell,0.0,0.0
2027,Class 4-6 Vocational,PHEV Diesel,2575.601798840187,0.5339596692673887
2027,Class 4-6 Vocational,PHEV Gasoline,2153.9728059722734,0.4465498539431905
2027,Class 7&8 Tractor,Battery Electric,5.5791178904672885,1.0
2027,Class 7&8 Tractor,H2 Fuel Cell,0.0,0.0
2027,Class 7&8 Tractor,PHEV Diesel,0.0,0.0
2027,Class 7&8 Tractor,PHEV Gasoline,0.0,0.0
2027,Class 7&8 Vocational,Battery Electric,5.558080411272473,0.0014461126256247064
2027,Class 7&8 Vocational,H2 Fuel Cell,3.1847835743066804,0.0008286234447681676
2027,Class 7&8 Vocational,PHEV Diesel,1864.5465669325636,0.48512150454640107
2027,Class 7&8 Vocational,PHEV Gasoline,1970.1735973307375,0.512603759383206
2028,Class 4-6 Vocational,Battery Electric,92.10756750903177,0.016470092763385086
2028,Class 4-6 Vocational,H2 Fuel Cell,14.52856086273665,0.0025979053795367577
2028,Class 4-6 Vocational,PHEV Diesel,2986.998290502389,0.5341161454928555
2028,Class 4-6 Vocational,PHEV Gasoline,2498.7789835444064,0.44681585636422255
2028,Class 7&8 Tractor,Battery Electric,5.463936101760868,1.0
2028,Class 7&8 Tractor,H2 Fuel Cell,0.0,0.0
2028,Class 7&8 Tractor,PHEV Diesel,0.0,0.0
2028,Class 7&8 Tractor,PHEV Gasoline,0.0,0.0
2028,Class 7&8 Vocational,Battery Electric,89.02311281680012,0.01923276117579173
2028,Class 7&8 Vocational,H2 Fuel Cell,146.41597124254102,0.03163204833136276
2028,Class 7&8 Vocational,PHEV Diesel,2136.0187410348394,0.4614704767500067
2028,Class 7&8 Vocational,PHEV Gasoline,2257.2645930291983,0.4876647137428389
2029,Class 4-6 Vocational,Battery Electric,91.22459678413666,0.010506749916233238
2029,Class 4-6 Vocational,H2 Fuel Cell,2328.4524200997494,0.2681784094669775
2029,Class 4-6 Vocational,PHEV Diesel,3409.9386813327483,0.39273807961279433
2029,Class 4-6 Vocational,PHEV Gasoline,2852.8596163610905,0.3285767610039949
2029,Class 7&8 Tractor,Battery Electric,5.33703177939739,0.2750871712453333
2029,Class 7&8 Tractor,H2 Fuel Cell,14.064206581651518,0.7249128287546668
2029,Class 7&8 Tractor,PHEV Diesel,0.0,0.0
2029,Class 7&8 Tractor,PHEV Gasoline,0.0,0.0
2029,Class 7&8 Vocational,Battery Electric,1173.620330067896,0.15197926558976899
2029,Class 7&8 Vocational,H2 Fuel Cell,1594.5639384523963,0.20648982476974043
2029,Class 7&8 Vocational,PHEV Diesel,2408.1910627437014,0.3118513711282247
2029,Class 7&8 Vocational,PHEV Gasoline,2545.864446073781,0.329679538512266
2030,Class 4-6 Vocational,Battery Electric,14792.182068277947,0.4315101762151994
2030,Class 4-6 Vocational,H2 Fuel Cell,12425.957382419969,0.3624838468713369
2030,Class 4-6 Vocational,PHEV Diesel,3844.47185726838,0.11214902040327443
2030,Class 4-6 Vocational,PHEV Gasoline,3217.4193462839207,0.09385695651018937
2030,Class 7&8 Tractor,Battery Electric,5.199301927025845,0.003783966229606123
2030,Class 7&8 Tractor,H2 Fuel Cell,1368.8356686670552,0.9962160337703939
2030,Class 7&8 Tractor,PHEV Diesel,0.0,0.0
2030,Class 7&8 Tractor,PHEV Gasoline,0.0,0.0
2030,Class 7&8 Vocational,Battery Electric,34281.92990711475,0.7671588531591169
2030,Class 7&8 Vocational,H2 Fuel Cell,4889.251901452587,0.10941136895405541
2030,Class 7&8 Vocational,PHEV Diesel,2681.407966943101,0.060004377418229095
2030,Class 7&8 Vocational,PHEV Gasoline,2834.2827880319023,0.06342540046859856
2031,Class 4-6 Vocational,Battery Electric,44420.31247217609,0.5766326278316203
2031,Class 4-6 Vocational,H2 Fuel Cell,24735.34173292519,0.32109646037956074
2031,Class 4-6 Vocational,PHEV Diesel,4288.662047777499,0.05567233386844586
2031,Class 4-6 Vocational,PHEV Gasoline,3589.674416735308,0.04659857792037313
2031,Class 7&8 Tractor,Battery Electric,5.051708840065112,0.001617814863453626
2031,Class 7&8 Tractor,H2 Fuel Cell,3117.498932882307,0.9983821851365463
2031,Class 7&8 Tractor,PHEV Diesel,0.0,0.0
2031,Class 7&8 Tractor,PHEV Gasoline,0.0,0.0
2031,Class 7&8 Vocational,Battery Electric,76730.95882959041,0.8396369903244413
2031,Class 7&8 Vocational,H2 Fuel Cell,8578.012186352342,0.09386584561142916
2031,Class 7&8 Vocational,PHEV Diesel,2954.042181135112,0.0323249327793259
2031,Class 7&8 Vocational,PHEV Gasoline,3122.8591665742715,0.034172231284803706
2032,Class 4-6 Vocational,Battery Electric,98008.74474021138,0.6602834720419746
2032,Class 4-6 Vocational,H2 Fuel Cell,41717.14134737116,0.2810477677835897
2032,Class 4-6 Vocational,PHEV Diesel,4740.598119640075,0.03193733981889639
2032,Class 4-6 Vocational,PHEV Gasoline,3967.86087355341,0.02673142035553936
2032,Class 7&8 Tractor,Battery Electric,4.895268824372774,0.000938588221910132
2032,Class 7&8 Tractor,H2 Fuel Cell,5210.670737757678,0.9990614117780899
2032,Class 7&8 Tractor,PHEV Diesel,0.0,0.0
2032,Class 7&8 Tractor,PHEV Gasoline,0.0,0.0
2032,Class 7&8 Vocational,Battery Electric,123210.2716730057,0.8573127505206931
2032,Class 7&8 Vocational,H2 Fuel Cell,13875.08456629843,0.09654460420970469
2032,Class 7&8 Vocational,PHEV Diesel,3223.50438805607,0.022429553767840147
2032,Class 7&8 Vocational,PHEV Gasoline,3407.9703636326817,0.023713091501762016
2033,Class 4-6 Vocational,Battery Electric,179319.35581894868,0.6958641471289568
2033,Class 4-6 Vocational,H2 Fuel Cell,68816.09246735195,0.2670467517287451
2033,Class 4-6 Vocational,PHEV Diesel,5203.379271338933,0.02019215974930546
2033,Class 4-6 Vocational,PHEV Gasoline,4354.224396246195,0.016896941392992564
2033,Class 7&8 Tractor,Battery Electric,4.731040450909947,0.0008912459617390675
2033,Class 7&8 Tractor,H2 Fuel Cell,5303.6132932259325,0.9991087540382609
2033,Class 7&8 Tractor,PHEV Diesel,0.0,0.0
2033,Class 7&8 Tractor,PHEV Gasoline,0.0,0.0
2033,Class 7&8 Vocational,Battery Electric,170649.55320514986,0.8632259779850655
2033,Class 7&8 Vocational,H2 Fuel Cell,19854.353378182976,0.10043268962760973
2033,Class 7&8 Vocational,PHEV Diesel,3492.2318242516226,0.01766535672212473
2033,Class 7&8 Vocational,PHEV Gasoline,3692.019221172897,0.018675975665200014
2034,Class 4-6 Vocational,Battery Electric,270175.76061265636,0.691120356789598
2034,Class 4-6 Vocational,H2 Fuel Cell,110316.42816045336,0.28219381715487263
2034,Class 4-6 Vocational,PHEV Diesel,5679.11844370132,0.014527411179155864
2034,Class 4-6 Vocational,PHEV Gasoline,4753.020157483931,0.012158414876373497
2034,Class 7&8 Tractor,Battery Electric,4.560112537844814,0.0007309061564572599
2034,Class 7&8 Tractor,H2 Fuel Cell,6234.424875559555,0.9992690938435428
2034,Class 7&8 Tractor,PHEV Diesel,0.0,0.0
2034,Class 7&8 Tractor,PHEV Gasoline,0.0,0.0
2034,Class 7&8 Vocational,Battery Electric,218033.64758951202,0.8539920583076439
2034,Class 7&8 Vocational,H2 Fuel Cell,29540.316974666537,0.1157032245947217
2034,Class 7&8 Vocational,PHEV Diesel,3760.6893816759807,0.014729831387124203
2034,Class 7&8 Vocational,PHEV Gasoline,3976.44112637516,0.015574885710510114
2035,Class 4-6 Vocational,Battery Electric,362274.6423692517,0.6792597125700839
2035,Class 4-6 Vocational,H2 Fuel Cell,159737.3334530575,0.29950518893188965
2035,Class 4-6 Vocational,PHEV Diesel,6165.950542962292,0.011561068050865606
2035,Class 4-6 Vocational,PHEV Gasoline,5159.522721072394,0.009674030447160857
2035,Class 7&8 Tractor,Battery Electric,4.383592052508887,0.00045688474499526346
2035,Class 7&8 Tractor,H2 Fuel Cell,9590.141286545335,0.9995431152550047
2035,Class 7&8 Tractor,PHEV Diesel,0.0,0.0
2035,Class 7&8 Tractor,PHEV Gasoline,0.0,0.0
2035,Class 7&8 Vocational,Battery Electric,264701.6350271272,0.8367744239082816
2035,Class 7&8 Vocational,H2 Fuel Cell,43348.998794796345,0.13703479198305343
2035,Class 7&8 Vocational,PHEV Diesel,4026.375482985428,0.012728172324542993
2035,Class 7&8 Vocational,PHEV Gasoline,4258.704913981883,0.013462611784121978
2036,Class 4-6 Vocational,Battery Electric,454756.05850591575,0.6670514444962405
2036,Class 4-6 Vocational,H2 Fuel Cell,214746.47798481246,0.31499733903684946
2036,Class 4-6 Vocational,PHEV Diesel,6663.04024836489,0.009773570993228608
2036,Class 4-6 Vocational,PHEV Gasoline,5575.033011552128,0.008177645473681352
2036,Class 7&8 Tractor,Battery Electric,4.202592122598863,0.0002267344143888367
2036,Class 7&8 Tractor,H2 Fuel Cell,18531.105044907108,0.9997732655856112
2036,Class 7&8 Tractor,PHEV Diesel,0.0,0.0
2036,Class 7&8 Tractor,PHEV Gasoline,0.0,0.0
2036,Class 7&8 Vocational,Battery Electric,310467.9043006136,0.8151759540819907
2036,Class 7&8 Vocational,H2 Fuel Cell,61564.93020808704,0.16164714621120768
2036,Class 7&8 Vocational,PHEV Diesel,4289.830109543182,0.011263535792126652
2036,Class 7&8 Vocational,PHEV Gasoline,4537.3236406672095,0.011913363914674879
2037,Class 4-6 Vocational,Battery Electric,548160.4847867639,0.6576024477690823
2037,Class 4-6 Vocational,H2 Fuel Cell,272233.34098882735,0.3265855828120262
2037,Class 4-6 Vocational,PHEV Diesel,7175.576429146423,0.008608202807242478
2037,Class 4-6 Vocational,PHEV Gasoline,6004.874543165961,0.007203766611648938
2037,Class 7&8 Tractor,Battery Electric,4.0182220769614005,0.0001136693461284909
2037,Class 7&8 Tractor,H2 Fuel Cell,35346.07583423295,0.9998863306538714
2037,Class 7&8 Tractor,PHEV Diesel,0.0,0.0
2037,Class 7&8 Tractor,PHEV Gasoline,0.0,0.0
2037,Class 7&8 Vocational,Battery Electric,355579.98533096304,0.7935029612866972
2037,Class 7&8 Vocational,H2 Fuel Cell,83161.78707790122,0.18558166104536994
2037,Class 7&8 Vocational,PHEV Diesel,4554.629438626581,0.010163991496174493
2037,Class 7&8 Vocational,PHEV Gasoline,4817.8493638413875,0.0107513861717584
2038,Class 4-6 Vocational,Battery Electric,641955.3786715709,0.6507817431657661
2038,Class 4-6 Vocational,H2 Fuel Cell,330331.75792981795,0.33487355101445615
2038,Class 4-6 Vocational,PHEV Diesel,7703.768658377888,0.007809689213632847
2038,Class 4-6 Vocational,PHEV Gasoline,6446.384066668821,0.006535016606144904
2038,Class 7&8 Tractor,Battery Electric,3.831624791429884,6.580925261740942e-05
2038,Class 7&8 Tractor,H2 Fuel Cell,58219.36099685296,0.9999341907473827
2038,Class 7&8 Tractor,PHEV Diesel,0.0,0.0
2038,Class 7&8 Tractor,PHEV Gasoline,0.0,0.0
2038,Class 7&8 Vocational,Battery Electric,399742.91348468844,0.7741209594482611
2038,Class 7&8 Vocational,H2 Fuel Cell,106724.8443864552,0.2066776824464547
2038,Class 7&8 Vocational,PHEV Diesel,4818.385162637978,0.009331029567420835
2038,Class 7&8 Vocational,PHEV Gasoline,5096.869989915684,0.009870328537863392
2039,Class 4-6 Vocational,Battery Electric,736582.7137087584,0.6456306626176535
2039,Class 4-6 Vocational,H2 Fuel Cell,389134.6977472304,0.3410849699269522
2039,Class 4-6 Vocational,PHEV Diesel,8250.853598344476,0.007232051440684052
2039,Class 4-6 Vocational,PHEV Gasoline,6904.925079399931,0.0060523160147102194
2039,Class 7&8 Tractor,Battery Electric,3.6467782969706724,3.856980028041105e-05
2039,Class 7&8 Tractor,H2 Fuel Cell,94546.44864500781,0.9999614301997196
2039,Class 7&8 Tractor,PHEV Diesel,0.0,0.0
2039,Class 7&8 Tractor,PHEV Gasoline,0.0,0.0
2039,Class 7&8 Vocational,Battery Electric,443146.79920786066,0.7563039166613235
2039,Class 7&8 Vocational,H2 Fuel Cell,132329.89808017013,0.2258430397970279
2039,Class 7&8 Vocational,PHEV Diesel,5083.751094029517,0.008676269061671269
2039,Class 7&8 Vocational,PHEV Gasoline,5377.01596972607,0.009176774479977279
2040,Class 4-6 Vocational,Battery Electric,832183.9917681449,0.6415750746126694
2040,Class 4-6 Vocational,H2 Fuel Cell,448707.2899875881,0.3459324090594159
2040,Class 4-6 Vocational,PHEV Diesel,8821.098335696995,0.006800655719014672
2040,Class 4-6 Vocational,PHEV Gasoline,7382.885447914247,0.00569186060890013
2040,Class 7&8 Tractor,Battery Electric,3.8197044889853706,2.6253260494276666e-05
2040,Class 7&8 Tractor,H2 Fuel Cell,145490.6604884792,0.9999737467395057
2040,Class 7&8 Tractor,PHEV Diesel,0.0,0.0
2040,Class 7&8 Tractor,PHEV Gasoline,0.0,0.0
2040,Class 7&8 Vocational,Battery Electric,485819.4458398981,0.7404575893524786
2040,Class 7&8 Vocational,H2 Fuel Cell,159277.2203631629,0.2427610249832149
2040,Class 7&8 Vocational,PHEV Diesel,5350.421549476142,0.008154799641038364
2040,Class 7&8 Vocational,PHEV Gasoline,5659.963921741035,0.008626586023268202
2041,Class 4-6 Vocational,Battery Electric,927344.0842025214,0.6383194033665568
2041,Class 4-6 Vocational,H2 Fuel Cell,508167.5235895538,0.3497873076387742
2041,Class 4-6 Vocational,PHEV Diesel,9405.787739658255,0.006474292466462696
2041,Class 4-6 Vocational,PHEV Gasoline,7872.664290388602,0.005418996528206231
2041,Class 7&8 Tractor,Battery Electric,5.924292234403729,2.987004106834376e-05
2041,Class 7&8 Tractor,H2 Fuel Cell,198329.66623637345,0.9999701299589316
2041,Class 7&8 Tractor,PHEV Diesel,0.0,0.0
2041,Class 7&8 Tractor,PHEV Gasoline,0.0,0.0
2041,Class 7&8 Vocational,Battery Electric,527094.2181626778,0.7273774198709064
2041,Class 7&8 Vocational,H2 Fuel Cell,185998.47353113082,0.2566734468243511
2041,Class 7&8 Vocational,PHEV Diesel,5616.121518134752,0.007750113430919028
2041,Class 7&8 Vocational,PHEV Gasoline,5941.421677428692,0.00819901987382331
2042,Class 4-6 Vocational,Battery Electric,1022029.2738020357,0.6356284918282732
2042,Class 4-6 Vocational,H2 Fuel Cell,567489.3181476537,0.35293742426864894
2042,Class 4-6 Vocational,PHEV Diesel,10008.224301857814,0.006224393646968239
2042,Class 4-6 Vocational,PHEV Gasoline,8376.679172877242,0.005209690256109632
2042,Class 7&8 Tractor,Battery Electric,22.79102010992501,8.823945820398668e-05
2042,Class 7&8 Tractor,H2 Fuel Cell,258263.2476049018,0.999911760541796
2042,Class 7&8 Tractor,PHEV Diesel,0.0,0.0
2042,Class 7&8 Tractor,PHEV Gasoline,0.0,0.0
2042,Class 7&8 Vocational,Battery Electric,566969.9085959587,0.7161620552221245
2042,Class 7&8 Vocational,H2 Fuel Cell,212606.5738204067,0.26855174948881244
2042,Class 7&8 Vocational,PHEV Diesel,5880.611911848218,0.0074280328618889
2042,Class 7&8 Vocational,PHEV Gasoline,6221.136124958805,0.007858162427174109
2043,Class 4-6 Vocational,Battery Electric,1116414.2260845432,0.6333478106200039
2043,Class 4-6 Vocational,H2 Fuel Cell,626773.7122815858,0.3555721067976192
2043,Class 4-6 Vocational,PHEV Diesel,10632.719865019495,0.006031999315401017
2043,Class 4-6 Vocational,PHEV Gasoline,8898.352341652988,0.005048083266975965
2043,Class 7&8 Tractor,Battery Electric,138.92102570713485,0.0004286892306597135
2043,Class 7&8 Tractor,H2 Fuel Cell,323921.0640906628,0.9995713107693402
2043,Class 7&8 Tractor,PHEV Diesel,0.0,0.0
2043,Class 7&8 Tractor,PHEV Gasoline,0.0,0.0
2043,Class 7&8 Vocational,Battery Electric,605521.1273689746,0.7062890441422539
2043,Class 7&8 Vocational,H2 Fuel Cell,239161.9572635458,0.27896214113092443
2043,Class 7&8 Vocational,PHEV Diesel,6144.68152860185,0.007167249906294733
2043,Class 7&8 Vocational,PHEV Gasoline,6499.885160928267,0.0075815648205269665
2044,Class 4-6 Vocational,Battery Electric,1209840.2436744855,0.6313883165674716
2044,Class 4-6 Vocational,H2 Fuel Cell,685606.811447187,0.35780272045843875
2044,Class 4-6 Vocational,PHEV Diesel,11275.584467063445,0.005884473038647739
2044,Class 4-6 Vocational,PHEV Gasoline,9436.104449726312,0.004924489935441855
2044,Class 7&8 Tractor,Battery Electric,639.4941232766297,0.00162099633672466
2044,Class 7&8 Tractor,H2 Fuel Cell,393867.3340468435,0.9983790036632754
2044,Class 7&8 Tractor,PHEV Diesel,0.0,0.0
2044,Class 7&8 Tractor,PHEV Gasoline,0.0,0.0
2044,Class 7&8 Vocational,Battery Electric,642450.4921433001,0.6975835825309705
2044,Class 7&8 Vocational,H2 Fuel Cell,265330.50320151955,0.28810033651087363
2044,Class 7&8 Vocational,PHEV Diesel,6407.146424773908,0.006956987676798829
2044,Class 7&8 Vocational,PHEV Gasoline,6777.471859619612,0.007359093281357046
2045,Class 4-6 Vocational,Battery Electric,1302002.699200594,0.6296802147110357
2045,Class 4-6 Vocational,H2 Fuel Cell,743792.2954841454,0.3597160686444275
2045,Class 4-6 Vocational,PHEV Diesel,11936.148533283516,0.005772612127359981
2045,Class 4-6 Vocational,PHEV Gasoline,9989.373930656075,0.004831104517176772
2045,Class 7&8 Tractor,Battery Electric,2085.556466344295,0.004411544070025958
2045,Class 7&8 Tractor,H2 Fuel Cell,470664.2184966935,0.995588455929974
2045,Class 7&8 Tractor,PHEV Diesel,0.0,0.0
2045,Class 7&8 Tractor,PHEV Gasoline,0.0,0.0
2045,Class 7&8 Vocational,Battery Electric,677650.7634272106,0.6899021874081528
2045,Class 7&8 Vocational,H2 Fuel Cell,290870.44428400154,0.29612916651789317
2045,Class 7&8 Vocational,PHEV Diesel,6667.854163805178,0.006788404029329889
2045,Class 7&8 Vocational,PHEV Gasoline,7052.733839577049,0.007180242044624143
2046,Class 4-6 Vocational,Battery Electric,1392988.5089621157,0.6281678013476786
2046,Class 4-6 Vocational,H2 Fuel Cell,801374.1689204036,0.3613794704757638
2046,Class 4-6 Vocational,PHEV Diesel,12618.753840978492,0.005690423722117446
2046,Class 4-6 Vocational,PHEV Gasoline,10560.61034485043,0.004762304454440163
2046,Class 7&8 Tractor,Battery Electric,5356.1274058539375,0.009599262413878974
2046,Class 7&8 Tractor,H2 Fuel Cell,552616.6808080196,0.990400737586121
2046,Class 7&8 Tractor,PHEV Diesel,0.0,0.0
2046,Class 7&8 Tractor,PHEV Gasoline,0.0,0.0
2046,Class 7&8 Vocational,Battery Electric,711148.2520599643,0.6830588701542704
2046,Class 7&8 Vocational,H2 Fuel Cell,315721.453012471,0.3032508880581187
2046,Class 7&8 Vocational,PHEV Diesel,6926.682623775218,0.0066530881475247855
2046,Class 7&8 Vocational,PHEV Gasoline,7326.542014591524,0.007037153640086146
2047,Class 4-6 Vocational,Battery Electric,1481876.8384481797,0.626822541481724
2047,Class 4-6 Vocational,H2 Fuel Cell,857774.1976014706,0.3628319092435848
2047,Class 4-6 Vocational,PHEV Diesel,13314.741660184567,0.005632033641439044
2047,Class 4-6 Vocational,PHEV Gasoline,11143.264931201362,0.004713515633252177
2047,Class 7&8 Tractor,Battery Electric,10543.507372101792,0.016236331837421857
2047,Class 7&8 Tractor,H2 Fuel Cell,638833.9183713709,0.9837636681625782
2047,Class 7&8 Tractor,PHEV Diesel,0.0,0.0
2047,Class 7&8 Tractor,PHEV Gasoline,0.0,0.0
2047,Class 7&8 Vocational,Battery Electric,742521.0672013226,0.6769910346787227
2047,Class 7&8 Vocational,H2 Fuel Cell,339498.6126565005,0.30953669492585373
2047,Class 7&8 Vocational,PHEV Diesel,7180.535965690024,0.006546829023023861
2047,Class 7&8 Vocational,PHEV Gasoline,7595.796480694516,0.006925441372399649
2048,Class 4-6 Vocational,Battery Electric,1568315.80261144,0.6256147223601844
2048,Class 4-6 Vocational,H2 Fuel Cell,912764.6095855398,0.36410968814776273
2048,Class 4-6 Vocational,PHEV Diesel,14023.461408813064,0.005594079904821939
2048,Class 4-6 Vocational,PHEV Gasoline,11735.79393725332,0.004681509587230831
2048,Class 7&8 Tractor,Battery Electric,16145.367742753057,0.02169816974577515
2048,Class 7&8 Tractor,H2 Fuel Cell,727943.554591202,0.9783018302542249
2048,Class 7&8 Tractor,PHEV Diesel,0.0,0.0
2048,Class 7&8 Tractor,PHEV Gasoline,0.0,0.0
2048,Class 7&8 Vocational,Battery Electric,771631.3596455256,0.6715670369195109
2048,Class 7&8 Vocational,H2 Fuel Cell,362081.11225411016,0.31512682402218334
2048,Class 7&8 Vocational,PHEV Diesel,7429.345554441623,0.006465916033453466
2048,Class 7&8 Vocational,PHEV Gasoline,7859.424752525481,0.006840223024852285
2049,Class 4-6 Vocational,Battery Electric,1654166.729854982,0.6245039348068642
2049,Class 4-6 Vocational,H2 Fuel Cell,967482.4466436693,0.36525737332325164
2049,Class 4-6 Vocational,PHEV Diesel,14764.271448791438,0.005574012249137199
2049,Class 4-6 Vocational,PHEV Gasoline,12355.659274522526,0.0046646796207469995
2049,Class 7&8 Tractor,Battery Electric,23308.44260594943,0.027587542148412535
2049,Class 7&8 Tractor,H2 Fuel Cell,821581.7067432437,0.9724124578515874
2049,Class 7&8 Tractor,PHEV Diesel,0.0,0.0
2049,Class 7&8 Tractor,PHEV Gasoline,0.0,0.0
2049,Class 7&8 Vocational,Battery Electric,799168.0161367538,0.6666114607451274
2049,Class 7&8 Vocational,H2 Fuel Cell,383878.83308664704,0.32020554439860793
2049,Class 7&8 Vocational,PHEV Diesel,7680.068121882092,0.006406189094126407
2049,Class 7&8 Vocational,PHEV Gasoline,8124.38239603389,0.006776805762138253
2050,Class 4-6 Vocational,Battery Electric,1740334.997830443,0.6234711658388935
2050,Class 4-6 Vocational,H2 Fuel Cell,1022473.2028301818,0.36629876466442773
2050,Class 4-6 Vocational,PHEV Diesel,15545.526862265284,0.005569150633917586
2050,Class 4-6 Vocational,PHEV Gasoline,13010.321348216801,0.004660918862761194
2050,Class 7&8 Tractor,Battery Electric,33359.43834812652,0.035010200077953156
2050,Class 7&8 Tractor,H2 Fuel Cell,919489.6820181932,0.9649897999220469
2050,Class 7&8 Tractor,PHEV Diesel,0.0,0.0
2050,Class 7&8 Tractor,PHEV Gasoline,0.0,0.0
2050,Class 7&8 Vocational,Battery Electric,825424.6997311483,0.6620315175338202
2050,Class 7&8 Vocational,H2 Fuel Cell,405048.71359272674,0.32486914266347516
2050,Class 7&8 Vocational,PHEV Diesel,7936.683784521705,0.006365613740132048
2050,Class 7&8 Vocational,PHEV Gasoline,8395.648343112052,0.0067337260625725745
