Year,vehicle type,fuel type,Stock,VMT_millions,vehicle category,Fraction
2018,Class 4-6 Vocational,Diesel,2059238.0,37818.89186650094,Diesel Class 4-6 Vocational,0.5887427891632384
2018,Class 4-6 Vocational,Electric,101.0,2.2748445531186356,Electric Class 4-6 Vocational,2.887622591729906e-05
2018,Class 4-6 Vocational,Gasoline,1438348.0,18945.786779504564,Gasoline Class 4-6 Vocational,0.41122833461084424
2018,Class 7&8 Tractor,Diesel,2818447.0,140459.83288787008,Diesel Class 7&8 Tractor,0.9999978711725901
2018,Class 7&8 Tractor,Electric,6.0,0.12861426195261982,Electric Class 7&8 Tractor,2.1288274099301994e-06
2018,Class 7&8 Vocational,Diesel,1957950.0,33450.77402712136,Diesel Class 7&8 Vocational,0.999998978524499
2018,Class 7&8 Vocational,Electric,2.0,0.02143571032543664,Electric Class 7&8 Vocational,1.0214755009315856e-06
2019,Class 4-6 Vocational,Diesel,2106688.246616429,38416.17292370153,Diesel Class 4-6 Vocational,0.5927601803284915
2019,Class 4-6 Vocational,Electric,100.95612903225806,2.0882771176773245,Electric Class 4-6 Vocational,2.8406088725534856e-05
2019,Class 4-6 Vocational,Gasoline,1447242.1180645162,18999.632336666888,Gasoline Class 4-6 Vocational,0.40721141358278296
2019,Class 7&8 Tractor,Diesel,2901534.538297316,143264.01609463242,Diesel Class 7&8 Tractor,0.9999979321329753
2019,Class 7&8 Tractor,Electric,6.0,0.12471969426341911,Electric Class 7&8 Tractor,2.06786702470851e-06
2019,Class 7&8 Vocational,Diesel,1978331.7763517916,33527.25792665719,Diesel Class 7&8 Vocational,0.9999989890482466
2019,Class 7&8 Vocational,Electric,2.0,0.020786615710569854,Electric Class 7&8 Vocational,1.0109517533932837e-06
2020,Class 4-6 Vocational,Diesel,2135934.9953784337,35420.827061629105,Diesel Class 4-6 Vocational,0.5998022401119174
2020,Class 4-6 Vocational,Electric,100.86603288241415,1.7832203338037866,Electric Class 4-6 Vocational,2.8324678702759546e-05
2020,Class 4-6 Vocational,Gasoline,1425029.5240395425,16913.902064250113,Gasoline Class 4-6 Vocational,0.4001694352093798
2020,Class 7&8 Tractor,Diesel,2999421.5752854184,134707.0824920312,Diesel Class 7&8 Tractor,0.9999979996183107
2020,Class 7&8 Tractor,Electric,6.0,0.11140496445935318,Electric Class 7&8 Tractor,2.0003816893058516e-06
2020,Class 7&8 Vocational,Diesel,2008590.6760322535,30833.0045432942,Diesel Class 7&8 Vocational,0.9999990042779585
2020,Class 7&8 Vocational,Electric,2.0,0.018567494076558864,Electric Class 7&8 Vocational,9.957220415394387e-07
2021,Class 4-6 Vocational,Diesel,2189311.182346111,37370.461356435255,Diesel Class 4-6 Vocational,0.6077368967493777
2021,Class 4-6 Vocational,Electric,681.6373859681112,13.987576254343878,Electric Class 4-6 Vocational,0.00018921759181474246
2021,Class 4-6 Vocational,Gasoline,1412406.8273128048,17008.444027746536,Gasoline Class 4-6 Vocational,0.39207388565880763
2021,Class 7&8 Tractor,Diesel,3074634.3042627745,141856.92305530026,Diesel Class 7&8 Tractor,0.9999980535882033
2021,Class 7&8 Tractor,Electric,5.984516129032258,0.11315053187925488,Electric Class 7&8 Tractor,1.9464117968118524e-06
2021,Class 7&8 Vocational,Diesel,2029663.0124777432,31950.419872492766,Diesel Class 7&8 Vocational,0.9997497773158621
2021,Class 7&8 Vocational,Electric,507.9948387096774,4.957599199319475,Electric Class 7&8 Vocational,0.0002502226841379051
2022,Class 4-6 Vocational,Diesel,2246623.237961594,38588.74978090351,Diesel Class 4-6 Vocational,0.6150720127003213
2022,Class 4-6 Vocational,Electric,1299.1503070547174,26.05339491913177,Electric Class 4-6 Vocational,0.0003556764572974855
2022,Class 4-6 Vocational,Gasoline,1404695.8280900365,16809.310515475263,Gasoline Class 4-6 Vocational,0.3845723108423813
2022,Class 7&8 Tractor,Diesel,3150093.0690881913,145582.47879715226,Diesel Class 7&8 Tractor,0.9999981100186817
2022,Class 7&8 Tractor,Electric,5.953628303850156,0.11190822156028055,Electric Class 7&8 Tractor,1.8899813183383775e-06
2022,Class 7&8 Vocational,Diesel,2053203.6374678495,32361.864360504806,Diesel Class 7&8 Vocational,0.9994961712180472
2022,Class 7&8 Vocational,Electric,1034.9845427679502,9.923878097411572,Electric Class 7&8 Vocational,0.000503828781952772
2023,Class 4-6 Vocational,Diesel,2307234.559409638,39526.82727711851,Diesel Class 4-6 Vocational,0.621803238878606
2023,Class 4-6 Vocational,Electric,1955.407888274557,37.803634053690274,Electric Class 4-6 Vocational,0.0005269854134678908
2023,Class 4-6 Vocational,Gasoline,1401364.1359110556,16536.54969665023,Gasoline Class 4-6 Vocational,0.377669775707926
2023,Class 7&8 Tractor,Diesel,3224738.417175665,147794.52501131842,Diesel Class 7&8 Tractor,0.9999981680607506
2023,Class 7&8 Tractor,Electric,5.9075356976268,0.10895827714642403,Electric Class 7&8 Tractor,1.831939249371519e-06
2023,Class 7&8 Vocational,Diesel,2078879.256132618,32525.529676848793,Diesel Class 7&8 Vocational,0.9992400868041929
2023,Class 7&8 Vocational,Electric,1580.9691785658756,14.869054492251692,Electric Class 7&8 Vocational,0.0007599131958071454
2024,Class 4-6 Vocational,Diesel,2368656.8799771583,40380.56207046766,Diesel Class 4-6 Vocational,0.6278744305681347
2024,Class 4-6 Vocational,Electric,2637.4151857962224,49.10310168429735,Electric Class 4-6 Vocational,0.0006991158457570788
2024,Class 4-6 Vocational,Gasoline,1401206.645564747,16313.744396911155,Gasoline Class 4-6 Vocational,0.3714264535861082
2024,Class 7&8 Tractor,Diesel,3295332.7532892227,149334.39849359135,Diesel Class 7&8 Tractor,0.9999982258106392
2024,Class 7&8 Tractor,Electric,5.846554683973879,0.10485919566782467,Electric Class 7&8 Tractor,1.7741893607688199e-06
2024,Class 7&8 Vocational,Diesel,2103748.770721944,32645.432822880597,Diesel Class 7&8 Vocational,0.9989852493743137
2024,Class 7&8 Vocational,Electric,2136.948851561325,19.788675642877337,Electric Class 7&8 Vocational,0.0010147506256864265
2025,Class 4-6 Vocational,Diesel,2431091.073183064,41328.273350426796,Diesel Class 4-6 Vocational,0.6333481564043566
2025,Class 4-6 Vocational,Electric,3343.6798084983466,60.22264150197959,Electric Class 4-6 Vocational,0.0008710958901042511
2025,Class 4-6 Vocational,Gasoline,1404040.2604747298,16153.41799004572,Gasoline Class 4-6 Vocational,0.36578074770553914
2025,Class 7&8 Tractor,Diesel,3362825.24383456,150925.40325774648,Diesel Class 7&8 Tractor,0.9999982838521344
2025,Class 7&8 Tractor,Electric,5.771115268696796,0.09990995635403269,Electric Class 7&8 Tractor,1.7161478656051047e-06
2025,Class 7&8 Vocational,Diesel,2128209.640963888,32844.57183097632,Diesel Class 7&8 Vocational,0.9987335832561471
2025,Class 7&8 Vocational,Electric,2698.6178986379527,24.765800831178144,Electric Class 7&8 Vocational,0.0012664167438529096
2026,Class 4-6 Vocational,Diesel,2495403.740752832,42238.15073069611,Diesel Class 4-6 Vocational,0.6384485529921614
2026,Class 4-6 Vocational,Electric,4077.623446641889,71.0934718725719,Electric Class 4-6 Vocational,0.0010432591514710262
2026,Class 4-6 Vocational,Gasoline,1409061.8207726583,16035.304285004126,Gasoline Class 4-6 Vocational,0.36050818785636746
2026,Class 7&8 Tractor,Diesel,3427674.551459231,152009.17426624583,Diesel Class 7&8 Tractor,0.999998342390282
2026,Class 7&8 Tractor,Electric,5.681756064536331,0.09363495848130048,Electric Class 7&8 Tractor,1.657609717930609e-06
2026,Class 7&8 Vocational,Diesel,2153004.981016032,32981.12124416723,Diesel Class 7&8 Vocational,0.9984836702929546
2026,Class 7&8 Vocational,Electric,3269.623238979542,29.759663436093245,Electric Class 7&8 Vocational,0.0015163297070454485
2027,Class 4-6 Vocational,Diesel,2556977.858285478,43082.92487178646,Diesel Class 4-6 Vocational,0.6430049084357001
2027,Class 4-6 Vocational,Electric,4823.588647386051,81.59555370861607,Electric Class 4-6 Vocational,0.0012129910184766521
2027,Class 4-6 Vocational,Gasoline,1414805.6127334202,15951.633839679707,Gasoline Class 4-6 Vocational,0.35578210054582315
2027,Class 7&8 Tractor,Diesel,3483277.3350974233,152444.2540222368,Diesel Class 7&8 Tractor,0.9999983983161782
2027,Class 7&8 Tractor,Electric,5.5791178904672885,0.08625456038912882,Electric Class 7&8 Tractor,1.601683821804669e-06
2027,Class 7&8 Vocational,Diesel,2175620.5159710874,33041.090309140534,Diesel Class 7&8 Vocational,0.9982365099559877
2027,Class 7&8 Vocational,Electric,3843.46302824888,34.71132457877068,Electric Class 7&8 Vocational,0.0017634900440123542
2028,Class 4-6 Vocational,Diesel,2615308.2263708953,44041.39337716246,Diesel Class 4-6 Vocational,0.6472462618800322
2028,Class 4-6 Vocational,Electric,5592.413402418563,92.44140217731882,Electric Class 4-6 Vocational,0.0013840313860924922
2028,Class 4-6 Vocational,Gasoline,1419768.8555966655,15979.887440661241,Gasoline Class 4-6 Vocational,0.3513697067338753
2028,Class 7&8 Tractor,Diesel,3528095.3387969434,152920.26617408125,Diesel Class 7&8 Tractor,0.9999984513095268
2028,Class 7&8 Tractor,Electric,5.463936101760868,0.07834402616073938,Electric Class 7&8 Tractor,1.5486904732223713e-06
2028,Class 7&8 Vocational,Diesel,2194689.453804572,33156.63214645267,Diesel Class 7&8 Vocational,0.9978953830018024
2028,Class 7&8 Vocational,Electric,4628.722418123379,41.70105778132687,Electric Class 7&8 Vocational,0.002104616998197668
2029,Class 4-6 Vocational,Diesel,2667939.444549865,44992.20485587434,Diesel Class 4-6 Vocational,0.6505291384234164
2029,Class 4-6 Vocational,Electric,8682.475314577725,149.47194518479048,Electric Class 4-6 Vocational,0.002117065736747932
2029,Class 4-6 Vocational,Gasoline,1424561.696623089,16083.226579015774,Gasoline Class 4-6 Vocational,0.34735379583983567
2029,Class 7&8 Tractor,Diesel,3563641.1612136024,153359.74260368253,Diesel Class 7&8 Tractor,0.9999945558119184
2029,Class 7&8 Tractor,Electric,19.401238361048907,0.3313661981063279,Electric Class 7&8 Tractor,5.444188081622442e-06
2029,Class 7&8 Vocational,Diesel,2208184.516427613,33248.32126246437,Diesel Class 7&8 Vocational,0.9965150881210529
2029,Class 7&8 Vocational,Electric,7722.239777337775,70.09492532058471,Electric Class 7&8 Vocational,0.0034849118789471033
2030,Class 4-6 Vocational,Diesel,2697812.5284246835,45388.83706790009,Diesel Class 4-6 Vocational,0.6480747737494637
2030,Class 4-6 Vocational,Electric,34280.030654250215,658.0442760201875,Electric Class 4-6 Vocational,0.008234828356791101
2030,Class 4-6 Vocational,Gasoline,1430718.0265212073,16273.251204872415,Gasoline Class 4-6 Vocational,0.3436903978937453
2030,Class 7&8 Tractor,Diesel,3592174.944262367,153940.4641410174,Diesel Class 7&8 Tractor,0.999617638446412
2030,Class 7&8 Tractor,Electric,1374.034970594081,25.63889300884271,Electric Class 7&8 Tractor,0.0003823615535879984
2030,Class 7&8 Vocational,Diesel,2186638.1357367774,32609.46646104794,Diesel Class 7&8 Vocational,0.9799729432524122
2030,Class 7&8 Vocational,Electric,44686.87256354234,414.7611524583412,Electric Class 7&8 Vocational,0.02002705674758781
2031,Class 4-6 Vocational,Diesel,2707811.5036700363,45377.67646581343,Diesel Class 4-6 Vocational,0.6415937624584597
2031,Class 4-6 Vocational,Electric,77033.99066961408,1501.0529785298386,Electric Class 4-6 Vocational,0.018252573284336805
2031,Class 4-6 Vocational,Gasoline,1435599.9995414643,16527.861874220773,Gasoline Class 4-6 Vocational,0.34015366425720356
2031,Class 7&8 Tractor,Diesel,3615764.6436618967,154609.737538472,Diesel Class 7&8 Tractor,0.9991371517060168
2031,Class 7&8 Tractor,Electric,3122.5506417223723,58.18154765551614,Electric Class 7&8 Tractor,0.0008628482939831572
2031,Class 7&8 Vocational,Diesel,2153497.624578123,31690.074323730903,Diesel Class 7&8 Vocational,0.959291485509984
2031,Class 7&8 Vocational,Electric,91385.87236365213,848.9979732614584,Electric Class 7&8 Vocational,0.04070851449001604
2032,Class 4-6 Vocational,Diesel,2687654.765056583,44693.688035550134,Diesel Class 4-6 Vocational,0.6282699822147687
2032,Class 4-6 Vocational,Electric,148434.34508077602,2929.029325665988,Electric Class 4-6 Vocational,0.0346982226126787
2032,Class 4-6 Vocational,Gasoline,1441776.8410292077,16913.175378120595,Gasoline Class 4-6 Vocational,0.3370317951725527
2032,Class 7&8 Tractor,Diesel,3632081.1524354476,155311.95503665574,Diesel Class 7&8 Tractor,0.9985660872867099
2032,Class 7&8 Tractor,Electric,5215.56600658205,97.66118461721108,Electric Class 7&8 Tractor,0.0014339127132900072
2032,Class 7&8 Vocational,Diesel,2111924.1639403244,30592.663959391546,Diesel Class 7&8 Vocational,0.9362855918499703
2032,Class 7&8 Vocational,Electric,143716.83099099286,1342.1009411850578,Electric Class 7&8 Vocational,0.06371440815002963
2033,Class 4-6 Vocational,Diesel,2624376.138365121,43026.955088707124,Diesel Class 4-6 Vocational,0.6063570579171789
2033,Class 4-6 Vocational,Electric,257693.05195388573,5170.324191831609,Electric Class 4-6 Vocational,0.0595394838964649
2033,Class 4-6 Vocational,Gasoline,1446034.3653314987,17426.50180655241,Gasoline Class 4-6 Vocational,0.33410345818635634
2033,Class 7&8 Tractor,Diesel,3642598.9401490088,156000.18602308317,Diesel Class 7&8 Tractor,0.9985448247667211
2033,Class 7&8 Tractor,Electric,5308.344333676842,99.2693553379199,Electric Class 7&8 Tractor,0.0014551752332788868
2033,Class 7&8 Vocational,Diesel,2066008.9263870502,29431.230562395056,Diesel Class 7&8 Vocational,0.9126702247289828
2033,Class 7&8 Vocational,Electric,197688.15762875736,1859.9710726019287,Electric Class 7&8 Vocational,0.08732977527101717
2034,Class 4-6 Vocational,Diesel,2533753.1987853516,40727.94938784138,Diesel Class 4-6 Vocational,0.5791202515184907
2034,Class 4-6 Vocational,Electric,390924.3273742949,7954.286534099224,Electric Class 4-6 Vocational,0.08935053141806705
2034,Class 4-6 Vocational,Gasoline,1450498.7729624915,18031.5925287284,Gasoline Class 4-6 Vocational,0.3315292170634423
2034,Class 7&8 Tractor,Diesel,3644490.936713008,156635.74091708713,Diesel Class 7&8 Tractor,0.9982910308015361
2034,Class 7&8 Tractor,Electric,6238.9849880974,118.24823530220543,Electric Class 7&8 Tractor,0.0017089691984638136
2034,Class 7&8 Vocational,Diesel,2013317.7299209384,28221.26497456512,Diesel Class 7&8 Vocational,0.8874601731850081
2034,Class 7&8 Vocational,Electric,255311.0950722297,2425.928941172085,Electric Class 7&8 Vocational,0.1125398268149919
2035,Class 4-6 Vocational,Diesel,2433271.8683782886,38217.08030810381,Diesel Class 4-6 Vocational,0.5500013703200094
2035,Class 4-6 Vocational,Electric,533337.4490863439,10960.912739358382,Electric Class 4-6 Vocational,0.12055222092218092
2035,Class 4-6 Vocational,Gasoline,1457510.3296601172,18672.120966297236,Gasoline Class 4-6 Vocational,0.32944640875780973
2035,Class 7&8 Tractor,Diesel,3642069.8466502097,157212.17917620583,Diesel Class 7&8 Tractor,0.9973725611385854
2035,Class 7&8 Tractor,Electric,9594.524878597844,185.76304242072425,Electric Class 7&8 Tractor,0.0026274388614145818
2035,Class 7&8 Vocational,Diesel,1955882.2123213762,26985.595533837353,Diesel Class 7&8 Vocational,0.8607810850693572
2035,Class 7&8 Vocational,Electric,316335.71421889093,3041.8552666019273,Electric Class 7&8 Vocational,0.13921891493064276
2036,Class 4-6 Vocational,Diesel,2327517.923273356,35591.99206672961,Diesel Class 4-6 Vocational,0.520105679721152
2036,Class 4-6 Vocational,Electric,681740.6097506452,14117.228152405098,Electric Class 4-6 Vocational,0.15234132449953577
2036,Class 4-6 Vocational,Gasoline,1465828.0003921026,19321.6981466315,Gasoline Class 4-6 Vocational,0.3275529957793124
2036,Class 7&8 Tractor,Diesel,3635097.143945249,157623.66548375413,Diesel Class 7&8 Tractor,0.9949268822513871
2036,Class 7&8 Tractor,Electric,18535.307637029706,366.2949530819699,Electric Class 7&8 Tractor,0.005073117748612787
2036,Class 7&8 Vocational,Diesel,1894078.571431002,25722.64269330831,Diesel Class 7&8 Vocational,0.8325844948046315
2036,Class 7&8 Vocational,Electric,380859.98825891106,3713.3940086948032,Electric Class 7&8 Vocational,0.16741550519536863
2037,Class 4-6 Vocational,Diesel,2219584.433051584,32969.055600086416,Diesel Class 4-6 Vocational,0.4900719374691017
2037,Class 4-6 Vocational,Electric,833574.2767479036,17350.49489502247,Electric Class 4-6 Vocational,0.1840485789804403
2037,Class 4-6 Vocational,Gasoline,1475940.5169676547,20030.511612493672,Gasoline Class 4-6 Vocational,0.3258794835504579
2037,Class 7&8 Tractor,Diesel,3619559.646494082,157981.32026133675,Diesel Class 7&8 Tractor,0.990328052793176
2037,Class 7&8 Tractor,Electric,35350.094056309914,711.5643516876619,Electric Class 7&8 Tractor,0.009671947206823923
2037,Class 7&8 Vocational,Diesel,1828566.4571340303,24473.80154749725,Diesel Class 7&8 Vocational,0.8031721138723001
2037,Class 7&8 Vocational,Electric,448114.2512113322,4439.84708578492,Electric Class 7&8 Vocational,0.19682788612769994
2038,Class 4-6 Vocational,Diesel,2109745.5740977013,30367.617554138596,Diesel Class 4-6 Vocational,0.4603313622340582
2038,Class 4-6 Vocational,Electric,986437.2893264355,20567.80579378215,Electric Class 4-6 Vocational,0.21523354603946251
2038,Class 4-6 Vocational,Gasoline,1486919.1087265003,20691.433921158266,Gasoline Class 4-6 Vocational,0.32443509172647933
2038,Class 7&8 Tractor,Diesel,3596640.1437182007,158147.85693979645,Diesel Class 7&8 Tractor,0.9840696662874535
2038,Class 7&8 Tractor,Electric,58223.1926216444,1192.7337948138395,Electric Class 7&8 Tractor,0.015930333712546384
2038,Class 7&8 Vocational,Diesel,1759891.6177274578,23225.26402782445,Diesel Class 7&8 Vocational,0.7731455571978613
2038,Class 7&8 Vocational,Electric,516383.0130236973,5201.258945382491,Electric Class 7&8 Vocational,0.22685444280213868
2039,Class 4-6 Vocational,Diesel,1996919.686117495,27830.40253092971,Diesel Class 4-6 Vocational,0.4305610188996508
2039,Class 4-6 Vocational,Electric,1140873.1901337332,23773.026240496918,Electric Class 4-6 Vocational,0.24598661958925325
2039,Class 4-6 Vocational,Gasoline,1500155.2854770618,21406.42895957368,Gasoline Class 4-6 Vocational,0.32345236151109596
2039,Class 7&8 Tractor,Diesel,3555506.1138036707,157898.70812659778,Diesel Class 7&8 Tractor,0.9740962631796486
2039,Class 7&8 Tractor,Electric,94550.09542330478,1983.5375618691432,Electric Class 7&8 Tractor,0.02590373682035132
2039,Class 7&8 Vocational,Diesel,1686685.1796530802,22036.004130731708,Diesel Class 7&8 Vocational,0.7421756463188124
2039,Class 7&8 Vocational,Electric,585937.4643517863,6013.569672075441,Electric Class 7&8 Vocational,0.25782435368118756
2040,Class 4-6 Vocational,Diesel,1881337.9426735803,25357.138448918708,Diesel Class 4-6 Vocational,0.4009708956020505
2040,Class 4-6 Vocational,Electric,1297095.2655393444,26948.69928048258,Electric Class 4-6 Vocational,0.27645083772954526
2040,Class 4-6 Vocational,Gasoline,1513523.1489904714,22102.688980122955,Gasoline Class 4-6 Vocational,0.32257826666840417
2040,Class 7&8 Tractor,Diesel,3496622.102409438,157153.69341557263,Diesel Class 7&8 Tractor,0.960052217743945
2040,Class 7&8 Tractor,Electric,145494.48019296819,3140.9296859414,Electric Class 7&8 Tractor,0.039947782256055026
2040,Class 7&8 Vocational,Diesel,1610370.233684302,20921.534686869392,Diesel Class 7&8 Vocational,0.7105168201275508
2040,Class 7&8 Vocational,Electric,656107.0516742782,6880.266340177336,Electric Class 7&8 Vocational,0.2894831798724492
2041,Class 4-6 Vocational,Diesel,1763961.3037084045,23015.31920638049,Diesel Class 4-6 Vocational,0.37173744744092857
2041,Class 4-6 Vocational,Electric,1452790.059822122,30068.045026901807,Electric Class 4-6 Vocational,0.30616117676190524
2041,Class 4-6 Vocational,Gasoline,1528429.1821789797,22814.703528135335,Gasoline Class 4-6 Vocational,0.32210137579716613
2041,Class 7&8 Tractor,Diesel,3427888.5707439226,156327.26318306287,Diesel Class 7&8 Tractor,0.9453052040613488
2041,Class 7&8 Tractor,Electric,198335.59052860786,4401.998831083536,Electric Class 7&8 Tractor,0.05469479593865126
2041,Class 7&8 Vocational,Diesel,1531512.8705230013,19872.277422605668,Diesel Class 7&8 Vocational,0.6788130108364115
2041,Class 7&8 Vocational,Electric,724650.2348893721,7752.265459743256,Electric Class 7&8 Vocational,0.3211869891635885
2042,Class 4-6 Vocational,Diesel,1648191.982922092,20816.445637727702,Diesel Class 4-6 Vocational,0.34327516704478284
2042,Class 4-6 Vocational,Electric,1607903.4954244245,33100.21999957547,Electric Class 4-6 Vocational,0.334884131644147
2042,Class 4-6 Vocational,Gasoline,1545277.1263518976,23527.31901603579,Gasoline Class 4-6 Vocational,0.32184070131107023
2042,Class 7&8 Tractor,Diesel,3356940.2189322016,155232.58485562995,Diesel Class 7&8 Tractor,0.928556051482229
2042,Class 7&8 Tractor,Electric,258286.0386250117,5914.745524854886,Electric Class 7&8 Tractor,0.07144394851777106
2042,Class 7&8 Vocational,Diesel,1455031.7322598503,18901.943066465505,Diesel Class 7&8 Vocational,0.6476277563227705
2042,Class 7&8 Vocational,Electric,791678.2304531725,8642.088620938019,Electric Class 7&8 Vocational,0.3523722436772295
2043,Class 4-6 Vocational,Diesel,1539459.6190686685,18797.889350702415,Diesel Class 4-6 Vocational,0.31625405654156863
2043,Class 4-6 Vocational,Electric,1762719.0105728016,36012.16729262491,Electric Class 4-6 Vocational,0.36211864912302233
2043,Class 4-6 Vocational,Gasoline,1565615.4341046207,24236.112874680413,Gasoline Class 4-6 Vocational,0.321627294335409
2043,Class 7&8 Tractor,Diesel,3282115.7303889864,153749.9379328998,Diesel Class 7&8 Tractor,0.910137494486744
2043,Class 7&8 Tractor,Electric,324059.98511636996,7662.8746662704525,Electric Class 7&8 Tractor,0.08986250551325599
2043,Class 7&8 Vocational,Diesel,1380430.8345754733,17973.241656628456,Diesel Class 7&8 Vocational,0.6168810634726776
2043,Class 7&8 Vocational,Electric,857327.6513220505,9534.744292197478,Electric Class 7&8 Vocational,0.3831189365273224
2044,Class 4-6 Vocational,Diesel,1437461.083685929,16971.40535514105,Diesel Class 4-6 Vocational,0.2908661284162904
2044,Class 4-6 Vocational,Electric,1916158.7440384622,38781.09906829236,Electric Class 4-6 Vocational,0.38772922734043463
2044,Class 4-6 Vocational,Gasoline,1588382.4999877615,24932.701095251057,Gasoline Class 4-6 Vocational,0.32140464424327503
2044,Class 7&8 Tractor,Diesel,3204528.2656183173,151912.92882683812,Diesel Class 7&8 Tractor,0.8903853900032822
2044,Class 7&8 Tractor,Electric,394506.8281701202,9633.787547775375,Electric Class 7&8 Tractor,0.10961460999671778
2044,Class 7&8 Vocational,Diesel,1308019.4155499071,17067.498604935183,Diesel Class 7&8 Vocational,0.5868228805608524
2044,Class 7&8 Vocational,Electric,920965.6136292132,10418.442921959153,Electric Class 7&8 Vocational,0.41317711943914753
2045,Class 4-6 Vocational,Diesel,1339519.9210202363,15315.925794500907,Diesel Class 4-6 Vocational,0.26691520370228244
2045,Class 4-6 Vocational,Electric,2067720.5171486791,41403.51183588917,Electric Class 4-6 Vocational,0.41201779411669587
2045,Class 4-6 Vocational,Gasoline,1611281.9331319665,25598.066845053243,Gasoline Class 4-6 Vocational,0.32106700218102174
2045,Class 7&8 Tractor,Diesel,3119122.596319792,149515.73370395944,Diesel Class 7&8 Tractor,0.8683834707650828
2045,Class 7&8 Tractor,Electric,472749.7749630378,11944.243661287801,Electric Class 7&8 Tractor,0.13161652923491715
2045,Class 7&8 Vocational,Diesel,1236566.1225428386,16207.683873514316,Diesel Class 7&8 Vocational,0.5573110283083857
2045,Class 7&8 Vocational,Electric,982241.7957145943,11308.870254672893,Electric Class 7&8 Vocational,0.44268897169161425
2046,Class 4-6 Vocational,Diesel,1243865.1435973025,13828.679664308896,Diesel Class 4-6 Vocational,0.24410969970637578
2046,Class 4-6 Vocational,Electric,2217542.0420683483,43948.91596706476,Electric Class 4-6 Vocational,0.4351947031894799
2046,Class 4-6 Vocational,Gasoline,1634109.891670767,26265.042737935895,Gasoline Class 4-6 Vocational,0.32069559710414436
2046,Class 7&8 Tractor,Diesel,3022694.969932375,146720.27102227637,Diesel Class 7&8 Tractor,0.8441707405475237
2046,Class 7&8 Tractor,Electric,557972.8082138735,14613.691204451101,Electric Class 7&8 Tractor,0.15582925945247628
2046,Class 7&8 Vocational,Diesel,1164955.0829514102,15386.3674447994,Diesel Class 7&8 Vocational,0.5280661319613018
2046,Class 7&8 Vocational,Electric,1041122.9297108022,12220.38602991844,Electric Class 7&8 Vocational,0.47193386803869825
2047,Class 4-6 Vocational,Diesel,1153014.2842070472,12495.282338540057,Diesel Class 4-6 Vocational,0.22286627309770785
2047,Class 4-6 Vocational,Electric,2364109.042641036,46300.03308794005,Electric Class 4-6 Vocational,0.4569589282168735
2047,Class 4-6 Vocational,Gasoline,1656446.7615319956,26860.262945844792,Gasoline Class 4-6 Vocational,0.3201747986854187
2047,Class 7&8 Tractor,Diesel,2916249.459938975,143080.76833119226,Diesel Class 7&8 Tractor,0.8178784694632499
2047,Class 7&8 Tractor,Electric,649377.4257434726,17628.419071393473,Electric Class 7&8 Tractor,0.18212153053674998
2047,Class 7&8 Vocational,Diesel,1093010.2794426936,14573.118968517607,Diesel Class 7&8 Vocational,0.49913560097169735
2047,Class 7&8 Vocational,Electric,1096796.0123042078,13130.896686972637,Electric Class 7&8 Vocational,0.5008643990283027
2048,Class 4-6 Vocational,Diesel,1066849.295030269,11312.992624757031,Diesel Class 4-6 Vocational,0.20314713408363025
2048,Class 4-6 Vocational,Electric,2506839.667543046,48471.61293791887,Electric Class 4-6 Vocational,0.4773469846592357
2048,Class 4-6 Vocational,Gasoline,1677919.9259432997,27382.624051090563,Gasoline Class 4-6 Vocational,0.31950588125713414
2048,Class 7&8 Tractor,Diesel,2803421.3755733,138721.16112391927,Diesel Class 7&8 Tractor,0.790250384115049
2048,Class 7&8 Tractor,Electric,744088.9223339551,20926.717791273357,Electric Class 7&8 Tractor,0.20974961588495108
2048,Class 7&8 Vocational,Diesel,1020991.6526392343,13753.38618163734,Diesel Class 7&8 Vocational,0.47050460628893837
2048,Class 7&8 Vocational,Electric,1149001.2422066028,14045.508904717026,Electric Class 7&8 Vocational,0.5294953937110616
2049,Class 4-6 Vocational,Diesel,984122.4882007181,10293.789334403169,Diesel Class 4-6 Vocational,0.18454242496840398
2049,Class 4-6 Vocational,Electric,2648769.107221965,50709.613816752935,Electric Class 4-6 Vocational,0.49669658003835787
2049,Class 4-6 Vocational,Gasoline,1699879.383224706,27967.022143997372,Gasoline Class 4-6 Vocational,0.3187609949932381
2049,Class 7&8 Tractor,Diesel,2682126.823055073,134132.540159225,Diesel Class 7&8 Tractor,0.7604519184456162
2049,Class 7&8 Tractor,Electric,844890.1493491932,24704.611277346496,Electric Class 7&8 Tractor,0.23954808155438387
2049,Class 7&8 Vocational,Diesel,948423.3775380668,12978.089645850938,Diesel Class 7&8 Vocational,0.4416870312743257
2049,Class 7&8 Vocational,Electric,1198851.2997413168,15028.85426860348,Electric Class 7&8 Vocational,0.5583129687256742
2050,Class 4-6 Vocational,Diesel,904720.3371751407,9398.682275562163,Diesel Class 4-6 Vocational,0.16700039888176113
2050,Class 4-6 Vocational,Electric,2791364.048871107,53047.42856670092,Electric Class 4-6 Vocational,0.5152519407723241
2050,Class 4-6 Vocational,Gasoline,1721389.7231964297,28591.466956740274,Gasoline Class 4-6 Vocational,0.3177476603459148
2050,Class 7&8 Tractor,Diesel,2552059.6634268607,129179.83524804276,Diesel Class 7&8 Tractor,0.728138682303994
2050,Class 7&8 Tractor,Electric,952849.1203663198,29043.388932294707,Electric Class 7&8 Tractor,0.271861317696006
2050,Class 7&8 Vocational,Diesel,875587.4796464513,12247.05799416919,Diesel Class 7&8 Vocational,0.41254724586017194
2050,Class 7&8 Vocational,Electric,1246805.7454515088,16078.756595274075,Electric Class 7&8 Vocational,0.5874527541398281
