NAME,STATE,PORTID,TYPE,Export Port Code,CBP Port Location,is_airport,Vessel,Air,Rail,Road,Fixed,FAF,GEOID,CBPZONE,MESOZONE,lat,lon
portland intl,Oregon,"Portland International Airport, OR",Airport,2910,"Portland International Airport, OR (Port)",1,N,Y,N,N,N,411,410510073001,41051,5704.0,45.58747144429951,-122.59607137913068
bremerton national,Washington,"Everett, WA",Airport,3006,"Everett, WA (Port)",1,Y,Y,N,N,N,531,530350921002,53035,2465.0,47.49058600618888,-122.75933606873478
friday harbor,Washington,"Friday Harbor, WA",Airport,3014,"Friday Harbor, WA (Port)",1,Y,Y,N,N,N,539,530559604002,53055,3321.0,48.52647942582402,-123.02562535821895
spokane intl,Washington,"Spokane, WA",Airport,3022,"Spokane, WA (Port)",1,N,Y,N,N,N,539,530630137001,53063,4208.0,47.62381490019211,-117.53758987963354
seattle-tacoma intl,Washington,"Seattle-Tacoma International Airport, WA",Airport,3029,"Seattle-Tacoma International Airport, WA (Port)",1,N,Y,N,N,N,531,530330284024,53033,1851.0,47.447952846984315,-122.3081027608845
grant county,Washington,"Grant County Airport, WA",Airport,3082,"Grant County Airport, WA (Port)",1,N,Y,N,N,N,539,530250108001,53025,762.0,47.208809508314296,-119.31966198613658
"portland, or",OR,"Portland, OR",Port,2904,"Portland, OR (Port)",0,Y,N,N,N,N,411,410510041012,41051,5608.0,45.59900536494319,-122.74227254496492
"longview, wa",WA,"Longview, WA",Port,2905,"Longview, WA (Port)",0,Y,N,N,N,N,532,530150003001,53015,566.0,46.09060868102073,-122.91931249560396
vancouver,,"Vancouver, WA",Port,2908,"Vancouver, WA (Port)",0,Y,N,N,N,N,532,530110410052,53011,417.0,45.643926676222684,-122.70826651849735
kalama,,"Kalama, WA",Port,2909,"Kalama, WA (Port)",0,Y,N,N,N,N,532,530150016002,53015,626.0,46.02091445934917,-122.85537773154415
seattle,,"Seattle, WA",Port,3001,"Seattle, WA (Port)",0,Y,Y,N,N,N,531,530330099004,53033,1300.0,47.594277974034085,-122.35716400975977
tacoma,,"Tacoma, WA",Port,3002,"Tacoma, WA (Port)",0,Y,Y,N,N,N,531,530530602001,53053,2756.0,47.26217575485862,-122.39444884764912
grays harbor,,"Aberdeen-Hoquiam, WA",Port,3003,"Aberdeen-Hoquiam, WA (Port)",0,Y,Y,N,N,N,539,530270015001,53027,841.0,46.96802212116495,-123.88363067004484
"blaine, wa",WA,"Blaine, WA",Port,3004,"Blaine, WA (Port)",0,Y,N,Y,Y,N,539,530730104011,53073,4547.0,48.99544366576889,-122.75903500490698
"bellingham, wa",WA,"Bellingham, WA",Port,3005,"Bellingham, WA (Port)",0,Y,Y,N,N,N,539,530730011001,53073,4520.0,48.74388849133792,-122.493049319375
port angeles,,"Port Angeles, WA",Port,3007,"Port Angeles, WA (Port)",0,Y,Y,N,N,N,539,530090007001,53009,238.0,48.12519146273599,-123.44441541458485
"port townsend, wa",WA,"Port Townsend, WA",Port,3008,"Port Townsend, WA (Port)",0,Y,Y,N,N,N,539,530319505002,53031,917.0,48.084167281591746,-122.79499866769741
anacortes,,"Anacortes, WA",Port,3010,"Anacortes, WA (Port)",0,Y,N,N,N,N,531,530579406001,53057,3336.0,48.52032617707363,-122.61269048312523
"point roberts, wa",WA,"Point Roberts, WA",Port,3017,"Point Roberts, WA (Port)",0,Y,N,Y,Y,N,539,530739400002,53073,4578.0,48.78632090497918,-122.70310861833278
olympia,,"Olympia, WA",Port,3026,"Olympia, WA (Port)",0,Y,N,N,N,N,531,530670101001,53067,4270.0,47.05452405138872,-122.90272794067609
Sumas,WA,"Sumas, WA",Crossing,3009,"Sumas, WA (Port)",0,N,N,Y,Y,Y,539,530730102002,53073,4536.0,49.002402777777775,-122.26534722222222
Danville,WA,"Danville, WA",Crossing,3012,"Danville, WA (Port)",0,N,N,N,Y,N,539,530199701002,53019,685.0,49.000099999999996,-118.50329166666668
Ferry,WA,"Ferry, WA",Crossing,3013,"Ferry, WA (Port)",0,N,N,N,Y,N,539,530199701002,53019,685.0,49.000099999999996,-118.76110000000001
Boundary,WA,"Boundary, WA",Crossing,3015,"Boundary, WA (Port)",0,N,N,Y,Y,N,539,530659501001,53065,4238.0,49.0007,-117.6251
Laurier,WA,"Laurier, WA",Crossing,3016,"Laurier, WA (Port)",0,N,Y,Y,Y,N,539,530199701001,53019,684.0,49.000099999999996,-118.22392222222223
Oroville,WA,"Oroville, WA",Crossing,3019,"Oroville, WA (Port)",0,N,Y,N,Y,N,539,530479703007,53047,2691.0,49.000099999999996,-119.46270000000001
Frontier,WA,"Frontier, WA",Crossing,3020,"Frontier, WA (Port)",0,N,N,N,Y,N,539,530659501004,53065,4241.0,49.0005,-117.83170000000004
Lynden,WA,"Lynden, WA",Crossing,3023,"Lynden, WA (Port)",0,N,N,Y,Y,N,539,530730103011,53073,4540.0,49.00226111111111,-122.48510277777777
Metaline Falls,WA,"Metaline Falls, WA",Crossing,3025,"Metaline Falls, WA (Port)",0,N,N,N,Y,N,539,530519701003,53051,2744.0,49.0,-117.2997
