Year,vehicle type,Powertrain,Stock,EV_fraction
2018,Class 4-6 Vocational,Battery Electric,101.0,1.0
2018,Class 4-6 Vocational,H2 Fuel Cell,0.0,0.0
2018,Class 4-6 Vocational,PHEV Diesel,0.0,0.0
2018,Class 4-6 Vocational,PHEV Gasoline,0.0,0.0
2018,Class 7&8 Tractor,Battery Electric,6.0,1.0
2018,Class 7&8 Tractor,H2 Fuel Cell,0.0,0.0
2018,Class 7&8 Tractor,PHEV Diesel,0.0,0.0
2018,Class 7&8 Tractor,PHEV Gasoline,0.0,0.0
2018,Class 7&8 Vocational,Battery Electric,2.0,1.0
2018,Class 7&8 Vocational,H2 Fuel Cell,0.0,0.0
2018,Class 7&8 Vocational,PHEV Diesel,0.0,0.0
2018,Class 7&8 Vocational,PHEV Gasoline,0.0,0.0
2019,Class 4-6 Vocational,Battery Electric,100.95612903225806,1.0
2019,Class 4-6 Vocational,H2 Fuel Cell,0.0,0.0
2019,Class 4-6 Vocational,PHEV Diesel,0.0,0.0
2019,Class 4-6 Vocational,PHEV Gasoline,0.0,0.0
2019,Class 7&8 Tractor,Battery Electric,6.0,1.0
2019,Class 7&8 Tractor,H2 Fuel Cell,0.0,0.0
2019,Class 7&8 Tractor,PHEV Diesel,0.0,0.0
2019,Class 7&8 Tractor,PHEV Gasoline,0.0,0.0
2019,Class 7&8 Vocational,Battery Electric,2.0,1.0
2019,Class 7&8 Vocational,H2 Fuel Cell,0.0,0.0
2019,Class 7&8 Vocational,PHEV Diesel,0.0,0.0
2019,Class 7&8 Vocational,PHEV Gasoline,0.0,0.0
2020,Class 4-6 Vocational,Battery Electric,100.86603288241415,1.0
2020,Class 4-6 Vocational,H2 Fuel Cell,0.0,0.0
2020,Class 4-6 Vocational,PHEV Diesel,0.0,0.0
2020,Class 4-6 Vocational,PHEV Gasoline,0.0,0.0
2020,Class 7&8 Tractor,Battery Electric,6.0,1.0
2020,Class 7&8 Tractor,H2 Fuel Cell,0.0,0.0
2020,Class 7&8 Tractor,PHEV Diesel,0.0,0.0
2020,Class 7&8 Tractor,PHEV Gasoline,0.0,0.0
2020,Class 7&8 Vocational,Battery Electric,2.0,1.0
2020,Class 7&8 Vocational,H2 Fuel Cell,0.0,0.0
2020,Class 7&8 Vocational,PHEV Diesel,0.0,0.0
2020,Class 7&8 Vocational,PHEV Gasoline,0.0,0.0
2021,Class 4-6 Vocational,Battery Electric,100.63738596811118,0.14764064888427242
2021,Class 4-6 Vocational,H2 Fuel Cell,0.0,0.0
2021,Class 4-6 Vocational,PHEV Diesel,316.0,0.46358959544332173
2021,Class 4-6 Vocational,PHEV Gasoline,265.0,0.38876975567240585
2021,Class 7&8 Tractor,Battery Electric,5.984516129032258,1.0
2021,Class 7&8 Tractor,H2 Fuel Cell,0.0,0.0
2021,Class 7&8 Tractor,PHEV Diesel,0.0,0.0
2021,Class 7&8 Tractor,PHEV Gasoline,0.0,0.0
2021,Class 7&8 Vocational,Battery Electric,1.9948387096774194,0.003926887750955052
2021,Class 7&8 Vocational,H2 Fuel Cell,0.0,0.0
2021,Class 7&8 Vocational,PHEV Diesel,246.00000000000003,0.484256888563765
2021,Class 7&8 Vocational,PHEV Gasoline,260.0,0.51181622368528
2022,Class 4-6 Vocational,Battery Electric,100.15030705471742,0.07708908392729903
2022,Class 4-6 Vocational,H2 Fuel Cell,0.0,0.0
2022,Class 4-6 Vocational,PHEV Diesel,653.0,0.5026362203465169
2022,Class 4-6 Vocational,PHEV Gasoline,546.0,0.4202746957261841
2022,Class 7&8 Tractor,Battery Electric,5.953628303850156,1.0
2022,Class 7&8 Tractor,H2 Fuel Cell,0.0,0.0
2022,Class 7&8 Tractor,PHEV Diesel,0.0,0.0
2022,Class 7&8 Tractor,PHEV Gasoline,0.0,0.0
2022,Class 7&8 Vocational,Battery Electric,1.984542767950052,0.0019174612624094024
2022,Class 7&8 Vocational,H2 Fuel Cell,0.0,0.0
2022,Class 7&8 Vocational,PHEV Diesel,502.0,0.4850313983022947
2022,Class 7&8 Vocational,PHEV Gasoline,531.0,0.5130511404352958
2023,Class 4-6 Vocational,Battery Electric,99.40788827455694,0.050837418050038656
2023,Class 4-6 Vocational,H2 Fuel Cell,0.0,0.0
2023,Class 4-6 Vocational,PHEV Diesel,1011.0,0.5170276779910619
2023,Class 4-6 Vocational,PHEV Gasoline,845.0,0.4321349039588994
2023,Class 7&8 Tractor,Battery Electric,5.9075356976268,1.0
2023,Class 7&8 Tractor,H2 Fuel Cell,0.0,0.0
2023,Class 7&8 Tractor,PHEV Diesel,0.0,0.0
2023,Class 7&8 Tractor,PHEV Gasoline,0.0,0.0
2023,Class 7&8 Vocational,Battery Electric,1.9691785658756,0.0012455515215431814
2023,Class 7&8 Vocational,H2 Fuel Cell,0.0,0.0
2023,Class 7&8 Vocational,PHEV Diesel,767.0,0.48514544774096036
2023,Class 7&8 Vocational,PHEV Gasoline,812.0,0.5136090007374965
2024,Class 4-6 Vocational,Battery Electric,98.41518579622229,0.03731501446045979
2024,Class 4-6 Vocational,H2 Fuel Cell,0.0,0.0
2024,Class 4-6 Vocational,PHEV Diesel,1383.0,0.5243770519894384
2024,Class 4-6 Vocational,PHEV Gasoline,1156.0,0.4383079335501018
2024,Class 7&8 Tractor,Battery Electric,5.846554683973879,1.0
2024,Class 7&8 Tractor,H2 Fuel Cell,0.0,0.0
2024,Class 7&8 Tractor,PHEV Diesel,0.0,0.0
2024,Class 7&8 Tractor,PHEV Gasoline,0.0,0.0
2024,Class 7&8 Vocational,Battery Electric,1.9488515613246262,0.0009119785716446753
2024,Class 7&8 Vocational,H2 Fuel Cell,0.0,0.0
2024,Class 7&8 Vocational,PHEV Diesel,1037.0,0.48527132469377254
2024,Class 7&8 Vocational,PHEV Gasoline,1098.0,0.5138166967345827
2025,Class 4-6 Vocational,Battery Electric,97.17916333705621,0.02906353745058489
2025,Class 4-6 Vocational,H2 Fuel Cell,0.0,0.0
2025,Class 4-6 Vocational,PHEV Diesel,1768.1845161290323,0.5288139467286874
2025,Class 4-6 Vocational,PHEV Gasoline,1478.316129032258,0.4421225158207277
2025,Class 7&8 Tractor,Battery Electric,5.771115268696796,1.0
2025,Class 7&8 Tractor,H2 Fuel Cell,0.0,0.0
2025,Class 7&8 Tractor,PHEV Diesel,0.0,0.0
2025,Class 7&8 Tractor,PHEV Gasoline,0.0,0.0
2025,Class 7&8 Vocational,Battery Electric,1.923705089565599,0.000712848265972197
2025,Class 7&8 Vocational,H2 Fuel Cell,0.0,0.0
2025,Class 7&8 Vocational,PHEV Diesel,1310.3651612903227,0.48556898772208196
2025,Class 7&8 Vocational,PHEV Gasoline,1386.3290322580644,0.5137181640119458
2026,Class 4-6 Vocational,Battery Electric,95.70861126207657,0.02347166493289051
2026,Class 4-6 Vocational,H2 Fuel Cell,0.0,0.0
2026,Class 4-6 Vocational,PHEV Diesel,2168.6880799167534,0.531850993181523
2026,Class 4-6 Vocational,PHEV Gasoline,1813.2267554630594,0.4446773418855866
2026,Class 7&8 Tractor,Battery Electric,5.681756064536331,1.0
2026,Class 7&8 Tractor,H2 Fuel Cell,0.0,0.0
2026,Class 7&8 Tractor,PHEV Diesel,0.0,0.0
2026,Class 7&8 Tractor,PHEV Gasoline,0.0,0.0
2026,Class 7&8 Vocational,Battery Electric,1.8939186881787768,0.0005792467662940498
2026,Class 7&8 Vocational,H2 Fuel Cell,0.0,0.0
2026,Class 7&8 Vocational,PHEV Diesel,1588.4381152965661,0.4858168661023836
2026,Class 7&8 Vocational,PHEV Gasoline,1679.2912049947972,0.5136038871313223
2027,Class 4-6 Vocational,Battery Electric,94.01404257359108,0.01949047678942071
2027,Class 4-6 Vocational,H2 Fuel Cell,0.0,0.0
2027,Class 4-6 Vocational,PHEV Diesel,2575.601798840187,0.5339596692673887
2027,Class 4-6 Vocational,PHEV Gasoline,2153.9728059722734,0.4465498539431905
2027,Class 7&8 Tractor,Battery Electric,5.5791178904672885,1.0
2027,Class 7&8 Tractor,H2 Fuel Cell,0.0,0.0
2027,Class 7&8 Tractor,PHEV Diesel,0.0,0.0
2027,Class 7&8 Tractor,PHEV Gasoline,0.0,0.0
2027,Class 7&8 Vocational,Battery Electric,1.859705963489096,0.0004847301571696887
2027,Class 7&8 Vocational,H2 Fuel Cell,0.0,0.0
2027,Class 7&8 Vocational,PHEV Diesel,1864.5465669325636,0.48599185472511625
2027,Class 7&8 Vocational,PHEV Gasoline,1970.1735973307375,0.513523415117714
2028,Class 4-6 Vocational,Battery Electric,92.10756750903177,0.016512991954014667
2028,Class 4-6 Vocational,H2 Fuel Cell,0.0,0.0
2028,Class 4-6 Vocational,PHEV Diesel,2986.998290502389,0.5355073428997562
2028,Class 4-6 Vocational,PHEV Gasoline,2498.7789835444064,0.447979665146229
2028,Class 7&8 Tractor,Battery Electric,5.463936101760868,1.0
2028,Class 7&8 Tractor,H2 Fuel Cell,0.0,0.0
2028,Class 7&8 Tractor,PHEV Diesel,0.0,0.0
2028,Class 7&8 Tractor,PHEV Gasoline,0.0,0.0
2028,Class 7&8 Vocational,Battery Electric,17.714377960204466,0.004015957186265507
2028,Class 7&8 Vocational,H2 Fuel Cell,0.0,0.0
2028,Class 7&8 Vocational,PHEV Diesel,2136.0187410348394,0.48424843549841773
2028,Class 7&8 Vocational,PHEV Gasoline,2257.2645930291983,0.5117356073153168
2029,Class 4-6 Vocational,Battery Electric,91.68013858496366,0.014427641781195778
2029,Class 4-6 Vocational,H2 Fuel Cell,0.0,0.0
2029,Class 4-6 Vocational,PHEV Diesel,3409.9386813327483,0.5366197581008106
2029,Class 4-6 Vocational,PHEV Gasoline,2852.8596163610905,0.4489526001179936
2029,Class 7&8 Tractor,Battery Electric,5.33703177939739,1.0
2029,Class 7&8 Tractor,H2 Fuel Cell,0.0,0.0
2029,Class 7&8 Tractor,PHEV Diesel,0.0,0.0
2029,Class 7&8 Tractor,PHEV Gasoline,0.0,0.0
2029,Class 7&8 Vocational,Battery Electric,963.6362916046718,0.16283989165098597
2029,Class 7&8 Vocational,H2 Fuel Cell,0.0,0.0
2029,Class 7&8 Vocational,PHEV Diesel,2408.1910627437014,0.406947699197837
2029,Class 7&8 Vocational,PHEV Gasoline,2545.864446073781,0.430212409151177
2030,Class 4-6 Vocational,Battery Electric,26329.449019793865,0.7885112979497945
2030,Class 4-6 Vocational,H2 Fuel Cell,0.0,0.0
2030,Class 4-6 Vocational,PHEV Diesel,3844.47185726838,0.11513379910940044
2030,Class 4-6 Vocational,PHEV Gasoline,3217.4193462839207,0.09635490294080508
2030,Class 7&8 Tractor,Battery Electric,5.199301927025845,1.0
2030,Class 7&8 Tractor,H2 Fuel Cell,0.0,0.0
2030,Class 7&8 Tractor,PHEV Diesel,0.0,0.0
2030,Class 7&8 Tractor,PHEV Gasoline,0.0,0.0
2030,Class 7&8 Vocational,Battery Electric,31981.112047346563,0.8529023718621283
2030,Class 7&8 Vocational,H2 Fuel Cell,0.0,0.0
2030,Class 7&8 Vocational,PHEV Diesel,2681.407966943101,0.07151030932101457
2030,Class 7&8 Vocational,PHEV Gasoline,2834.2827880319023,0.07558731881685714
2031,Class 4-6 Vocational,Battery Electric,92168.61119263129,0.9212536049424369
2031,Class 4-6 Vocational,H2 Fuel Cell,0.0,0.0
2031,Class 4-6 Vocational,PHEV Diesel,4288.662047777499,0.04286649566236173
2031,Class 4-6 Vocational,PHEV Gasoline,3589.674416735308,0.03587989939520138
2031,Class 7&8 Tractor,Battery Electric,5.051708840065112,1.0
2031,Class 7&8 Tractor,H2 Fuel Cell,0.0,0.0
2031,Class 7&8 Tractor,PHEV Diesel,0.0,0.0
2031,Class 7&8 Tractor,PHEV Gasoline,0.0,0.0
2031,Class 7&8 Vocational,Battery Electric,75734.78256615349,0.9257208621435102
2031,Class 7&8 Vocational,H2 Fuel Cell,0.0,0.0
2031,Class 7&8 Vocational,PHEV Diesel,2954.042181135112,0.03610782763309623
2031,Class 7&8 Vocational,PHEV Gasoline,3122.8591665742715,0.038171310223393505
2032,Class 4-6 Vocational,Battery Electric,175316.42904565623,0.9526778193645469
2032,Class 4-6 Vocational,H2 Fuel Cell,0.0,0.0
2032,Class 4-6 Vocational,PHEV Diesel,4740.598119640075,0.025760635803996696
2032,Class 4-6 Vocational,PHEV Gasoline,3967.86087355341,0.021561544831456437
2032,Class 7&8 Tractor,Battery Electric,4.895268824372774,1.0
2032,Class 7&8 Tractor,H2 Fuel Cell,0.0,0.0
2032,Class 7&8 Tractor,PHEV Diesel,0.0,0.0
2032,Class 7&8 Tractor,PHEV Gasoline,0.0,0.0
2032,Class 7&8 Vocational,Battery Electric,123621.43364942426,0.9490877030456228
2032,Class 7&8 Vocational,H2 Fuel Cell,1.1097037312870771e-26,8.519608083297084e-32
2032,Class 7&8 Vocational,PHEV Diesel,3223.50438805607,0.02474804154183881
2032,Class 7&8 Vocational,PHEV Gasoline,3407.9703636326817,0.026164255412538338
2033,Class 4-6 Vocational,Battery Electric,264727.15321147547,0.96515444833196
2033,Class 4-6 Vocational,H2 Fuel Cell,0.0,0.0
2033,Class 4-6 Vocational,PHEV Diesel,5203.379271338933,0.018970719811576116
2033,Class 4-6 Vocational,PHEV Gasoline,4354.224396246195,0.015874831856464003
2033,Class 7&8 Tractor,Battery Electric,4.731040450909947,1.0
2033,Class 7&8 Tractor,H2 Fuel Cell,0.0,0.0
2033,Class 7&8 Tractor,PHEV Diesel,0.0,0.0
2033,Class 7&8 Tractor,PHEV Gasoline,0.0,0.0
2033,Class 7&8 Vocational,Battery Electric,171251.5964695934,0.9597376247795731
2033,Class 7&8 Vocational,H2 Fuel Cell,3.0005883826554503e-24,1.6816062604252814e-29
2033,Class 7&8 Vocational,PHEV Diesel,3492.2318242516226,0.019571357845893055
2033,Class 7&8 Vocational,PHEV Gasoline,3692.019221172897,0.020691017374533785
2034,Class 4-6 Vocational,Battery Electric,356169.2047857993,0.9715436432807256
2034,Class 4-6 Vocational,H2 Fuel Cell,0.0,0.0
2034,Class 4-6 Vocational,PHEV Diesel,5679.11844370132,0.015491264683409629
2034,Class 4-6 Vocational,PHEV Gasoline,4753.020157483931,0.012965092035864803
2034,Class 7&8 Tractor,Battery Electric,4.560112537844814,1.0
2034,Class 7&8 Tractor,H2 Fuel Cell,0.0,0.0
2034,Class 7&8 Tractor,PHEV Diesel,0.0,0.0
2034,Class 7&8 Tractor,PHEV Gasoline,0.0,0.0
2034,Class 7&8 Vocational,Battery Electric,218702.87030506664,0.9658314322546013
2034,Class 7&8 Vocational,H2 Fuel Cell,5.2776480819393245e-22,2.330704850286146e-27
2034,Class 7&8 Vocational,PHEV Diesel,3760.6893816759807,0.016607884508796213
2034,Class 7&8 Vocational,PHEV Gasoline,3976.44112637516,0.01756068323660244
2035,Class 4-6 Vocational,Battery Electric,448159.09658763406,0.9753517876178285
2035,Class 4-6 Vocational,H2 Fuel Cell,0.0,0.0
2035,Class 4-6 Vocational,PHEV Diesel,6165.950542962292,0.013419276614561378
2035,Class 4-6 Vocational,PHEV Gasoline,5159.522721072394,0.011228935767610209
2035,Class 7&8 Tractor,Battery Electric,4.383592052508887,1.0
2035,Class 7&8 Tractor,H2 Fuel Cell,0.0,0.0
2035,Class 7&8 Tractor,PHEV Diesel,0.0,0.0
2035,Class 7&8 Tractor,PHEV Gasoline,0.0,0.0
2035,Class 7&8 Vocational,Battery Electric,265430.7027070696,0.9697310827201433
2035,Class 7&8 Vocational,H2 Fuel Cell,1.8498005577938357e-19,6.758107029183419e-25
2035,Class 7&8 Vocational,PHEV Diesel,4026.375482985428,0.01471005960023518
2035,Class 7&8 Vocational,PHEV Gasoline,4258.704913981883,0.015558857679621594
2036,Class 4-6 Vocational,Battery Electric,540319.4358239846,0.977851946523708
2036,Class 4-6 Vocational,H2 Fuel Cell,0.0,0.0
2036,Class 4-6 Vocational,PHEV Diesel,6663.04024836489,0.012058546194425456
2036,Class 4-6 Vocational,PHEV Gasoline,5575.033011552128,0.010089507281866661
2036,Class 7&8 Tractor,Battery Electric,4.202592122598844,1.0
2036,Class 7&8 Tractor,H2 Fuel Cell,0.0,0.0
2036,Class 7&8 Tractor,PHEV Diesel,0.0,0.0
2036,Class 7&8 Tractor,PHEV Gasoline,0.0,0.0
2036,Class 7&8 Vocational,Battery Electric,311215.4387237076,0.97241881562708
2036,Class 7&8 Vocational,H2 Fuel Cell,7.076104561548097e-17,2.2109883896546573e-22
2036,Class 7&8 Vocational,PHEV Diesel,4289.830109543182,0.013403935008721638
2036,Class 7&8 Vocational,PHEV Gasoline,4537.3236406672095,0.014177249364198237
2037,Class 4-6 Vocational,Battery Electric,633167.3796061078,0.9796078050263229
2037,Class 4-6 Vocational,H2 Fuel Cell,9.857008665466623e-06,1.5250316004766674e-11
2037,Class 4-6 Vocational,PHEV Diesel,7175.576429146423,0.011101725865801283
2037,Class 4-6 Vocational,PHEV Gasoline,6004.874543165961,0.009290469092625545
2037,Class 7&8 Tractor,Battery Electric,4.018220383468427,0.9999999999999885
2037,Class 7&8 Tractor,H2 Fuel Cell,4.654414512989701e-14,1.1583273361855961e-14
2037,Class 7&8 Tractor,PHEV Diesel,0.0,0.0
2037,Class 7&8 Tractor,PHEV Gasoline,0.0,0.0
2037,Class 7&8 Vocational,Battery Electric,356337.6514518898,0.9743718370723029
2037,Class 7&8 Vocational,H2 Fuel Cell,3.183351443965563e-14,8.704575511078915e-20
2037,Class 7&8 Vocational,PHEV Diesel,4554.629438626581,0.012454206383232417
2037,Class 7&8 Vocational,PHEV Gasoline,4817.8493638413875,0.013173956544464571
2038,Class 4-6 Vocational,Battery Electric,726183.9783286818,0.9808868012473513
2038,Class 4-6 Vocational,H2 Fuel Cell,0.000678113601296293,9.159561503803716e-10
2038,Class 4-6 Vocational,PHEV Diesel,7703.768658377888,0.010405799662858562
2038,Class 4-6 Vocational,PHEV Gasoline,6446.384066668821,0.008707398173834
2038,Class 7&8 Tractor,Battery Electric,3.8315822262056822,0.9999999999996207
2038,Class 7&8 Tractor,H2 Fuel Cell,1.4529517915693556e-12,3.7920412659592736e-13
2038,Class 7&8 Tractor,PHEV Diesel,0.0,0.0
2038,Class 7&8 Tractor,PHEV Gasoline,0.0,0.0
2038,Class 7&8 Vocational,Battery Electric,400506.62485420506,0.975841309551064
2038,Class 7&8 Vocational,H2 Fuel Cell,1.2969043432636104e-11,3.159929834253119e-17
2038,Class 7&8 Vocational,PHEV Diesel,4818.385162637978,0.011740078678453085
2038,Class 7&8 Vocational,PHEV Gasoline,5096.869989915684,0.012418611770482972
2039,Class 4-6 Vocational,Battery Electric,819821.083894148,0.98184857681094
2039,Class 4-6 Vocational,H2 Fuel Cell,0.24413934835030815,2.923904696164785e-07
2039,Class 4-6 Vocational,PHEV Diesel,8250.853598344476,0.009881532717516602
2039,Class 4-6 Vocational,PHEV Gasoline,6904.925079399931,0.008269598081073921
2039,Class 7&8 Tractor,Battery Electric,3.6474678460319883,0.99999999998988
2039,Class 7&8 Tractor,H2 Fuel Cell,3.6912133720318243e-11,1.0119933959143933e-11
2039,Class 7&8 Tractor,PHEV Diesel,0.0,0.0
2039,Class 7&8 Tractor,PHEV Gasoline,0.0,0.0
2039,Class 7&8 Vocational,Battery Electric,443933.36611685937,0.9769786484906021
2039,Class 7&8 Vocational,H2 Fuel Cell,3.5640637175587967e-09,7.843551351799927e-15
2039,Class 7&8 Vocational,PHEV Diesel,5083.751094029517,0.0111879769627412
2039,Class 7&8 Vocational,PHEV Gasoline,5377.01596972607,0.011833374546648786
2040,Class 4-6 Vocational,Battery Electric,914229.0656230458,0.9825682942902029
2040,Class 4-6 Vocational,H2 Fuel Cell,15.318341129280611,1.6463397282709732e-05
2040,Class 4-6 Vocational,PHEV Diesel,8821.098335696995,0.009480481283501055
2040,Class 4-6 Vocational,PHEV Gasoline,7382.885447914247,0.007934761029013382
2040,Class 7&8 Tractor,Battery Electric,4.780215472037356,0.9999999997429881
2040,Class 7&8 Tractor,H2 Fuel Cell,1.2285716565382537e-09,2.5701177350879366e-10
2040,Class 7&8 Tractor,PHEV Diesel,0.0,0.0
2040,Class 7&8 Tractor,PHEV Gasoline,0.0,0.0
2040,Class 7&8 Vocational,Battery Electric,488403.3323560746,0.9779533779696851
2040,Class 7&8 Vocational,H2 Fuel Cell,2.5312374441681643e-06,5.0684179344682966e-12
2040,Class 7&8 Vocational,PHEV Diesel,5350.421549476142,0.010713405255919135
2040,Class 7&8 Vocational,PHEV Gasoline,5659.963921741035,0.011333216769327284
2041,Class 4-6 Vocational,Battery Electric,1008006.5434617596,0.9830437866937339
2041,Class 4-6 Vocational,H2 Fuel Cell,108.33602192275495,0.0001056531367946627
2041,Class 4-6 Vocational,PHEV Diesel,9405.787739658255,0.00917285830772181
2041,Class 4-6 Vocational,PHEV Gasoline,7872.664290388602,0.007677701861749618
2041,Class 7&8 Tractor,Battery Electric,13.85162918483179,0.9999999994683078
2041,Class 7&8 Tractor,H2 Fuel Cell,7.364803381050994e-09,5.316922131585795e-10
2041,Class 7&8 Tractor,PHEV Diesel,0.0,0.0
2041,Class 7&8 Tractor,PHEV Gasoline,0.0,0.0
2041,Class 7&8 Vocational,Battery Electric,532505.9725913961,0.978756996440944
2041,Class 7&8 Vocational,H2 Fuel Cell,6.795736283594022e-06,1.2490703909229164e-11
2041,Class 7&8 Vocational,PHEV Diesel,5616.121518134752,0.010322547561273567
2041,Class 7&8 Vocational,PHEV Gasoline,5941.421677428692,0.010920455985291575
2042,Class 4-6 Vocational,Battery Electric,1101147.529425192,0.9831320325969691
2042,Class 4-6 Vocational,H2 Fuel Cell,507.9003567179718,0.00045346613120725185
2042,Class 4-6 Vocational,PHEV Diesel,10008.224301857814,0.00893559276812627
2042,Class 4-6 Vocational,PHEV Gasoline,8376.679172877242,0.007478908503697445
2042,Class 7&8 Tractor,Battery Electric,66.44026229668714,0.9999999994635246
2042,Class 7&8 Tractor,H2 Fuel Cell,3.564356003624842e-08,5.364753055603725e-10
2042,Class 7&8 Tractor,PHEV Diesel,0.0,0.0
2042,Class 7&8 Tractor,PHEV Gasoline,0.0,0.0
2042,Class 7&8 Vocational,Battery Electric,575529.6073176695,0.9794058844217043
2042,Class 7&8 Vocational,H2 Fuel Cell,1.3062607632569657e-05,2.222925566046341e-11
2042,Class 7&8 Vocational,PHEV Diesel,5880.611911848218,0.010007314718885512
2042,Class 7&8 Vocational,PHEV Gasoline,6221.136124958805,0.010586800837180891
2043,Class 4-6 Vocational,Battery Electric,1194007.8247396222,0.9812874057303123
2043,Class 4-6 Vocational,H2 Fuel Cell,3237.9798047068734,0.0026611122109361767
2043,Class 4-6 Vocational,PHEV Diesel,10632.719865019495,0.008738430248124571
2043,Class 4-6 Vocational,PHEV Gasoline,8898.352341652988,0.007313051810627008
2043,Class 7&8 Tractor,Battery Electric,490.3374934312673,0.9999999996365848
2043,Class 7&8 Tractor,H2 Fuel Cell,1.7819610961169846e-07,3.6341522305374716e-10
2043,Class 7&8 Tractor,PHEV Diesel,0.0,0.0
2043,Class 7&8 Tractor,PHEV Gasoline,0.0,0.0
2043,Class 7&8 Vocational,Battery Electric,619319.4816966535,0.9799916359945995
2043,Class 7&8 Vocational,H2 Fuel Cell,2.9497345232754994e-05,4.667566977378562e-11
2043,Class 7&8 Vocational,PHEV Diesel,6144.68152860185,0.009723150460863117
2043,Class 7&8 Vocational,PHEV Gasoline,6499.885160928267,0.010285213497861668
2044,Class 4-6 Vocational,Battery Electric,1286618.2813541463,0.9726120078494515
2044,Class 4-6 Vocational,H2 Fuel Cell,15518.473888206096,0.01173110491736662
2044,Class 4-6 Vocational,PHEV Diesel,11275.584467063445,0.008523716013613849
2044,Class 4-6 Vocational,PHEV Gasoline,9436.104449726312,0.007133171219568009
2044,Class 7&8 Tractor,Battery Electric,3048.1855739060347,0.9999999997953253
2044,Class 7&8 Tractor,H2 Fuel Cell,6.238863976481704e-07,2.046746769164091e-10
2044,Class 7&8 Tractor,PHEV Diesel,0.0,0.0
2044,Class 7&8 Tractor,PHEV Gasoline,0.0,0.0
2044,Class 7&8 Vocational,Battery Electric,662334.514684621,0.9804822428845466
2044,Class 7&8 Vocational,H2 Fuel Cell,8.132465291097616e-05,1.203883782591779e-10
2044,Class 7&8 Vocational,PHEV Diesel,6407.146424773908,0.009484774170410435
2044,Class 7&8 Vocational,PHEV Gasoline,6777.471859619612,0.01003298282465459
2045,Class 4-6 Vocational,Battery Electric,1378801.4890170144,0.9567089981396976
2045,Class 4-6 Vocational,H2 Fuel Cell,40465.12917839754,0.028077539445840002
2045,Class 4-6 Vocational,PHEV Diesel,11936.148533283516,0.008282135460315983
2045,Class 4-6 Vocational,PHEV Gasoline,9989.373930656075,0.006931326954146373
2045,Class 7&8 Tractor,Battery Electric,10033.170874855648,0.9999999998750267
2045,Class 7&8 Tractor,H2 Fuel Cell,1.2538787948872032e-06,1.249733319974521e-10
2045,Class 7&8 Tractor,PHEV Diesel,0.0,0.0
2045,Class 7&8 Tractor,PHEV Gasoline,0.0,0.0
2045,Class 7&8 Vocational,Battery Electric,703751.1553497772,0.9808764758721497
2045,Class 7&8 Vocational,H2 Fuel Cell,0.00019541987934958976,2.723729277240283e-10
2045,Class 7&8 Vocational,PHEV Diesel,6667.854163805178,0.009293542531481876
2045,Class 7&8 Vocational,PHEV Gasoline,7052.733839577049,0.009829981323995537
2046,Class 4-6 Vocational,Battery Electric,1470477.8189694188,0.9343724751404542
2046,Class 4-6 Vocational,H2 Fuel Cell,80102.59476241597,0.05089887026367172
2046,Class 4-6 Vocational,PHEV Diesel,12618.753840978492,0.008018221089418822
2046,Class 4-6 Vocational,PHEV Gasoline,10560.61034485043,0.006710433506455356
2046,Class 7&8 Tractor,Battery Electric,20928.325729719694,0.9999999999117059
2046,Class 7&8 Tractor,H2 Fuel Cell,1.8478504128597603e-06,8.829423034411818e-11
2046,Class 7&8 Tractor,PHEV Diesel,0.0,0.0
2046,Class 7&8 Tractor,PHEV Gasoline,0.0,0.0
2046,Class 7&8 Vocational,Battery Electric,743596.0789208049,0.9811925336375331
2046,Class 7&8 Vocational,H2 Fuel Cell,0.000658526536775795,8.689412698683802e-10
2046,Class 7&8 Vocational,PHEV Diesel,6926.682623775218,0.009139920806452933
2046,Class 7&8 Vocational,PHEV Gasoline,7326.542014591524,0.009667544687072666
2047,Class 4-6 Vocational,Battery Electric,1560544.3358241739,0.9106310837759256
2047,Class 4-6 Vocational,H2 Fuel Cell,128693.0976229982,0.07509683145337809
2047,Class 4-6 Vocational,PHEV Diesel,13314.741660184567,0.007769607918128665
2047,Class 4-6 Vocational,PHEV Gasoline,11143.264931201362,0.006502476852567595
2047,Class 7&8 Tractor,Battery Electric,34553.63004686739,0.9999999999453112
2047,Class 7&8 Tractor,H2 Fuel Cell,1.8896963794148263e-06,5.4688794686646816e-11
2047,Class 7&8 Tractor,PHEV Diesel,0.0,0.0
2047,Class 7&8 Tractor,PHEV Gasoline,0.0,0.0
2047,Class 7&8 Vocational,Battery Electric,781416.1153901074,0.9814412525619345
2047,Class 7&8 Vocational,H2 Fuel Cell,0.0021449149900013985,2.6939654979791475e-09
2047,Class 7&8 Vocational,PHEV Diesel,7180.535965690024,0.00901859338889449
2047,Class 7&8 Vocational,PHEV Gasoline,7595.796480694516,0.009540151355205511
2048,Class 4-6 Vocational,Battery Electric,1648336.421560643,0.8880032429088803
2048,Class 4-6 Vocational,H2 Fuel Cell,182132.25325388103,0.09811955218135521
2048,Class 4-6 Vocational,PHEV Diesel,14023.461408813064,0.00755481650769032
2048,Class 4-6 Vocational,PHEV Gasoline,11735.79393725332,0.006322388402074095
2048,Class 7&8 Tractor,Battery Electric,50856.55786047694,0.9999999999613423
2048,Class 7&8 Tractor,H2 Fuel Cell,1.966001301262615e-06,3.86577736263682e-11
2048,Class 7&8 Tractor,PHEV Diesel,0.0,0.0
2048,Class 7&8 Tractor,PHEV Gasoline,0.0,0.0
2048,Class 7&8 Vocational,Battery Electric,817419.9518863296,0.9816397056731102
2048,Class 7&8 Vocational,H2 Fuel Cell,0.007050519818882905,8.466969987555539e-09
2048,Class 7&8 Vocational,PHEV Diesel,7429.345554441623,0.008921901852990322
2048,Class 7&8 Vocational,PHEV Gasoline,7859.424752525481,0.009438384006929569
2049,Class 4-6 Vocational,Battery Electric,1735817.9327684059,0.866457457899892
2049,Class 4-6 Vocational,H2 Fuel Cell,240412.58025154035,0.1200052546983889
2049,Class 4-6 Vocational,PHEV Diesel,14764.271448791438,0.007369789691515179
2049,Class 4-6 Vocational,PHEV Gasoline,12355.659274522526,0.006167497710203901
2049,Class 7&8 Tractor,Battery Electric,69124.71338125541,0.9999999999685332
2049,Class 7&8 Tractor,H2 Fuel Cell,2.1751289457151287e-06,3.1466733665133943e-11
2049,Class 7&8 Tractor,PHEV Diesel,0.0,0.0
2049,Class 7&8 Tractor,PHEV Gasoline,0.0,0.0
2049,Class 7&8 Vocational,Battery Electric,853351.3915722984,0.9818162916205538
2049,Class 7&8 Vocational,H2 Fuel Cell,0.026329716296820994,3.0293434415494104e-08
2049,Class 7&8 Vocational,PHEV Diesel,7680.068121882092,0.00883623801084604
2049,Class 7&8 Vocational,PHEV Gasoline,8124.38239603389,0.009347440075165681
2050,Class 4-6 Vocational,Battery Electric,1824167.6888524692,0.8466623962934717
2050,Class 4-6 Vocational,H2 Fuel Cell,301816.0962529151,0.14008379868529777
2050,Class 4-6 Vocational,PHEV Diesel,15545.526862265284,0.007215242932589039
2050,Class 4-6 Vocational,PHEV Gasoline,13010.321348216801,0.006038562088641524
2050,Class 7&8 Tractor,Battery Electric,89802.31326589624,0.9999999999657533
2050,Class 7&8 Tractor,H2 Fuel Cell,3.0754307547161615e-06,3.4246676313390453e-11
2050,Class 7&8 Tractor,PHEV Diesel,0.0,0.0
2050,Class 7&8 Tractor,PHEV Gasoline,0.0,0.0
2050,Class 7&8 Vocational,Battery Electric,889049.9574831066,0.9819607724101478
2050,Class 7&8 Vocational,H2 Fuel Cell,0.06624549350289687,7.31685271691069e-08
2050,Class 7&8 Vocational,PHEV Diesel,7936.683784521705,0.008766112718218219
2050,Class 7&8 Vocational,PHEV Gasoline,8395.648343112052,0.009273041703106926
