Year,vehicle type,fuel type,Stock,VMT_millions,vehicle category,Fraction
2018,Class 4-6 Vocational,Diesel,2059238.0,37818.89186650094,Diesel Class 4-6 Vocational,0.5887427891632384
2018,Class 4-6 Vocational,Electric,101.0,2.2748445531186356,Electric Class 4-6 Vocational,2.887622591729906e-05
2018,Class 4-6 Vocational,Gasoline,1438348.0,18945.786779504564,Gasoline Class 4-6 Vocational,0.41122833461084424
2018,Class 7&8 Tractor,Diesel,2818447.0,140459.83288787008,Diesel Class 7&8 Tractor,0.9999978711725901
2018,Class 7&8 Tractor,Electric,6.0,0.12861426195261982,Electric Class 7&8 Tractor,2.1288274099301994e-06
2018,Class 7&8 Vocational,Diesel,1957950.0,33450.77402712136,Diesel Class 7&8 Vocational,0.999998978524499
2018,Class 7&8 Vocational,Electric,2.0,0.02143571032543664,Electric Class 7&8 Vocational,1.0214755009315856e-06
2019,Class 4-6 Vocational,Diesel,2106688.246616429,38416.17292370153,Diesel Class 4-6 Vocational,0.5927601803284915
2019,Class 4-6 Vocational,Electric,100.95612903225806,2.0882771176773245,Electric Class 4-6 Vocational,2.8406088725534856e-05
2019,Class 4-6 Vocational,Gasoline,1447242.1180645162,18999.632336666888,Gasoline Class 4-6 Vocational,0.40721141358278296
2019,Class 7&8 Tractor,Diesel,2901534.538297316,143264.01609463242,Diesel Class 7&8 Tractor,0.9999979321329753
2019,Class 7&8 Tractor,Electric,6.0,0.12471969426341911,Electric Class 7&8 Tractor,2.06786702470851e-06
2019,Class 7&8 Vocational,Diesel,1978331.7763517916,33527.25792665719,Diesel Class 7&8 Vocational,0.9999989890482466
2019,Class 7&8 Vocational,Electric,2.0,0.020786615710569854,Electric Class 7&8 Vocational,1.0109517533932837e-06
2020,Class 4-6 Vocational,Diesel,2135934.9953784337,35420.827061629105,Diesel Class 4-6 Vocational,0.5998022401119174
2020,Class 4-6 Vocational,Electric,100.86603288241415,1.7832203338037866,Electric Class 4-6 Vocational,2.8324678702759546e-05
2020,Class 4-6 Vocational,Gasoline,1425029.5240395425,16913.902064250113,Gasoline Class 4-6 Vocational,0.4001694352093798
2020,Class 7&8 Tractor,Diesel,2999421.5752854184,134707.0824920312,Diesel Class 7&8 Tractor,0.9999979996183107
2020,Class 7&8 Tractor,Electric,6.0,0.11140496445935318,Electric Class 7&8 Tractor,2.0003816893058516e-06
2020,Class 7&8 Vocational,Diesel,2008590.6760322535,30833.0045432942,Diesel Class 7&8 Vocational,0.9999990042779585
2020,Class 7&8 Vocational,Electric,2.0,0.018567494076558864,Electric Class 7&8 Vocational,9.957220415394387e-07
2021,Class 4-6 Vocational,Diesel,2189311.182346111,37370.461356435255,Diesel Class 4-6 Vocational,0.6077368967493777
2021,Class 4-6 Vocational,Electric,681.6373859681112,13.987576254343878,Electric Class 4-6 Vocational,0.00018921759181474246
2021,Class 4-6 Vocational,Gasoline,1412406.8273128048,17008.444027746536,Gasoline Class 4-6 Vocational,0.39207388565880763
2021,Class 7&8 Tractor,Diesel,3074634.3042627745,141856.92305530026,Diesel Class 7&8 Tractor,0.9999980535882033
2021,Class 7&8 Tractor,Electric,5.984516129032258,0.11315053187925488,Electric Class 7&8 Tractor,1.9464117968118524e-06
2021,Class 7&8 Vocational,Diesel,2029663.0124777432,31950.419872492766,Diesel Class 7&8 Vocational,0.9997497773158621
2021,Class 7&8 Vocational,Electric,507.9948387096774,4.957599199319475,Electric Class 7&8 Vocational,0.0002502226841379051
2022,Class 4-6 Vocational,Diesel,2246623.237961594,38588.74978090351,Diesel Class 4-6 Vocational,0.6150720127003213
2022,Class 4-6 Vocational,Electric,1299.1503070547174,26.05339491913177,Electric Class 4-6 Vocational,0.0003556764572974855
2022,Class 4-6 Vocational,Gasoline,1404695.8280900365,16809.310515475263,Gasoline Class 4-6 Vocational,0.3845723108423813
2022,Class 7&8 Tractor,Diesel,3150093.0690881913,145582.47879715226,Diesel Class 7&8 Tractor,0.9999981100186817
2022,Class 7&8 Tractor,Electric,5.953628303850156,0.11190822156028055,Electric Class 7&8 Tractor,1.8899813183383775e-06
2022,Class 7&8 Vocational,Diesel,2053203.6374678495,32361.864360504806,Diesel Class 7&8 Vocational,0.9994961712180472
2022,Class 7&8 Vocational,Electric,1034.9845427679502,9.923878097411572,Electric Class 7&8 Vocational,0.000503828781952772
2023,Class 4-6 Vocational,Diesel,2307234.559409638,39526.82727711851,Diesel Class 4-6 Vocational,0.621803238878606
2023,Class 4-6 Vocational,Electric,1955.407888274557,37.803634053690274,Electric Class 4-6 Vocational,0.0005269854134678908
2023,Class 4-6 Vocational,Gasoline,1401364.1359110556,16536.54969665023,Gasoline Class 4-6 Vocational,0.377669775707926
2023,Class 7&8 Tractor,Diesel,3224738.417175665,147794.52501131842,Diesel Class 7&8 Tractor,0.9999981680607506
2023,Class 7&8 Tractor,Electric,5.9075356976268,0.10895827714642403,Electric Class 7&8 Tractor,1.831939249371519e-06
2023,Class 7&8 Vocational,Diesel,2078879.256132618,32525.529676848793,Diesel Class 7&8 Vocational,0.9992400868041929
2023,Class 7&8 Vocational,Electric,1580.9691785658756,14.869054492251692,Electric Class 7&8 Vocational,0.0007599131958071454
2024,Class 4-6 Vocational,Diesel,2368656.8799771583,40380.56207046766,Diesel Class 4-6 Vocational,0.6278744305681347
2024,Class 4-6 Vocational,Electric,2637.4151857962224,49.10310168429735,Electric Class 4-6 Vocational,0.0006991158457570788
2024,Class 4-6 Vocational,Gasoline,1401206.645564747,16313.744396911155,Gasoline Class 4-6 Vocational,0.3714264535861082
2024,Class 7&8 Tractor,Diesel,3295332.7532892227,149334.39849359135,Diesel Class 7&8 Tractor,0.9999982258106392
2024,Class 7&8 Tractor,Electric,5.846554683973879,0.10485919566782467,Electric Class 7&8 Tractor,1.7741893607688199e-06
2024,Class 7&8 Vocational,Diesel,2103748.770721944,32645.432822880597,Diesel Class 7&8 Vocational,0.9989852493743137
2024,Class 7&8 Vocational,Electric,2136.948851561325,19.788675642877337,Electric Class 7&8 Vocational,0.0010147506256864265
2025,Class 4-6 Vocational,Diesel,2431091.073183064,41328.273350426796,Diesel Class 4-6 Vocational,0.6333481564043566
2025,Class 4-6 Vocational,Electric,3343.6798084983466,60.22264150197959,Electric Class 4-6 Vocational,0.0008710958901042511
2025,Class 4-6 Vocational,Gasoline,1404040.2604747298,16153.41799004572,Gasoline Class 4-6 Vocational,0.36578074770553914
2025,Class 7&8 Tractor,Diesel,3362825.24383456,150925.40325774648,Diesel Class 7&8 Tractor,0.9999982838521344
2025,Class 7&8 Tractor,Electric,5.771115268696796,0.09990995635403269,Electric Class 7&8 Tractor,1.7161478656051047e-06
2025,Class 7&8 Vocational,Diesel,2128209.640963888,32844.57183097632,Diesel Class 7&8 Vocational,0.9987335832561471
2025,Class 7&8 Vocational,Electric,2698.6178986379527,24.765800831178144,Electric Class 7&8 Vocational,0.0012664167438529096
2026,Class 4-6 Vocational,Diesel,2495403.740752832,42238.15073069611,Diesel Class 4-6 Vocational,0.6384485529921614
2026,Class 4-6 Vocational,Electric,4077.623446641889,71.0934718725719,Electric Class 4-6 Vocational,0.0010432591514710262
2026,Class 4-6 Vocational,Gasoline,1409061.8207726583,16035.304285004126,Gasoline Class 4-6 Vocational,0.36050818785636746
2026,Class 7&8 Tractor,Diesel,3427674.5514592314,152009.1742662458,Diesel Class 7&8 Tractor,0.999998342390282
2026,Class 7&8 Tractor,Electric,5.681756064536331,0.09363495848130046,Electric Class 7&8 Tractor,1.6576097179306089e-06
2026,Class 7&8 Vocational,Diesel,2153004.981016032,32981.12124416723,Diesel Class 7&8 Vocational,0.9984836702929546
2026,Class 7&8 Vocational,Electric,3269.623238979542,29.75966343609324,Electric Class 7&8 Vocational,0.0015163297070454485
2027,Class 4-6 Vocational,Diesel,2556977.858285478,43082.92487178646,Diesel Class 4-6 Vocational,0.6430049084357001
2027,Class 4-6 Vocational,Electric,4823.588647386051,81.59555370861607,Electric Class 4-6 Vocational,0.0012129910184766521
2027,Class 4-6 Vocational,Gasoline,1414805.6127334202,15951.633839679707,Gasoline Class 4-6 Vocational,0.35578210054582315
2027,Class 7&8 Tractor,Diesel,3483277.3350974233,152444.17523092625,Diesel Class 7&8 Tractor,0.9999983983161782
2027,Class 7&8 Tractor,Electric,5.5791178904672885,0.08625451580817761,Electric Class 7&8 Tractor,1.601683821804669e-06
2027,Class 7&8 Vocational,Diesel,2175627.3991291095,33041.23410906335,Diesel Class 7&8 Vocational,0.9982396681444635
2027,Class 7&8 Vocational,Electric,3836.5798702267903,34.64741014615151,Electric Class 7&8 Vocational,0.0017603318555364656
2028,Class 4-6 Vocational,Diesel,2615322.7549317577,44041.73506319844,Diesel Class 4-6 Vocational,0.6472498574626155
2028,Class 4-6 Vocational,Electric,5577.884841555827,92.152250093466,Electric Class 4-6 Vocational,0.0013804358035091149
2028,Class 4-6 Vocational,Gasoline,1419768.8555966655,15979.839181258158,Gasoline Class 4-6 Vocational,0.3513697067338753
2028,Class 7&8 Tractor,Diesel,3528095.3387969434,152917.76050980538,Diesel Class 7&8 Tractor,0.9999984513095268
2028,Class 7&8 Tractor,Electric,5.463936101760868,0.07834274246020387,Electric Class 7&8 Tractor,1.5486904732223713e-06
2028,Class 7&8 Vocational,Diesel,2194907.1785106715,33161.19100397946,Diesel Class 7&8 Vocational,0.9979943794582739
2028,Class 7&8 Vocational,Electric,4410.997712024242,39.68235222321094,Electric Class 7&8 Vocational,0.0020056205417262915
2029,Class 4-6 Vocational,Diesel,2670267.441428164,45047.066261219,Diesel Class 4-6 Vocational,0.6510967786697442
2029,Class 4-6 Vocational,Electric,6354.478436278802,102.98108201645738,Electric Class 4-6 Vocational,0.001549425490420034
2029,Class 4-6 Vocational,Gasoline,1424561.696623089,16075.573633120684,Gasoline Class 4-6 Vocational,0.34735379583983567
2029,Class 7&8 Tractor,Diesel,3563655.225420184,153338.96151714193,Diesel Class 7&8 Tractor,0.9999985023737009
2029,Class 7&8 Tractor,Electric,5.33703177939739,0.06993179095023977,Electric Class 7&8 Tractor,1.4976262991010752e-06
2029,Class 7&8 Vocational,Diesel,2209989.059093689,33286.38936736108,Diesel Class 7&8 Vocational,0.9973294490853307
2029,Class 7&8 Vocational,Electric,5917.691800422154,53.36582317623626,Electric Class 7&8 Vocational,0.002670550914669304
2030,Class 4-6 Vocational,Diesel,2698701.2188555873,45406.39226504557,Diesel Class 4-6 Vocational,0.6482882570229948
2030,Class 4-6 Vocational,Electric,33391.34022334617,642.7991052185712,Electric Class 4-6 Vocational,0.008021345083259952
2030,Class 4-6 Vocational,Gasoline,1430718.0265212073,16271.148908688625,Gasoline Class 4-6 Vocational,0.34369039789374534
2030,Class 7&8 Tractor,Diesel,3593543.7799310344,153890.96459979232,Diesel Class 7&8 Tractor,0.9999985531567938
2030,Class 7&8 Tractor,Electric,5.199301927025845,0.06140305491333292,Electric Class 7&8 Tractor,1.446843206276718e-06
2030,Class 7&8 Vocational,Diesel,2193828.0304106395,32753.529552441254,Diesel Class 7&8 Vocational,0.9831952738372348
2030,Class 7&8 Vocational,Electric,37496.80280232157,347.6811840736138,Electric Class 7&8 Vocational,0.01680472616276521
2031,Class 4-6 Vocational,Diesel,2684798.5466825063,44809.033422772496,Diesel Class 4-6 Vocational,0.6361410307454463
2031,Class 4-6 Vocational,Electric,100046.94765714409,1983.4758697335815,Electric Class 4-6 Vocational,0.023705304997350192
2031,Class 4-6 Vocational,Gasoline,1435599.9995414643,16605.983377986242,Gasoline Class 4-6 Vocational,0.34015366425720356
2031,Class 7&8 Tractor,Diesel,3618882.142594779,154565.99938916785,Diesel Class 7&8 Tractor,0.9999986040712051
2031,Class 7&8 Tractor,Electric,5.051708840065112,0.053182741555504655,Electric Class 7&8 Tractor,1.395928794911556e-06
2031,Class 7&8 Vocational,Diesel,2163070.2045777137,31885.00383993805,Diesel Class 7&8 Vocational,0.9635563526378507
2031,Class 7&8 Vocational,Electric,81811.68391386287,759.3400462191985,Electric Class 7&8 Vocational,0.03644364736214934
2032,Class 4-6 Vocational,Diesel,2652064.1442194376,43825.7818299875,Diesel Class 4-6 Vocational,0.6199502795961562
2032,Class 4-6 Vocational,Electric,184024.88803884972,3669.737607221405,Electric Class 4-6 Vocational,0.04301791909558598
2032,Class 4-6 Vocational,Gasoline,1441776.8410292077,17027.951694256473,Gasoline Class 4-6 Vocational,0.3370318013082578
2032,Class 7&8 Tractor,Diesel,3637291.8231732054,155270.25625959193,Diesel Class 7&8 Tractor,0.9999986541464161
2032,Class 7&8 Tractor,Electric,4.895268824372774,0.04572408404343242,Electric Class 7&8 Tractor,1.3458535839412007e-06
2032,Class 7&8 Vocational,Diesel,2125380.966702052,30865.760426180073,Diesel Class 7&8 Vocational,0.9422544102397133
2032,Class 7&8 Vocational,Electric,130252.90840111302,1213.611638691918,Electric Class 7&8 Vocational,0.05774558976028665
2033,Class 4-6 Vocational,Diesel,2607771.929278848,42684.91260888491,Diesel Class 4-6 Vocational,0.6025224280763333
2033,Class 4-6 Vocational,Electric,274284.7568790606,5469.824512696932,Electric Class 4-6 Vocational,0.06337314848879443
2033,Class 4-6 Vocational,Gasoline,1446034.3653314987,17464.739045846665,Gasoline Class 4-6 Vocational,0.33410442343487234
2033,Class 7&8 Tractor,Diesel,3647902.5156178656,155886.31447819923,Diesel Class 7&8 Tractor,0.9999987030809363
2033,Class 7&8 Tractor,Electric,4.731040450909947,0.039510713857428686,Electric Class 7&8 Tractor,1.2969190637299893e-06
2033,Class 7&8 Vocational,Diesel,2085249.4053610053,29837.211569765976,Diesel Class 7&8 Vocational,0.921174621211887
2033,Class 7&8 Vocational,Electric,178435.84751501793,1673.4457915022135,Electric Class 7&8 Vocational,0.078825378788113
2034,Class 4-6 Vocational,Diesel,2558067.3745346,41523.6878977136,Diesel Class 4-6 Vocational,0.58467873055477
2034,Class 4-6 Vocational,Electric,366601.3433869846,7288.2456343443355,Electric Class 4-6 Vocational,0.08379138493573572
2034,Class 4-6 Vocational,Gasoline,1450498.7729624915,17915.467020645658,Gasoline Class 4-6 Vocational,0.3315298845094943
2034,Class 7&8 Tractor,Diesel,3650721.6582026426,156420.87079809097,Diesel Class 7&8 Tractor,0.9999987509026246
2034,Class 7&8 Tractor,Electric,4.560112537844814,0.035123782348801647,Electric Class 7&8 Tractor,1.2490973754666594e-06
2034,Class 7&8 Vocational,Diesel,2042184.6279382005,28847.27955858179,Diesel Class 7&8 Vocational,0.9001862194638371
2034,Class 7&8 Vocational,Electric,226440.00081311777,2141.581348004151,Electric Class 7&8 Vocational,0.09981378053616274
2035,Class 4-6 Vocational,Diesel,2507243.932958669,40419.302849684056,Diesel Class 4-6 Vocational,0.5667062805374471
2035,Class 4-6 Vocational,Electric,459484.5698516688,9093.128071561092,Electric Class 4-6 Vocational,0.10385618571931768
2035,Class 4-6 Vocational,Gasoline,1457510.3296601172,18373.790323043326,Gasoline Class 4-6 Vocational,0.3294375337432352
2035,Class 7&8 Tractor,Diesel,3651649.4490199145,156902.85926315252,Diesel Class 7&8 Tractor,0.9999987995598013
2035,Class 7&8 Tractor,Electric,4.383592052508887,0.033198270927967025,Electric Class 7&8 Tractor,1.200440198728634e-06
2035,Class 7&8 Vocational,Diesel,1998520.6425145187,27921.83281465105,Diesel Class 7&8 Vocational,0.8795390391519118
2035,Class 7&8 Vocational,Electric,273715.7831040369,2613.836380077743,Electric Class 7&8 Vocational,0.12046096084808829
2036,Class 4-6 Vocational,Diesel,2456928.5365060675,39392.203323224494,Diesel Class 4-6 Vocational,0.5489957824774091
2036,Class 4-6 Vocational,Electric,552557.5090839015,10873.91675339785,Electric Class 4-6 Vocational,0.12346787363000515
2036,Class 4-6 Vocational,Gasoline,1465828.0003921026,18826.71841769402,Gasoline Class 4-6 Vocational,0.3275363438925856
2036,Class 7&8 Tractor,Diesel,3653608.323155299,157311.52232278566,Diesel Class 7&8 Tractor,0.9999988497433451
2036,Class 7&8 Tractor,Electric,4.202592122598844,0.02840769675867521,Electric Class 7&8 Tractor,1.150256655018205e-06
2036,Class 7&8 Vocational,Diesel,1954956.2155546285,27050.85088882388,Diesel Class 7&8 Vocational,0.8593218636667074
2036,Class 7&8 Vocational,Electric,320042.592473918,3086.1147431523477,Electric Class 7&8 Vocational,0.14067813633329257
2037,Class 4-6 Vocational,Diesel,2406983.998150084,38459.80352399516,Diesel Class 4-6 Vocational,0.5314284093408579
2037,Class 4-6 Vocational,Electric,646347.8305882772,12641.098811470605,Electric Class 4-6 Vocational,0.1427045629528214
2037,Class 4-6 Vocational,Gasoline,1475940.5169676547,19338.498266478542,Gasoline Class 4-6 Vocational,0.32586702770632076
2037,Class 7&8 Tractor,Diesel,3654880.589025191,157846.18023547108,Diesel Class 7&8 Tractor,0.9999989005889883
2037,Class 7&8 Tractor,Electric,4.018220383468473,0.022549110667622812,Electric Class 7&8 Tractor,1.099411011637032e-06
2037,Class 7&8 Vocational,Diesel,1911098.4116748984,26239.929979627184,Diesel Class 7&8 Vocational,0.8393759846207917
2037,Class 7&8 Vocational,Electric,365710.1302543577,3559.3544680054206,Electric Class 7&8 Vocational,0.1606240153792083
2038,Class 4-6 Vocational,Diesel,2355802.602264358,37563.42792929516,Diesel Class 4-6 Vocational,0.5140244158283752
2038,Class 4-6 Vocational,Electric,740334.1317318422,14367.225216147528,Electric Class 4-6 Vocational,0.1615372269372185
2038,Class 4-6 Vocational,Gasoline,1486919.1087265003,19813.30927194024,Gasoline Class 4-6 Vocational,0.3244383572344062
2038,Class 7&8 Tractor,Diesel,3654829.4582750974,158349.46438349006,Diesel Class 7&8 Tractor,0.999998951639672
2038,Class 7&8 Tractor,Electric,3.8315822262071353,0.01939967452885293,Electric Class 7&8 Tractor,1.0483603279088856e-06
2038,Class 7&8 Vocational,Diesel,1866088.019624119,25455.803636676002,Diesel Class 7&8 Vocational,0.8197144321343359
2038,Class 7&8 Vocational,Electric,410421.8800067587,4024.003064132108,Electric Class 7&8 Vocational,0.18028556786566408
2039,Class 4-6 Vocational,Diesel,2302444.8300568196,36740.21303891501,Diesel Class 4-6 Vocational,0.4964757932251036
2039,Class 4-6 Vocational,Electric,834977.1067112407,16064.508327642687,Electric Class 4-6 Vocational,0.1800459737265605
2039,Class 4-6 Vocational,Gasoline,1500155.2854770618,20350.286729943167,Gasoline Class 4-6 Vocational,0.32347823304833584
2039,Class 7&8 Tractor,Diesel,3650010.5333588254,158858.05992388862,Diesel Class 7&8 Tractor,0.9999990006976233
2039,Class 7&8 Tractor,Electric,3.6474678460689005,0.021113510151935116,Electric Class 7&8 Tractor,9.993023767493434e-07
2039,Class 7&8 Vocational,Diesel,1818633.4478084263,24699.445073141567,Diesel Class 7&8 Vocational,0.8000929962394465
2039,Class 7&8 Vocational,Electric,454394.1331806185,4474.713491203141,Electric Class 7&8 Vocational,0.19990700376055334
2040,Class 4-6 Vocational,Diesel,2247217.346508097,35976.045173518316,Diesel Class 4-6 Vocational,0.4790293914862762
2040,Class 4-6 Vocational,Electric,930448.3677477862,17727.105223528757,Electric Class 4-6 Vocational,0.1983395669778909
2040,Class 4-6 Vocational,Gasoline,1513523.1489904714,20878.65708897048,Gasoline Class 4-6 Vocational,0.32263104153583294
2040,Class 7&8 Tractor,Diesel,3642037.0803915006,159412.293211063,Diesel Class 7&8 Tractor,0.9999986874902441
2040,Class 7&8 Tractor,Electric,4.780215473265927,0.04779780611566549,Electric Class 7&8 Tractor,1.3125097558514244e-06
2040,Class 7&8 Vocational,Diesel,1767731.74791639,23919.06140368615,Diesel Class 7&8 Vocational,0.779716950069878
2040,Class 7&8 Vocational,Electric,499413.71782982297,4924.106060728887,Electric Class 7&8 Vocational,0.22028304993012213
2041,Class 4-6 Vocational,Diesel,2190151.941159701,35312.95085600167,Diesel Class 4-6 Vocational,0.46167026445926324
2041,Class 4-6 Vocational,Electric,1025393.3315137292,19352.249188492737,Electric Class 4-6 Vocational,0.21614646985817934
2041,Class 4-6 Vocational,Gasoline,1528429.1821789797,21434.08753239835,Gasoline Class 4-6 Vocational,0.3221832656825575
2041,Class 7&8 Tractor,Diesel,3626066.6536969794,160041.26906230574,Diesel Class 7&8 Tractor,0.9999961799995417
2041,Class 7&8 Tractor,Electric,13.851629192196594,0.24189465401423632,Electric Class 7&8 Tractor,3.820000458304943e-06
2041,Class 7&8 Vocational,Diesel,1713160.5298254066,23184.206479059692,Diesel Class 7&8 Vocational,0.7589678716874925
2041,Class 7&8 Vocational,Electric,544063.5157937553,5355.850062936355,Electric Class 7&8 Vocational,0.2410321283125076
2042,Class 4-6 Vocational,Diesel,2134378.741854751,34736.68236845166,Diesel Class 4-6 Vocational,0.4446903829463287
2042,Class 4-6 Vocational,Electric,1120040.333256645,20932.829573510804,Electric Class 4-6 Vocational,0.2333565055461585
2042,Class 4-6 Vocational,Gasoline,1545277.1263518976,22003.05793121713,Gasoline Class 4-6 Vocational,0.3219531115075129
2042,Class 7&8 Tractor,Diesel,3614904.558651273,160745.0977118426,Diesel Class 7&8 Tractor,0.9999816208034995
2042,Class 7&8 Tractor,Electric,66.44026233233069,1.3655648727693641,Electric Class 7&8 Tractor,1.8379196500413903e-05
2042,Class 7&8 Vocational,Diesel,1660699.7616384286,22497.206634063168,Diesel Class 7&8 Vocational,0.7386366487912736
2042,Class 7&8 Vocational,Electric,587631.3553675392,5761.060145154943,Electric Class 7&8 Vocational,0.26136335120872656
2043,Class 4-6 Vocational,Diesel,2083201.3975486606,34189.424776875174,Diesel Class 4-6 Vocational,0.4281494761780811
2043,Class 4-6 Vocational,Electric,1216776.8767510017,22518.876322226886,Electric Class 4-6 Vocational,0.25007778077509374
2043,Class 4-6 Vocational,Gasoline,1565615.4341046207,22591.379639785173,Gasoline Class 4-6 Vocational,0.3217727430468252
2043,Class 7&8 Tractor,Diesel,3605243.834606171,161380.50792755338,Diesel Class 7&8 Tractor,0.9998640117462336
2043,Class 7&8 Tractor,Electric,490.3374936094635,10.511679917085171,Electric Class 7&8 Tractor,0.0001359882537663385
2043,Class 7&8 Vocational,Diesel,1608181.8008608771,21793.979349178215,Diesel Class 7&8 Vocational,0.7178915611143043
2043,Class 7&8 Vocational,Electric,631964.048415681,6152.235481336906,Electric Class 7&8 Vocational,0.2821084388856958
2044,Class 4-6 Vocational,Diesel,2027942.5724077013,33388.287525000516,Diesel Class 4-6 Vocational,0.41058338315320475
2044,Class 4-6 Vocational,Electric,1322848.4441591422,24340.584800041954,Electric Class 4-6 Vocational,0.26782789463163365
2044,Class 4-6 Vocational,Gasoline,1588382.4999877615,23226.379417681663,Gasoline Class 4-6 Vocational,0.32158872221516155
2044,Class 7&8 Tractor,Diesel,3595243.3306752522,161880.86684672648,Diesel Class 7&8 Tractor,0.9991528797595292
2044,Class 7&8 Tractor,Electric,3048.1855745299213,66.3239809048925,Electric Class 7&8 Tractor,0.0008471202404709018
2044,Class 7&8 Vocational,Diesel,1556856.453325103,21103.892429418152,Diesel Class 7&8 Vocational,0.6973989783918332
2044,Class 7&8 Vocational,Electric,675519.1330503392,6518.091202528398,Electric Class 7&8 Vocational,0.30260102160816676
2045,Class 4-6 Vocational,Diesel,1962411.7817188215,32195.61482930957,Diesel Class 4-6 Vocational,0.3913173376743178
2045,Class 4-6 Vocational,Electric,1441192.1406593516,26496.24373932389,Electric Class 4-6 Vocational,0.28738284024467514
2045,Class 4-6 Vocational,Gasoline,1611281.9331319665,23901.25362830981,Gasoline Class 4-6 Vocational,0.321299822081007
2045,Class 7&8 Tractor,Diesel,3580665.998313102,162130.17793084017,Diesel Class 7&8 Tractor,0.9972057890668755
2045,Class 7&8 Tractor,Electric,10033.170876109527,220.4464617686616,Electric Class 7&8 Tractor,0.0027942109331244927
2045,Class 7&8 Vocational,Diesel,1505989.3339433796,20450.261738102952,Diesel Class 7&8 Vocational,0.6773176059560799
2045,Class 7&8 Vocational,Electric,717471.7435485794,6857.39530062278,Electric Class 7&8 Vocational,0.3226823940439201
2046,Class 4-6 Vocational,Diesel,1882920.8962165662,30571.377528050958,Diesel Class 4-6 Vocational,0.3698680729205806
2046,Class 4-6 Vocational,Electric,1573759.7779176636,29089.530011403687,Electric Class 4-6 Vocational,0.3091385822250592
2046,Class 4-6 Vocational,Gasoline,1634109.891670767,24650.878460489923,Gasoline Class 4-6 Vocational,0.32099334485436026
2046,Class 7&8 Tractor,Diesel,3557956.5916618872,162312.52003177523,Diesel Class 7&8 Tractor,0.9941522775348669
2046,Class 7&8 Tractor,Electric,20928.325731567547,464.32558872140936,Electric Class 7&8 Tractor,0.005847722465133051
2046,Class 7&8 Vocational,Diesel,1454417.7322017648,19840.996659465698,Diesel Class 7&8 Vocational,0.6574331707060684
2046,Class 7&8 Vocational,Electric,757849.3042176982,7181.266089229282,Electric Class 7&8 Vocational,0.3425668292939316
2047,Class 4-6 Vocational,Diesel,1797215.9363461388,28674.79440873956,Diesel Class 4-6 Vocational,0.3478016983492297
2047,Class 4-6 Vocational,Electric,1713695.4400385579,31858.783786353608,Electric Class 4-6 Vocational,0.33163860415710666
2047,Class 4-6 Vocational,Gasoline,1656446.7615319956,25375.931737606872,Gasoline Class 4-6 Vocational,0.3205596974936636
2047,Class 7&8 Tractor,Diesel,3528431.212584918,162015.5642032576,Diesel Class 7&8 Tractor,0.9903020552781202
2047,Class 7&8 Tractor,Electric,34553.630048757084,774.1671840946802,Electric Class 7&8 Tractor,0.00969794472187983
2047,Class 7&8 Vocational,Diesel,1401612.693930195,19220.7134787011,Diesel Class 7&8 Vocational,0.637732920870154
2047,Class 7&8 Vocational,Electric,796192.4499814069,7475.59296934615,Electric Class 7&8 Vocational,0.362267079129846
2048,Class 4-6 Vocational,Diesel,1709282.2318715635,26686.37402229896,Diesel Class 4-6 Vocational,0.32598551009412546
2048,Class 4-6 Vocational,Electric,1856227.9301605904,34665.296807477884,Electric Class 4-6 Vocational,0.35401023738590565
2048,Class 4-6 Vocational,Gasoline,1677919.9259432997,26049.558647512134,Gasoline Class 4-6 Vocational,0.3200042525199689
2048,Class 7&8 Tractor,Diesel,3492820.457081753,161286.9520988266,Diesel Class 7&8 Tractor,0.9856486475353218
2048,Class 7&8 Tractor,Electric,50856.55786244295,1152.345411109772,Electric Class 7&8 Tractor,0.014351352464678222
2048,Class 7&8 Vocational,Diesel,1347356.8873905719,18579.652037729866,Diesel Class 7&8 Vocational,0.618035015602254
2048,Class 7&8 Vocational,Electric,832708.7292438165,7756.1378603109015,Electric Class 7&8 Vocational,0.3819649843977459
2049,Class 4-6 Vocational,Diesel,1618819.1758255223,24729.67451695385,Diesel Class 4-6 Vocational,0.30417216658016877
2049,Class 4-6 Vocational,Electric,2003350.4437432603,37655.031622191804,Electric Class 4-6 Vocational,0.37642465198868374
2049,Class 4-6 Vocational,Gasoline,1699879.383224706,26796.55811136104,Gasoline Class 4-6 Vocational,0.31940318143114743
2049,Class 7&8 Tractor,Diesel,3452427.0588294687,160892.7992384839,Diesel Class 7&8 Tractor,0.9803709506902993
2049,Class 7&8 Tractor,Electric,69124.71338343053,1589.4406923593833,Electric Class 7&8 Tractor,0.019629049309700598
2049,Class 7&8 Vocational,Diesel,1290510.4780680584,17949.725139804716,Diesel Class 7&8 Vocational,0.5975508578751821
2049,Class 7&8 Vocational,Electric,869155.8684199307,8060.09102480811,Electric Class 7&8 Vocational,0.40244914212481775
2050,Class 4-6 Vocational,Diesel,1527619.3130641407,22846.68227644254,Diesel Class 4-6 Vocational,0.2827066815674458
2050,Class 4-6 Vocational,Electric,2154539.6333158663,40778.927045099954,Electric Class 4-6 Vocational,0.3987267932731977
2050,Class 4-6 Vocational,Gasoline,1721389.7231964297,27596.249713114914,Gasoline Class 4-6 Vocational,0.3185665251593566
2050,Class 7&8 Tractor,Diesel,3407444.6335290237,160790.4696850763,Diesel Class 7&8 Tractor,0.9743219982360145
2050,Class 7&8 Tractor,Electric,89802.31326897167,2099.43895026437,Electric Class 7&8 Tractor,0.025678001763985457
2050,Class 7&8 Vocational,Diesel,1231938.9882564126,17337.161860632867,Diesel Class 7&8 Vocational,0.5763939014832035
2050,Class 7&8 Vocational,Electric,905382.3558562339,8371.291860745394,Electric Class 7&8 Vocational,0.42360609851679665
