Year,vehicle type,Powertrain,Stock,EV_fraction
2018,Class 4-6 Vocational,Battery Electric,101.0,1.0
2018,Class 4-6 Vocational,H2 Fuel Cell,0.0,0.0
2018,Class 4-6 Vocational,PHEV Diesel,0.0,0.0
2018,Class 4-6 Vocational,PHEV Gasoline,0.0,0.0
2018,Class 7&8 Tractor,Battery Electric,6.0,1.0
2018,Class 7&8 Tractor,H2 Fuel Cell,0.0,0.0
2018,Class 7&8 Tractor,PHEV Diesel,0.0,0.0
2018,Class 7&8 Tractor,PHEV Gasoline,0.0,0.0
2018,Class 7&8 Vocational,Battery Electric,2.0,1.0
2018,Class 7&8 Vocational,H2 Fuel Cell,0.0,0.0
2018,Class 7&8 Vocational,PHEV Diesel,0.0,0.0
2018,Class 7&8 Vocational,PHEV Gasoline,0.0,0.0
2019,Class 4-6 Vocational,Battery Electric,100.95612903225806,1.0
2019,Class 4-6 Vocational,H2 Fuel Cell,0.0,0.0
2019,Class 4-6 Vocational,PHEV Diesel,0.0,0.0
2019,Class 4-6 Vocational,PHEV Gasoline,0.0,0.0
2019,Class 7&8 Tractor,Battery Electric,6.0,1.0
2019,Class 7&8 Tractor,H2 Fuel Cell,0.0,0.0
2019,Class 7&8 Tractor,PHEV Diesel,0.0,0.0
2019,Class 7&8 Tractor,PHEV Gasoline,0.0,0.0
2019,Class 7&8 Vocational,Battery Electric,2.0,1.0
2019,Class 7&8 Vocational,H2 Fuel Cell,0.0,0.0
2019,Class 7&8 Vocational,PHEV Diesel,0.0,0.0
2019,Class 7&8 Vocational,PHEV Gasoline,0.0,0.0
2020,Class 4-6 Vocational,Battery Electric,100.86603288241415,1.0
2020,Class 4-6 Vocational,H2 Fuel Cell,0.0,0.0
2020,Class 4-6 Vocational,PHEV Diesel,0.0,0.0
2020,Class 4-6 Vocational,PHEV Gasoline,0.0,0.0
2020,Class 7&8 Tractor,Battery Electric,6.0,1.0
2020,Class 7&8 Tractor,H2 Fuel Cell,0.0,0.0
2020,Class 7&8 Tractor,PHEV Diesel,0.0,0.0
2020,Class 7&8 Tractor,PHEV Gasoline,0.0,0.0
2020,Class 7&8 Vocational,Battery Electric,2.0,1.0
2020,Class 7&8 Vocational,H2 Fuel Cell,0.0,0.0
2020,Class 7&8 Vocational,PHEV Diesel,0.0,0.0
2020,Class 7&8 Vocational,PHEV Gasoline,0.0,0.0
2021,Class 4-6 Vocational,Battery Electric,100.63738596811118,0.14764064888427242
2021,Class 4-6 Vocational,H2 Fuel Cell,0.0,0.0
2021,Class 4-6 Vocational,PHEV Diesel,316.0,0.46358959544332173
2021,Class 4-6 Vocational,PHEV Gasoline,265.0,0.38876975567240585
2021,Class 7&8 Tractor,Battery Electric,5.984516129032258,1.0
2021,Class 7&8 Tractor,H2 Fuel Cell,0.0,0.0
2021,Class 7&8 Tractor,PHEV Diesel,0.0,0.0
2021,Class 7&8 Tractor,PHEV Gasoline,0.0,0.0
2021,Class 7&8 Vocational,Battery Electric,1.9948387096774194,0.003926887750955052
2021,Class 7&8 Vocational,H2 Fuel Cell,0.0,0.0
2021,Class 7&8 Vocational,PHEV Diesel,246.00000000000003,0.484256888563765
2021,Class 7&8 Vocational,PHEV Gasoline,260.0,0.51181622368528
2022,Class 4-6 Vocational,Battery Electric,100.15030705471742,0.07708908392729903
2022,Class 4-6 Vocational,H2 Fuel Cell,0.0,0.0
2022,Class 4-6 Vocational,PHEV Diesel,653.0,0.5026362203465169
2022,Class 4-6 Vocational,PHEV Gasoline,546.0,0.4202746957261841
2022,Class 7&8 Tractor,Battery Electric,5.953628303850156,1.0
2022,Class 7&8 Tractor,H2 Fuel Cell,0.0,0.0
2022,Class 7&8 Tractor,PHEV Diesel,0.0,0.0
2022,Class 7&8 Tractor,PHEV Gasoline,0.0,0.0
2022,Class 7&8 Vocational,Battery Electric,1.984542767950052,0.0019174612624094024
2022,Class 7&8 Vocational,H2 Fuel Cell,0.0,0.0
2022,Class 7&8 Vocational,PHEV Diesel,502.0,0.4850313983022947
2022,Class 7&8 Vocational,PHEV Gasoline,531.0,0.5130511404352958
2023,Class 4-6 Vocational,Battery Electric,99.40788827455694,0.050837418050038656
2023,Class 4-6 Vocational,H2 Fuel Cell,0.0,0.0
2023,Class 4-6 Vocational,PHEV Diesel,1011.0,0.5170276779910619
2023,Class 4-6 Vocational,PHEV Gasoline,845.0,0.4321349039588994
2023,Class 7&8 Tractor,Battery Electric,5.9075356976268,1.0
2023,Class 7&8 Tractor,H2 Fuel Cell,0.0,0.0
2023,Class 7&8 Tractor,PHEV Diesel,0.0,0.0
2023,Class 7&8 Tractor,PHEV Gasoline,0.0,0.0
2023,Class 7&8 Vocational,Battery Electric,1.9691785658756,0.0012455515215431814
2023,Class 7&8 Vocational,H2 Fuel Cell,0.0,0.0
2023,Class 7&8 Vocational,PHEV Diesel,767.0,0.48514544774096036
2023,Class 7&8 Vocational,PHEV Gasoline,812.0,0.5136090007374965
2024,Class 4-6 Vocational,Battery Electric,98.41518579622229,0.03731501446045979
2024,Class 4-6 Vocational,H2 Fuel Cell,0.0,0.0
2024,Class 4-6 Vocational,PHEV Diesel,1383.0,0.5243770519894384
2024,Class 4-6 Vocational,PHEV Gasoline,1156.0,0.4383079335501018
2024,Class 7&8 Tractor,Battery Electric,5.846554683973879,1.0
2024,Class 7&8 Tractor,H2 Fuel Cell,0.0,0.0
2024,Class 7&8 Tractor,PHEV Diesel,0.0,0.0
2024,Class 7&8 Tractor,PHEV Gasoline,0.0,0.0
2024,Class 7&8 Vocational,Battery Electric,1.9488515613246262,0.0009119785716446753
2024,Class 7&8 Vocational,H2 Fuel Cell,0.0,0.0
2024,Class 7&8 Vocational,PHEV Diesel,1037.0,0.48527132469377254
2024,Class 7&8 Vocational,PHEV Gasoline,1098.0,0.5138166967345827
2025,Class 4-6 Vocational,Battery Electric,97.17916333705621,0.02906353745058489
2025,Class 4-6 Vocational,H2 Fuel Cell,0.0,0.0
2025,Class 4-6 Vocational,PHEV Diesel,1768.1845161290323,0.5288139467286874
2025,Class 4-6 Vocational,PHEV Gasoline,1478.316129032258,0.4421225158207277
2025,Class 7&8 Tractor,Battery Electric,5.771115268696796,1.0
2025,Class 7&8 Tractor,H2 Fuel Cell,0.0,0.0
2025,Class 7&8 Tractor,PHEV Diesel,0.0,0.0
2025,Class 7&8 Tractor,PHEV Gasoline,0.0,0.0
2025,Class 7&8 Vocational,Battery Electric,1.923705089565599,0.000712848265972197
2025,Class 7&8 Vocational,H2 Fuel Cell,0.0,0.0
2025,Class 7&8 Vocational,PHEV Diesel,1310.3651612903227,0.48556898772208196
2025,Class 7&8 Vocational,PHEV Gasoline,1386.3290322580644,0.5137181640119458
2026,Class 4-6 Vocational,Battery Electric,385.80206593953403,0.08833037366112158
2026,Class 4-6 Vocational,H2 Fuel Cell,0.0,0.0
2026,Class 4-6 Vocational,PHEV Diesel,2168.6880799167534,0.4965267046638628
2026,Class 4-6 Vocational,PHEV Gasoline,1813.2267554630594,0.41514292167501554
2026,Class 7&8 Tractor,Battery Electric,5.681756064536331,1.0
2026,Class 7&8 Tractor,H2 Fuel Cell,0.0,0.0
2026,Class 7&8 Tractor,PHEV Diesel,0.0,0.0
2026,Class 7&8 Tractor,PHEV Gasoline,0.0,0.0
2026,Class 7&8 Vocational,Battery Electric,401.34145891058387,0.10938504135313488
2026,Class 7&8 Vocational,H2 Fuel Cell,0.0,0.0
2026,Class 7&8 Vocational,PHEV Diesel,1588.4381152965661,0.4329265394117211
2026,Class 7&8 Vocational,PHEV Gasoline,1679.2912049947972,0.457688419235144
2027,Class 4-6 Vocational,Battery Electric,2116.3481873894916,0.3091399438217708
2027,Class 4-6 Vocational,H2 Fuel Cell,0.0,0.0
2027,Class 4-6 Vocational,PHEV Diesel,2575.601798840187,0.37622419606805985
2027,Class 4-6 Vocational,PHEV Gasoline,2153.9728059722734,0.31463586011016936
2027,Class 7&8 Tractor,Battery Electric,5.891073507854402,0.9997889878807921
2027,Class 7&8 Tractor,H2 Fuel Cell,0.0012433502672767978,0.0002110121192079182
2027,Class 7&8 Tractor,PHEV Diesel,0.0,0.0
2027,Class 7&8 Tractor,PHEV Gasoline,0.0,0.0
2027,Class 7&8 Vocational,Battery Electric,2287.9803243471447,0.3734938254126253
2027,Class 7&8 Vocational,H2 Fuel Cell,3.1847835743066804,0.0005198895233587766
2027,Class 7&8 Vocational,PHEV Diesel,1864.5465669325636,0.3043717738885414
2027,Class 7&8 Vocational,PHEV Gasoline,1970.1735973307375,0.32161451117547446
2028,Class 4-6 Vocational,Battery Electric,10384.317331672744,0.6537339427427554
2028,Class 4-6 Vocational,H2 Fuel Cell,14.52856086273665,0.0009146305021136114
2028,Class 4-6 Vocational,PHEV Diesel,2986.998290502389,0.18804338379184032
2028,Class 4-6 Vocational,PHEV Gasoline,2498.7789835444064,0.15730804296329062
2028,Class 7&8 Tractor,Battery Electric,13.113754668425475,0.9996003201930274
2028,Class 7&8 Tractor,H2 Fuel Cell,0.005243398615109265,0.0003996798069726436
2028,Class 7&8 Tractor,PHEV Diesel,0.0,0.0
2028,Class 7&8 Tractor,PHEV Gasoline,0.0,0.0
2028,Class 7&8 Vocational,Battery Electric,9402.070637139695,0.6743814218682571
2028,Class 7&8 Vocational,H2 Fuel Cell,146.41597123163902,0.010501964372972778
2028,Class 7&8 Vocational,PHEV Diesel,2136.0187410348394,0.15321001206118856
2028,Class 7&8 Vocational,PHEV Gasoline,2257.2645930291983,0.16190660169758156
2029,Class 4-6 Vocational,Battery Electric,39540.60932125374,0.8215059481973915
2029,Class 4-6 Vocational,H2 Fuel Cell,2328.45242176988,0.048376531050329456
2029,Class 4-6 Vocational,PHEV Diesel,3409.9386813327483,0.07084576990060405
2029,Class 4-6 Vocational,PHEV Gasoline,2852.8596163610905,0.05927175085167487
2029,Class 7&8 Tractor,Battery Electric,114.87780554725265,0.8908898842188697
2029,Class 7&8 Tractor,H2 Fuel Cell,14.069449980266628,0.10911011578113035
2029,Class 7&8 Tractor,PHEV Diesel,0.0,0.0
2029,Class 7&8 Tractor,PHEV Gasoline,0.0,0.0
2029,Class 7&8 Vocational,Battery Electric,30088.977796887033,0.821259581963844
2029,Class 7&8 Vocational,H2 Fuel Cell,1594.5639384414944,0.04352261224489211
2029,Class 7&8 Vocational,PHEV Diesel,2408.1910627437014,0.0657300490175699
2029,Class 7&8 Vocational,PHEV Gasoline,2545.864446073781,0.06948775677369404
2030,Class 4-6 Vocational,Battery Electric,105782.07621284411,0.8497775565778184
2030,Class 4-6 Vocational,H2 Fuel Cell,11638.11073926163,0.09349225938137704
2030,Class 4-6 Vocational,PHEV Diesel,3844.47185726838,0.030883737757503357
2030,Class 4-6 Vocational,PHEV Gasoline,3217.4193462839207,0.025846446283301225
2030,Class 7&8 Tractor,Battery Electric,962.009728297311,0.41272903189862814
2030,Class 7&8 Tractor,H2 Fuel Cell,1368.8409120656704,0.5872709681013717
2030,Class 7&8 Tractor,PHEV Diesel,0.0,0.0
2030,Class 7&8 Tractor,PHEV Gasoline,0.0,0.0
2030,Class 7&8 Vocational,Battery Electric,72777.7503233281,0.8805629550342676
2030,Class 7&8 Vocational,H2 Fuel Cell,4355.675497917061,0.052700811313575215
2030,Class 7&8 Vocational,PHEV Diesel,2681.407966943101,0.032443274387213436
2030,Class 7&8 Vocational,PHEV Gasoline,2834.2827880319023,0.03429295926494371
2031,Class 4-6 Vocational,Battery Electric,185838.36768794621,0.8538207410888038
2031,Class 4-6 Vocational,H2 Fuel Cell,23938.312579697897,0.10998282024050948
2031,Class 4-6 Vocational,PHEV Diesel,4288.662047777499,0.0197039430203213
2031,Class 4-6 Vocational,PHEV Gasoline,3589.674416735308,0.016492495650365407
2031,Class 7&8 Tractor,Battery Electric,1692.2626817402925,0.35183881731128896
2031,Class 7&8 Tractor,H2 Fuel Cell,3117.5041730722764,0.6481611826887109
2031,Class 7&8 Tractor,PHEV Diesel,0.0,0.0
2031,Class 7&8 Tractor,PHEV Gasoline,0.0,0.0
2031,Class 7&8 Vocational,Battery Electric,129190.79260419647,0.9050642643292272
2031,Class 7&8 Vocational,H2 Fuel Cell,7474.426907262092,0.052363148748760024
2031,Class 7&8 Vocational,PHEV Diesel,2954.042181135112,0.020694957895782042
2031,Class 7&8 Vocational,PHEV Gasoline,3122.8591665742715,0.021877629026230756
2032,Class 4-6 Vocational,Battery Electric,276602.21916147775,0.8481910653468107
2032,Class 4-6 Vocational,H2 Fuel Cell,40797.70763500915,0.12510474864427784
2032,Class 4-6 Vocational,PHEV Diesel,4740.598119640075,0.014536878921897659
2032,Class 4-6 Vocational,PHEV Gasoline,3967.86087355341,0.012167307087013803
2032,Class 7&8 Tractor,Battery Electric,2609.4637539367673,0.3336850553805027
2032,Class 7&8 Tractor,H2 Fuel Cell,5210.675961224234,0.6663149446194974
2032,Class 7&8 Tractor,PHEV Diesel,0.0,0.0
2032,Class 7&8 Tractor,PHEV Gasoline,0.0,0.0
2032,Class 7&8 Vocational,Battery Electric,185000.48860481905,0.9096303750059543
2032,Class 7&8 Vocational,H2 Fuel Cell,11747.885962626973,0.05776327400160821
2032,Class 7&8 Vocational,PHEV Diesel,3223.50438805607,0.015849674384397286
2032,Class 7&8 Vocational,PHEV Gasoline,3407.9703636326817,0.016756676608040175
2033,Class 4-6 Vocational,Battery Electric,367733.69171647145,0.8322187876880456
2033,Class 4-6 Vocational,H2 Fuel Cell,64580.11770679423,0.14615138203909167
2033,Class 4-6 Vocational,PHEV Diesel,5203.379271338933,0.011775777108869213
2033,Class 4-6 Vocational,PHEV Gasoline,4354.224396246195,0.00985405316399354
2033,Class 7&8 Tractor,Battery Electric,2710.534781105453,0.3382184778614372
2033,Class 7&8 Tractor,H2 Fuel Cell,5303.6186685943485,0.6617815221385628
2033,Class 7&8 Tractor,PHEV Diesel,0.0,0.0
2033,Class 7&8 Tractor,PHEV Gasoline,0.0,0.0
2033,Class 7&8 Vocational,Battery Electric,241369.9164745597,0.907549811390012
2033,Class 7&8 Vocational,H2 Fuel Cell,17403.59418664348,0.06543743666274728
2033,Class 7&8 Vocational,PHEV Diesel,3492.2318242516226,0.013130776112125011
2033,Class 7&8 Vocational,PHEV Gasoline,3692.019221172897,0.01388197583511582
2034,Class 4-6 Vocational,Battery Electric,460213.9017428511,0.8034972099985573
2034,Class 4-6 Vocational,H2 Fuel Cell,102117.49388612903,0.17828909800164242
2034,Class 4-6 Vocational,PHEV Diesel,5679.11844370132,0.009915293317921252
2034,Class 4-6 Vocational,PHEV Gasoline,4753.020157483931,0.008298398681878946
2034,Class 7&8 Tractor,Battery Electric,3063.952204240545,0.32951452343920856
2034,Class 7&8 Tractor,H2 Fuel Cell,6234.430678132794,0.6704854765607915
2034,Class 7&8 Tractor,PHEV Diesel,0.0,0.0
2034,Class 7&8 Tractor,PHEV Gasoline,0.0,0.0
2034,Class 7&8 Vocational,Battery Electric,302057.1066627306,0.8997692625999656
2034,Class 7&8 Vocational,H2 Fuel Cell,25910.83658324822,0.07718333325588342
2034,Class 7&8 Vocational,PHEV Diesel,3760.6893816759807,0.011202360868788732
2034,Class 7&8 Vocational,PHEV Gasoline,3976.44112637516,0.011845043275362246
2035,Class 4-6 Vocational,Battery Electric,554140.9182943265,0.774199489340681
2035,Class 4-6 Vocational,H2 Fuel Cell,150293.46868933886,0.20997750368025309
2035,Class 4-6 Vocational,PHEV Diesel,6165.950542962292,0.008614552010262866
2035,Class 4-6 Vocational,PHEV Gasoline,5159.522721072394,0.007208454968803168
2035,Class 7&8 Tractor,Battery Electric,4301.761418362795,0.30965949384545743
2035,Class 7&8 Tractor,H2 Fuel Cell,9590.147287364425,0.6903405061545426
2035,Class 7&8 Tractor,PHEV Diesel,0.0,0.0
2035,Class 7&8 Tractor,PHEV Gasoline,0.0,0.0
2035,Class 7&8 Vocational,Battery Electric,361800.3662669068,0.8891326431598596
2035,Class 7&8 Vocational,H2 Fuel Cell,36828.38003032554,0.09050658300191526
2035,Class 7&8 Vocational,PHEV Diesel,4026.375482985428,0.009894909484143174
2035,Class 7&8 Vocational,PHEV Gasoline,4258.704913981883,0.010465864354081898
2036,Class 4-6 Vocational,Battery Electric,647870.9151358708,0.749398107651348
2036,Class 4-6 Vocational,H2 Fuel Cell,204412.69710236666,0.23644600306882993
2036,Class 4-6 Vocational,PHEV Diesel,6663.04024836489,0.007707198512349074
2036,Class 4-6 Vocational,PHEV Gasoline,5575.033011552128,0.00644869076747298
2036,Class 7&8 Tractor,Battery Electric,7853.1100274002565,0.2982206687307008
2036,Class 7&8 Tractor,H2 Fuel Cell,18480.108460858755,0.7017793312692991
2036,Class 7&8 Tractor,PHEV Diesel,0.0,0.0
2036,Class 7&8 Tractor,PHEV Gasoline,0.0,0.0
2036,Class 7&8 Vocational,Battery Electric,420248.99489756284,0.877714950640991
2036,Class 7&8 Vocational,H2 Fuel Cell,49722.799223237744,0.103849015216786
2036,Class 7&8 Vocational,PHEV Diesel,4289.830109543182,0.008959564611864743
2036,Class 7&8 Vocational,PHEV Gasoline,4537.3236406672095,0.00947646953035822
2037,Class 4-6 Vocational,Battery Electric,741585.9473757918,0.7306994323922696
2037,Class 4-6 Vocational,H2 Fuel Cell,260132.3609788058,0.25631360624711763
2037,Class 4-6 Vocational,PHEV Diesel,7175.576429146423,0.0070702386451879495
2037,Class 4-6 Vocational,PHEV Gasoline,6004.874543165961,0.0059167227154247855
2037,Class 7&8 Tractor,Battery Electric,14957.964878773073,0.2998657416478491
2037,Class 7&8 Tractor,H2 Fuel Cell,34924.24172667216,0.7001342583521509
2037,Class 7&8 Tractor,PHEV Diesel,0.0,0.0
2037,Class 7&8 Tractor,PHEV Gasoline,0.0,0.0
2037,Class 7&8 Vocational,Battery Electric,477789.8891283914,0.8671688091296755
2037,Class 7&8 Vocational,H2 Fuel Cell,63814.42470530566,0.1158205310245167
2037,Class 7&8 Vocational,PHEV Diesel,4554.629438626581,0.008266463305713512
2037,Class 7&8 Vocational,PHEV Gasoline,4817.8493638413875,0.00874419654009426
2038,Class 4-6 Vocational,Battery Electric,834878.6655825414,0.7162015802870151
2038,Class 4-6 Vocational,H2 Fuel Cell,316674.64921054686,0.27165969565550796
2038,Class 4-6 Vocational,PHEV Diesel,7703.768658377888,0.006608686405282602
2038,Class 4-6 Vocational,PHEV Gasoline,6446.384066668821,0.005530037652194369
2038,Class 7&8 Tractor,Battery Electric,26312.9530486015,0.31590226381780057
2038,Class 7&8 Tractor,H2 Fuel Cell,56981.64804288587,0.6840977361821995
2038,Class 7&8 Tractor,PHEV Diesel,0.0,0.0
2038,Class 7&8 Tractor,PHEV Gasoline,0.0,0.0
2038,Class 7&8 Vocational,Battery Electric,534057.2236524285,0.8580400443220904
2038,Class 7&8 Vocational,H2 Fuel Cell,78442.78862507096,0.12602966657447287
2038,Class 7&8 Vocational,PHEV Diesel,4818.385162637978,0.007741431508473509
2038,Class 7&8 Vocational,PHEV Gasoline,5096.869989915684,0.008188857594963267
2039,Class 4-6 Vocational,Battery Electric,928258.1083943904,0.7044898801029471
2039,Class 4-6 Vocational,H2 Fuel Cell,374217.68523482874,0.2840078312480271
2039,Class 4-6 Vocational,PHEV Diesel,8250.853598344476,0.006261882131359787
2039,Class 4-6 Vocational,PHEV Gasoline,6904.925079399931,0.005240406517666015
2039,Class 7&8 Tractor,Battery Electric,43728.496457910194,0.3247876649020324
2039,Class 7&8 Tractor,H2 Fuel Cell,90908.68710354148,0.6752123350979676
2039,Class 7&8 Tractor,PHEV Diesel,0.0,0.0
2039,Class 7&8 Tractor,PHEV Gasoline,0.0,0.0
2039,Class 7&8 Vocational,Battery Electric,589301.578139243,0.8498016785798747
2039,Class 7&8 Vocational,H2 Fuel Cell,93695.42617260045,0.13511338403020362
2039,Class 7&8 Vocational,PHEV Diesel,5083.751094029517,0.007331017552727078
2039,Class 7&8 Vocational,PHEV Gasoline,5377.01596972607,0.00775391983719468
2040,Class 4-6 Vocational,Battery Electric,1021894.5869953565,0.6947295693494097
2040,Class 4-6 Vocational,H2 Fuel Cell,432825.7026074745,0.294254238942566
2040,Class 4-6 Vocational,PHEV Diesel,8821.098335696995,0.005996976523739444
2040,Class 4-6 Vocational,PHEV Gasoline,7382.885447914247,0.005019215184284752
2040,Class 7&8 Tractor,Battery Electric,66092.14948298605,0.3253024402939312
2040,Class 7&8 Tractor,H2 Fuel Cell,137079.242109612,0.6746975597060688
2040,Class 7&8 Tractor,PHEV Diesel,0.0,0.0
2040,Class 7&8 Tractor,PHEV Gasoline,0.0,0.0
2040,Class 7&8 Vocational,Battery Electric,643563.2949903082,0.8425951705003933
2040,Class 7&8 Vocational,H2 Fuel Cell,109213.38777922213,0.14298931249356764
2040,Class 7&8 Vocational,PHEV Diesel,5350.421549476142,0.007005121940333345
2040,Class 7&8 Vocational,PHEV Gasoline,5659.963921741035,0.007410395065705669
2041,Class 4-6 Vocational,Battery Electric,1114901.2933760947,0.6868151867394595
2041,Class 4-6 Vocational,H2 Fuel Cell,491111.8108986958,0.3025407290460088
2041,Class 4-6 Vocational,PHEV Diesel,9405.787739658255,0.005794268874945066
2041,Class 4-6 Vocational,PHEV Gasoline,7872.664290388602,0.004849815339586598
2041,Class 7&8 Tractor,Battery Electric,89155.58693276701,0.3253554610055398
2041,Class 7&8 Tractor,H2 Fuel Cell,184869.58743259875,0.6746445389944602
2041,Class 7&8 Tractor,PHEV Diesel,0.0,0.0
2041,Class 7&8 Tractor,PHEV Gasoline,0.0,0.0
2041,Class 7&8 Vocational,Battery Electric,695990.6077409536,0.836476221641865
2041,Class 7&8 Vocational,H2 Fuel Cell,124502.5275332651,0.14963334656758737
2041,Class 7&8 Vocational,PHEV Diesel,5616.121518134752,0.006749734918146232
2041,Class 7&8 Vocational,PHEV Gasoline,5941.421677428692,0.007140696872401468
2042,Class 4-6 Vocational,Battery Electric,1207260.0663200477,0.6802602823845852
2042,Class 4-6 Vocational,H2 Fuel Cell,549058.1807230114,0.3093802930156607
2042,Class 4-6 Vocational,PHEV Diesel,10008.224301857814,0.005639379351379287
2042,Class 4-6 Vocational,PHEV Gasoline,8376.679172877242,0.004720045248374767
2042,Class 7&8 Tractor,Battery Electric,112479.90101854167,0.3208722528783673
2042,Class 7&8 Tractor,H2 Fuel Cell,238064.27975604002,0.6791277471216327
2042,Class 7&8 Tractor,PHEV Diesel,0.0,0.0
2042,Class 7&8 Tractor,PHEV Gasoline,0.0,0.0
2042,Class 7&8 Vocational,Battery Electric,746586.3446460608,0.8311616378587278
2042,Class 7&8 Vocational,H2 Fuel Cell,139556.37703236914,0.15536569579616955
2042,Class 7&8 Vocational,PHEV Diesel,5880.611911848218,0.006546783320260797
2042,Class 7&8 Vocational,PHEV Gasoline,6221.136124958805,0.006925883024841823
2043,Class 4-6 Vocational,Battery Electric,1299411.3111437606,0.67485447567561
2043,Class 4-6 Vocational,H2 Fuel Cell,606526.5258435005,0.3150019836453309
2043,Class 4-6 Vocational,PHEV Diesel,10632.719865019495,0.0055221457039629435
2043,Class 4-6 Vocational,PHEV Gasoline,8898.352341652988,0.0046213949750962945
2043,Class 7&8 Tractor,Battery Electric,136138.20420932403,0.3153075429413546
2043,Class 7&8 Tractor,H2 Fuel Cell,295625.0290433767,0.6846924570586455
2043,Class 7&8 Tractor,PHEV Diesel,0.0,0.0
2043,Class 7&8 Tractor,PHEV Gasoline,0.0,0.0
2043,Class 7&8 Vocational,Battery Electric,795450.3062407818,0.826482571118653
2043,Class 7&8 Vocational,H2 Fuel Cell,154357.7353129948,0.16037956985199772
2043,Class 7&8 Vocational,PHEV Diesel,6144.68152860185,0.00638439906128706
2043,Class 7&8 Vocational,PHEV Gasoline,6499.885160928267,0.006753459968062246
2044,Class 4-6 Vocational,Battery Electric,1390785.128769494,0.6704067303934872
2044,Class 4-6 Vocational,H2 Fuel Cell,663042.5115253862,0.319609516285885
2044,Class 4-6 Vocational,PHEV Diesel,11275.584467063445,0.005435223284654813
2044,Class 4-6 Vocational,PHEV Gasoline,9436.104449726312,0.00454853003597288
2044,Class 7&8 Tractor,Battery Electric,161000.63533668214,0.3127018119344324
2044,Class 7&8 Tractor,H2 Fuel Cell,353868.89592922846,0.6872981880655676
2044,Class 7&8 Tractor,PHEV Diesel,0.0,0.0
2044,Class 7&8 Tractor,PHEV Gasoline,0.0,0.0
2044,Class 7&8 Vocational,Battery Electric,842204.9685722332,0.822364711264634
2044,Class 7&8 Vocational,H2 Fuel Cell,168736.274863642,0.1647612673116255
2044,Class 7&8 Vocational,PHEV Diesel,6407.146424773908,0.0062562099681884266
2044,Class 7&8 Vocational,PHEV Gasoline,6777.471859619612,0.00661781145555215
2045,Class 4-6 Vocational,Battery Electric,1480788.2721573713,0.6665886308666026
2045,Class 4-6 Vocational,H2 Fuel Cell,718728.6416714644,0.32354142062348695
2045,Class 4-6 Vocational,PHEV Diesel,11936.148533283516,0.005373152298829313
2045,Class 4-6 Vocational,PHEV Gasoline,9989.373930656075,0.00449679621108108
2045,Class 7&8 Tractor,Battery Electric,189879.39622154896,0.3129949321156574
2045,Class 7&8 Tractor,H2 Fuel Cell,416773.8647053246,0.6870050678843427
2045,Class 7&8 Tractor,PHEV Diesel,0.0,0.0
2045,Class 7&8 Tractor,PHEV Gasoline,0.0,0.0
2045,Class 7&8 Vocational,Battery Electric,886716.9630716485,0.8186898116615393
2045,Class 7&8 Vocational,H2 Fuel Cell,182655.15441747737,0.16864221639681315
2045,Class 7&8 Vocational,PHEV Diesel,6667.854163805178,0.006156309732298627
2045,Class 7&8 Vocational,PHEV Gasoline,7052.733839577049,0.006511662209348924
2046,Class 4-6 Vocational,Battery Electric,1569636.2256250903,0.6633159885143255
2046,Class 4-6 Vocational,H2 Fuel Cell,773532.0526463548,0.3268885935301966
2046,Class 4-6 Vocational,PHEV Diesel,12618.753840978492,0.005332586647275067
2046,Class 4-6 Vocational,PHEV Gasoline,10560.61034485043,0.004462831308202894
2046,Class 7&8 Tractor,Battery Electric,222785.67885245263,0.317271057809826
2046,Class 7&8 Tractor,H2 Fuel Cell,479407.8347645113,0.682728942190174
2046,Class 7&8 Tractor,PHEV Diesel,0.0,0.0
2046,Class 7&8 Tractor,PHEV Gasoline,0.0,0.0
2046,Class 7&8 Vocational,Battery Electric,929024.3871545405,0.8153813124072252
2046,Class 7&8 Vocational,H2 Fuel Cell,196096.53502413275,0.17210899121412296
2046,Class 7&8 Vocational,PHEV Diesel,6926.682623775218,0.006079374929759137
2046,Class 7&8 Vocational,PHEV Gasoline,7326.542014591524,0.006430321448892781
2047,Class 4-6 Vocational,Battery Electric,1656591.7593525038,0.660582686806215
2047,Class 4-6 Vocational,H2 Fuel Cell,826723.7383267008,0.3296644361697095
2047,Class 4-6 Vocational,PHEV Diesel,13314.741660184567,0.005309387645060588
2047,Class 4-6 Vocational,PHEV Gasoline,11143.264931201362,0.004443489379014906
2047,Class 7&8 Tractor,Battery Electric,257717.67764144923,0.32216439196232727
2047,Class 7&8 Tractor,H2 Fuel Cell,542239.375562574,0.6778356080376727
2047,Class 7&8 Tractor,PHEV Diesel,0.0,0.0
2047,Class 7&8 Tractor,PHEV Gasoline,0.0,0.0
2047,Class 7&8 Vocational,Battery Electric,968590.0420305455,0.8123958735534932
2047,Class 7&8 Vocational,H2 Fuel Cell,208897.24177439944,0.17521061527584506
2047,Class 7&8 Vocational,PHEV Diesel,7180.535965690024,0.0060226076413090555
2047,Class 7&8 Vocational,PHEV Gasoline,7595.796480694516,0.006370903529352791
2048,Class 4-6 Vocational,Battery Electric,1741095.543950748,0.6582164397871492
2048,Class 4-6 Vocational,H2 Fuel Cell,878316.9689953524,0.33204534371786015
2048,Class 4-6 Vocational,PHEV Diesel,14023.461408813064,0.0053015314834798785
2048,Class 4-6 Vocational,PHEV Gasoline,11735.79393725332,0.004436685011510779
2048,Class 7&8 Tractor,Battery Electric,298404.1342517857,0.33432262832868465
2048,Class 7&8 Tractor,H2 Fuel Cell,594159.2430569552,0.6656773716713154
2048,Class 7&8 Tractor,PHEV Diesel,0.0,0.0
2048,Class 7&8 Tractor,PHEV Gasoline,0.0,0.0
2048,Class 7&8 Vocational,Battery Electric,1005241.262615166,0.8096840893908828
2048,Class 7&8 Vocational,H2 Fuel Cell,220992.77305445328,0.17800138023289838
2048,Class 7&8 Vocational,PHEV Diesel,7429.345554441623,0.0059840588659969655
2048,Class 7&8 Vocational,PHEV Gasoline,7859.424752525481,0.006330471510221859
2049,Class 4-6 Vocational,Battery Electric,1825158.684061385,0.6561515168733983
2049,Class 4-6 Vocational,H2 Fuel Cell,929333.0055897784,0.3340987644654238
2049,Class 4-6 Vocational,PHEV Diesel,14764.271448791438,0.005307811967942448
2049,Class 4-6 Vocational,PHEV Gasoline,12355.659274522526,0.004441906693235317
2049,Class 7&8 Tractor,Battery Electric,342246.8014818702,0.3463535318855947
2049,Class 7&8 Tractor,H2 Fuel Cell,645896.1506590623,0.6536464681144052
2049,Class 7&8 Tractor,PHEV Diesel,0.0,0.0
2049,Class 7&8 Tractor,PHEV Gasoline,0.0,0.0
2049,Class 7&8 Vocational,Battery Electric,1039866.458986285,0.8071707317537085
2049,Class 7&8 Vocational,H2 Fuel Cell,232614.72583716927,0.18056145272126004
2049,Class 7&8 Vocational,PHEV Diesel,7680.068121882092,0.005961463755549076
2049,Class 7&8 Vocational,PHEV Gasoline,8124.38239603389,0.006306351769482463
2050,Class 4-6 Vocational,Battery Electric,1909991.4695521842,0.6544218258374955
2050,Class 4-6 Vocational,H2 Fuel Cell,980046.4609638833,0.3357940622320864
2050,Class 4-6 Vocational,PHEV Diesel,15545.526862265284,0.005326375659256068
2050,Class 4-6 Vocational,PHEV Gasoline,13010.321348216801,0.004457736271161897
2050,Class 7&8 Tractor,Battery Electric,390958.15068962966,0.3591353769337762
2050,Class 7&8 Tractor,H2 Fuel Cell,697651.259019739,0.6408646230662239
2050,Class 7&8 Tractor,PHEV Diesel,0.0,0.0
2050,Class 7&8 Tractor,PHEV Gasoline,0.0,0.0
2050,Class 7&8 Vocational,Battery Electric,1072846.6176803038,0.8048162279348434
2050,Class 7&8 Vocational,H2 Fuel Cell,243854.08362532916,0.18293176351172305
2050,Class 7&8 Vocational,PHEV Diesel,7936.683784521705,0.005953853794665941
2050,Class 7&8 Vocational,PHEV Gasoline,8395.648343112052,0.006298154758767536
