Year,vehicle type,fuel type,Stock,VMT_millions,vehicle category,Fraction
2018,Class 4-6 Vocational,Diesel,2059238.0,37818.89186650094,Diesel Class 4-6 Vocational,0.5887427891632384
2018,Class 4-6 Vocational,Electric,101.0,2.2748445531186356,Electric Class 4-6 Vocational,2.887622591729906e-05
2018,Class 4-6 Vocational,Gasoline,1438348.0,18945.786779504564,Gasoline Class 4-6 Vocational,0.41122833461084424
2018,Class 7&8 Tractor,Diesel,2818447.0,140459.83288787008,Diesel Class 7&8 Tractor,0.9999978711725901
2018,Class 7&8 Tractor,Electric,6.0,0.12861426195261982,Electric Class 7&8 Tractor,2.1288274099301994e-06
2018,Class 7&8 Vocational,Diesel,1957950.0,33450.77402712136,Diesel Class 7&8 Vocational,0.999998978524499
2018,Class 7&8 Vocational,Electric,2.0,0.02143571032543664,Electric Class 7&8 Vocational,1.0214755009315856e-06
2019,Class 4-6 Vocational,Diesel,2106688.246616429,38416.17292370153,Diesel Class 4-6 Vocational,0.5927601803284915
2019,Class 4-6 Vocational,Electric,100.95612903225806,2.0882771176773245,Electric Class 4-6 Vocational,2.8406088725534856e-05
2019,Class 4-6 Vocational,Gasoline,1447242.1180645162,18999.632336666888,Gasoline Class 4-6 Vocational,0.40721141358278296
2019,Class 7&8 Tractor,Diesel,2901534.538297316,143264.01609463242,Diesel Class 7&8 Tractor,0.9999979321329753
2019,Class 7&8 Tractor,Electric,6.0,0.12471969426341911,Electric Class 7&8 Tractor,2.06786702470851e-06
2019,Class 7&8 Vocational,Diesel,1978331.7763517916,33527.25792665719,Diesel Class 7&8 Vocational,0.9999989890482466
2019,Class 7&8 Vocational,Electric,2.0,0.020786615710569854,Electric Class 7&8 Vocational,1.0109517533932837e-06
2020,Class 4-6 Vocational,Diesel,2135934.9953784337,35420.827061629105,Diesel Class 4-6 Vocational,0.5998022401119174
2020,Class 4-6 Vocational,Electric,100.86603288241415,1.7832203338037866,Electric Class 4-6 Vocational,2.8324678702759546e-05
2020,Class 4-6 Vocational,Gasoline,1425029.5240395425,16913.902064250113,Gasoline Class 4-6 Vocational,0.4001694352093798
2020,Class 7&8 Tractor,Diesel,2999421.5752854184,134707.0824920312,Diesel Class 7&8 Tractor,0.9999979996183107
2020,Class 7&8 Tractor,Electric,6.0,0.11140496445935318,Electric Class 7&8 Tractor,2.0003816893058516e-06
2020,Class 7&8 Vocational,Diesel,2008590.6760322535,30833.0045432942,Diesel Class 7&8 Vocational,0.9999990042779585
2020,Class 7&8 Vocational,Electric,2.0,0.018567494076558864,Electric Class 7&8 Vocational,9.957220415394387e-07
2021,Class 4-6 Vocational,Diesel,2189311.182346111,37370.461356435255,Diesel Class 4-6 Vocational,0.6077368967493777
2021,Class 4-6 Vocational,Electric,681.6373859681112,13.987576254343878,Electric Class 4-6 Vocational,0.00018921759181474246
2021,Class 4-6 Vocational,Gasoline,1412406.8273128048,17008.444027746536,Gasoline Class 4-6 Vocational,0.39207388565880763
2021,Class 7&8 Tractor,Diesel,3074634.3042627745,141856.92305530026,Diesel Class 7&8 Tractor,0.9999980535882033
2021,Class 7&8 Tractor,Electric,5.984516129032258,0.11315053187925488,Electric Class 7&8 Tractor,1.9464117968118524e-06
2021,Class 7&8 Vocational,Diesel,2029663.0124777432,31950.419872492766,Diesel Class 7&8 Vocational,0.9997497773158621
2021,Class 7&8 Vocational,Electric,507.9948387096774,4.957599199319475,Electric Class 7&8 Vocational,0.0002502226841379051
2022,Class 4-6 Vocational,Diesel,2246623.237961594,38588.74978090351,Diesel Class 4-6 Vocational,0.6150720127003213
2022,Class 4-6 Vocational,Electric,1299.1503070547174,26.05339491913177,Electric Class 4-6 Vocational,0.0003556764572974855
2022,Class 4-6 Vocational,Gasoline,1404695.8280900365,16809.310515475263,Gasoline Class 4-6 Vocational,0.3845723108423813
2022,Class 7&8 Tractor,Diesel,3150093.0690881913,145582.47879715226,Diesel Class 7&8 Tractor,0.9999981100186817
2022,Class 7&8 Tractor,Electric,5.953628303850156,0.11190822156028055,Electric Class 7&8 Tractor,1.8899813183383775e-06
2022,Class 7&8 Vocational,Diesel,2053203.6374678495,32361.864360504806,Diesel Class 7&8 Vocational,0.9994961712180472
2022,Class 7&8 Vocational,Electric,1034.9845427679502,9.923878097411572,Electric Class 7&8 Vocational,0.000503828781952772
2023,Class 4-6 Vocational,Diesel,2307234.559409638,39526.82727711851,Diesel Class 4-6 Vocational,0.621803238878606
2023,Class 4-6 Vocational,Electric,1955.407888274557,37.803634053690274,Electric Class 4-6 Vocational,0.0005269854134678908
2023,Class 4-6 Vocational,Gasoline,1401364.1359110556,16536.54969665023,Gasoline Class 4-6 Vocational,0.377669775707926
2023,Class 7&8 Tractor,Diesel,3224738.417175665,147794.52501131842,Diesel Class 7&8 Tractor,0.9999981680607506
2023,Class 7&8 Tractor,Electric,5.9075356976268,0.10895827714642403,Electric Class 7&8 Tractor,1.831939249371519e-06
2023,Class 7&8 Vocational,Diesel,2078879.256132618,32525.529676848793,Diesel Class 7&8 Vocational,0.9992400868041929
2023,Class 7&8 Vocational,Electric,1580.9691785658756,14.869054492251692,Electric Class 7&8 Vocational,0.0007599131958071454
2024,Class 4-6 Vocational,Diesel,2368656.8799771583,40380.56207046766,Diesel Class 4-6 Vocational,0.6278744305681347
2024,Class 4-6 Vocational,Electric,2637.4151857962224,49.10310168429735,Electric Class 4-6 Vocational,0.0006991158457570788
2024,Class 4-6 Vocational,Gasoline,1401206.645564747,16313.744396911155,Gasoline Class 4-6 Vocational,0.3714264535861082
2024,Class 7&8 Tractor,Diesel,3295332.7532892227,149334.39849359135,Diesel Class 7&8 Tractor,0.9999982258106392
2024,Class 7&8 Tractor,Electric,5.846554683973879,0.10485919566782467,Electric Class 7&8 Tractor,1.7741893607688199e-06
2024,Class 7&8 Vocational,Diesel,2103748.770721944,32645.432822880597,Diesel Class 7&8 Vocational,0.9989852493743137
2024,Class 7&8 Vocational,Electric,2136.948851561325,19.788675642877337,Electric Class 7&8 Vocational,0.0010147506256864265
2025,Class 4-6 Vocational,Diesel,2431091.073183064,41328.273350426796,Diesel Class 4-6 Vocational,0.6333481564043566
2025,Class 4-6 Vocational,Electric,3343.6798084983466,60.22264150197959,Electric Class 4-6 Vocational,0.0008710958901042511
2025,Class 4-6 Vocational,Gasoline,1404040.2604747298,16153.41799004572,Gasoline Class 4-6 Vocational,0.36578074770553914
2025,Class 7&8 Tractor,Diesel,3362825.24383456,150925.40325774648,Diesel Class 7&8 Tractor,0.9999982838521344
2025,Class 7&8 Tractor,Electric,5.771115268696796,0.09990995635403269,Electric Class 7&8 Tractor,1.7161478656051047e-06
2025,Class 7&8 Vocational,Diesel,2128209.640963888,32844.57183097632,Diesel Class 7&8 Vocational,0.9987335832561471
2025,Class 7&8 Vocational,Electric,2698.6178986379527,24.765800831178144,Electric Class 7&8 Vocational,0.0012664167438529096
2026,Class 4-6 Vocational,Diesel,2495113.6472981544,42231.25241726912,Diesel Class 4-6 Vocational,0.6383743326392195
2026,Class 4-6 Vocational,Electric,4367.716901319347,76.9083770420912,Electric Class 4-6 Vocational,0.0011174795044129693
2026,Class 4-6 Vocational,Gasoline,1409061.8207726583,16036.310226057245,Gasoline Class 4-6 Vocational,0.3605081878563675
2026,Class 7&8 Tractor,Diesel,3427674.551459231,152013.77335386598,Diesel Class 7&8 Tractor,0.999998342390282
2026,Class 7&8 Tractor,Electric,5.681756064536331,0.09363779143780093,Electric Class 7&8 Tractor,1.657609717930609e-06
2026,Class 7&8 Vocational,Diesel,2152605.5334758097,32972.72601038715,Diesel Class 7&8 Vocational,0.998298421373622
2026,Class 7&8 Vocational,Electric,3669.070779201947,33.49126625042106,Electric Class 7&8 Vocational,0.0017015786263779714
2027,Class 4-6 Vocational,Diesel,2554955.524140662,43035.69688281908,Diesel Class 4-6 Vocational,0.6424963507345061
2027,Class 4-6 Vocational,Electric,6845.922792201952,121.53808741557843,Electric Class 4-6 Vocational,0.0017215487196706983
2027,Class 4-6 Vocational,Gasoline,1414805.6127334202,15958.360764035933,Gasoline Class 4-6 Vocational,0.35578210054582315
2027,Class 7&8 Tractor,Diesel,3483277.021898456,152471.26630822555,Diesel Class 7&8 Tractor,0.9999983084012974
2027,Class 7&8 Tractor,Electric,5.892316858121679,0.09208575446846885,Electric Class 7&8 Tractor,1.6915987024984596e-06
2027,Class 7&8 Vocational,Diesel,2173338.0937271514,32992.589446670034,Diesel Class 7&8 Vocational,0.997189269778619
2027,Class 7&8 Vocational,Electric,6125.8852721847525,55.8186773795006,Electric Class 7&8 Vocational,0.002810730221381015
2028,Class 4-6 Vocational,Diesel,2605016.0166067313,43802.36819731201,Diesel Class 4-6 Vocational,0.6446991073117219
2028,Class 4-6 Vocational,Electric,15884.623166582276,295.0638238153826,Electric Class 4-6 Vocational,0.003931185954402791
2028,Class 4-6 Vocational,Gasoline,1419768.8555966655,16013.328202513485,Gasoline Class 4-6 Vocational,0.3513697067338753
2028,Class 7&8 Tractor,Diesel,3528087.6837349785,153032.04179424344,Diesel Class 7&8 Tractor,0.9999962815693767
2028,Class 7&8 Tractor,Electric,13.118998067040584,0.2203806266985143,Electric Class 7&8 Tractor,3.7184306233194768e-06
2028,Class 7&8 Vocational,Diesel,2185376.7144820527,32957.23649449043,Diesel Class 7&8 Vocational,0.9936608681092935
2028,Class 7&8 Vocational,Electric,13941.769942435372,127.6337066783506,Electric Class 7&8 Vocational,0.0063391318907064145
2029,Class 4-6 Vocational,Diesel,2628490.0598237254,44073.71215778739,Diesel Class 4-6 Vocational,0.6409101141574591
2029,Class 4-6 Vocational,Electric,48131.86004071745,929.6773650517802,Electric Class 4-6 Vocational,0.011736090002705145
2029,Class 4-6 Vocational,Gasoline,1424561.696623089,16209.658659029477,Gasoline Class 4-6 Vocational,0.34735379583983567
2029,Class 7&8 Tractor,Diesel,3563531.6151964357,153710.8402734445,Diesel Class 7&8 Tractor,0.9999638160668594
2029,Class 7&8 Tractor,Electric,128.94725552751927,2.3696059668565708,Electric Class 7&8 Tractor,3.618393314059002e-05
2029,Class 7&8 Vocational,Diesel,2179271.3318947325,32623.065200509554,Diesel Class 7&8 Vocational,0.9834661087545762
2029,Class 7&8 Vocational,Electric,36637.59724414601,337.3211999038019,Electric Class 7&8 Vocational,0.016533891245423926
2030,Class 4-6 Vocational,Diesel,2607612.0359437107,43277.10555587961,Diesel Class 4-6 Vocational,0.6264063685456096
2030,Class 4-6 Vocational,Electric,124482.07815565803,2457.433122220267,Electric Class 4-6 Vocational,0.029903361946355022
2030,Class 4-6 Vocational,Gasoline,1430718.0265212073,16557.506315698058,Gasoline Class 4-6 Vocational,0.34369026950803533
2030,Class 7&8 Tractor,Diesel,3591218.1285925983,154422.51565209948,Diesel Class 7&8 Tractor,0.999351379192594
2030,Class 7&8 Tractor,Electric,2330.8506403629813,43.624911011215126,Electric Class 7&8 Tractor,0.0006486208074059696
2030,Class 7&8 Vocational,Diesel,2148684.9440418454,31751.902683368466,Diesel Class 7&8 Vocational,0.9629597745873484
2030,Class 7&8 Vocational,Electric,82649.11657622017,764.8682667408183,Electric Class 7&8 Vocational,0.03704022541265151
2031,Class 4-6 Vocational,Diesel,2567201.820099014,42085.906718957136,Diesel Class 4-6 Vocational,0.6082758145929653
2031,Class 4-6 Vocational,Electric,217655.01673215692,4318.186251575306,Electric Class 4-6 Vocational,0.051571435313913866
2031,Class 4-6 Vocational,Gasoline,1435599.9995414643,16957.915803446725,Gasoline Class 4-6 Vocational,0.3401527500931208
2031,Class 7&8 Tractor,Diesel,3614077.4282911257,155258.4458571062,Diesel Class 7&8 Tractor,0.9986709265596165
2031,Class 7&8 Tractor,Electric,4809.766854812569,89.96538944126556,Electric Class 7&8 Tractor,0.001329073440383545
2031,Class 7&8 Vocational,Diesel,2102169.1617192873,30519.869768515025,Diesel Class 7&8 Vocational,0.9364152508088348
2031,Class 7&8 Vocational,Electric,142742.12085916795,1328.3676588283074,Electric Class 7&8 Vocational,0.06358474919116515
2032,Class 4-6 Vocational,Diesel,2510039.720917957,40542.77900874696,Diesel Class 4-6 Vocational,0.5867423462503348
2032,Class 4-6 Vocational,Electric,326108.3857896804,6500.289556801086,Electric Class 4-6 Vocational,0.07623050655954165
2032,Class 4-6 Vocational,Gasoline,1441776.8410292077,17436.218139538843,Gasoline Class 4-6 Vocational,0.3370271471901237
2032,Class 7&8 Tractor,Diesel,3629476.599805041,156042.86389642305,Diesel Class 7&8 Tractor,0.9978500132721663
2032,Class 7&8 Tractor,Electric,7820.139715161001,147.20041655715573,Electric Class 7&8 Tractor,0.002149986727833638
2032,Class 7&8 Vocational,Diesel,2052299.0616517123,29235.426046133594,Diesel Class 7&8 Vocational,0.9098365249016759
2032,Class 7&8 Vocational,Electric,203379.84931913478,1906.5470751498244,Electric Class 7&8 Vocational,0.09016347509832409
2033,Class 4-6 Vocational,Diesel,2440429.5872212877,38806.56061701809,Diesel Class 4-6 Vocational,0.563826363038389
2033,Class 4-6 Vocational,Electric,441871.4130908508,8830.913296494133,Electric Class 4-6 Vocational,0.1020880721485275
2033,Class 4-6 Vocational,Gasoline,1446034.3653314987,17929.659434233883,Gasoline Class 4-6 Vocational,0.33408556481308344
2033,Class 7&8 Tractor,Diesel,3639893.437872303,156825.6453240347,Diesel Class 7&8 Tractor,0.9978030821096553
2033,Class 7&8 Tractor,Electric,8014.153449699801,150.86954740165885,Electric Class 7&8 Tractor,0.0021969178903447685
2033,Class 7&8 Vocational,Diesel,1997736.3071556361,27884.48947305239,Diesel Class 7&8 Vocational,0.8825116143718579
2033,Class 7&8 Vocational,Electric,265957.7617066277,2515.8371354955143,Electric Class 7&8 Vocational,0.11748838562814207
2034,Class 4-6 Vocational,Diesel,2352479.4787842245,36669.098564637534,Diesel Class 4-6 Vocational,0.5376184413630877
2034,Class 4-6 Vocational,Electric,572763.5342301654,11508.10211783168,Electric Class 4-6 Vocational,0.13089518583242826
2034,Class 4-6 Vocational,Gasoline,1450498.7729624915,18483.778762000085,Gasoline Class 4-6 Vocational,0.3314863728044841
2034,Class 7&8 Tractor,Diesel,3641434.2894970593,157578.02443795814,Diesel Class 7&8 Tractor,0.9974530091034266
2034,Class 7&8 Tractor,Electric,9298.382882373338,177.4910167753668,Electric Class 7&8 Tractor,0.0025469908965733566
2034,Class 7&8 Vocational,Diesel,1932808.9326303508,26418.39797301344,Diesel Class 7&8 Vocational,0.852015428245433
2034,Class 7&8 Vocational,Electric,335705.07375403,3211.3608520952016,Electric Class 7&8 Vocational,0.14798457175456717
2035,Class 4-6 Vocational,Diesel,2251815.603211557,34231.087484623,Diesel Class 4-6 Vocational,0.5088750158726719
2035,Class 4-6 Vocational,Electric,715759.8602477001,14481.218889022777,Electric Class 4-6 Vocational,0.16175050467058621
2035,Class 4-6 Vocational,Gasoline,1457510.3296601172,19087.530272016607,Gasoline Class 4-6 Vocational,0.32937447945674175
2035,Class 7&8 Tractor,Diesel,3637778.5833645593,158231.78410451577,Diesel Class 7&8 Tractor,0.9961957387075603
2035,Class 7&8 Tractor,Electric,13891.908705727219,271.0087581674035,Electric Class 7&8 Tractor,0.003804261292439699
2035,Class 7&8 Vocational,Diesel,1864980.7349253558,24963.20647941774,Diesel Class 7&8 Vocational,0.8208922924644333
2035,Class 7&8 Vocational,Electric,406913.82669419964,3940.933039241022,Electric Class 7&8 Vocational,0.1791077075355666
2036,Class 4-6 Vocational,Diesel,2146084.6991888806,31688.87462951618,Diesel Class 4-6 Vocational,0.47941833043330545
2036,Class 4-6 Vocational,Electric,864521.6854981545,17592.569730423045,Electric Class 4-6 Vocational,0.19312729979462678
2036,Class 4-6 Vocational,Gasoline,1465828.0003921026,19701.91081141071,Gasoline Class 4-6 Vocational,0.3274543697720677
2036,Class 7&8 Tractor,Diesel,3627309.628315875,158619.86937343105,Diesel Class 7&8 Tractor,0.9927926128545123
2036,Class 7&8 Tractor,Electric,26333.21848825901,525.12647386833,Electric Class 7&8 Tractor,0.007207387145487648
2036,Class 7&8 Vocational,Diesel,1795503.1777753532,23555.911652730578,Diesel Class 7&8 Vocational,0.7894743435923516
2036,Class 7&8 Vocational,Electric,478798.9478710109,4702.922080352438,Electric Class 7&8 Vocational,0.21052565640764845
2037,Class 4-6 Vocational,Diesel,2039860.6259942623,29213.213289813106,Diesel Class 4-6 Vocational,0.4502307965627478
2037,Class 4-6 Vocational,Electric,1014898.75932691,20720.844354979334,Electric Class 4-6 Vocational,0.22400485161557526
2037,Class 4-6 Vocational,Gasoline,1475940.5169676547,20371.927839389038,Gasoline Class 4-6 Vocational,0.3257643518216769
2037,Class 7&8 Tractor,Diesel,3605040.434579377,158814.46425756157,Diesel Class 7&8 Tractor,0.9863520485923952
2037,Class 7&8 Tractor,Electric,49882.20660544523,1015.3748737737375,Electric Class 7&8 Tractor,0.01364795140760485
2037,Class 7&8 Vocational,Diesel,1724640.7343370297,22246.040247532022,Diesel Class 7&8 Vocational,0.7578781205077899
2037,Class 7&8 Vocational,Electric,550976.792636165,5502.727361656251,Electric Class 7&8 Vocational,0.2421218794922101
2038,Class 4-6 Vocational,Diesel,1932303.1610567041,26788.124157227983,Diesel Class 4-6 Vocational,0.42144699211508857
2038,Class 4-6 Vocational,Electric,1165703.467518135,23803.845597054184,Electric Class 4-6 Vocational,0.25424696806632713
2038,Class 4-6 Vocational,Gasoline,1486919.1087265003,20994.47455276669,Gasoline Class 4-6 Vocational,0.32430603981858436
2038,Class 7&8 Tractor,Diesel,3571583.816816999,158665.35591501847,Diesel Class 7&8 Tractor,0.9772100213557438
2038,Class 7&8 Tractor,Electric,83294.60109148736,1731.1485820202934,Electric Class 7&8 Tractor,0.02278997864425622
2038,Class 7&8 Vocational,Diesel,1652239.5734099112,21006.20955884387,Diesel Class 7&8 Vocational,0.726369356679973
2038,Class 7&8 Vocational,Electric,622415.2674300531,6327.650224282141,Electric Class 7&8 Vocational,0.273630643320027
2039,Class 4-6 Vocational,Diesel,1822297.8484768043,24446.43486221359,Diesel Class 4-6 Vocational,0.3927294357402554
2039,Class 4-6 Vocational,Electric,1317631.5723069636,26853.80600784595,Electric Class 4-6 Vocational,0.2839671376104608
2039,Class 4-6 Vocational,Gasoline,1500155.2854770618,21672.983125848103,Gasoline Class 4-6 Vocational,0.3233034266492838
2039,Class 7&8 Tractor,Diesel,3515438.9058590992,157918.72934824854,Diesel Class 7&8 Tractor,0.963113869337769
2039,Class 7&8 Tractor,Electric,134637.18356145167,2876.617070125305,Electric Class 7&8 Tractor,0.036886130662231016
2039,Class 7&8 Vocational,Diesel,1576850.441395346,19886.797792923207,Diesel Class 7&8 Vocational,0.694553467465449
2039,Class 7&8 Vocational,Electric,693457.771375599,7199.431314630748,Electric Class 7&8 Vocational,0.30544653253455106
2040,Class 4-6 Vocational,Diesel,1710117.1959231885,22184.595955530876,Diesel Class 4-6 Vocational,0.3642759946805078
2040,Class 4-6 Vocational,Electric,1470924.2733864423,29857.322406998832,Electric Class 4-6 Vocational,0.3133249604558777
2040,Class 4-6 Vocational,Gasoline,1513523.1489904714,22333.879700155423,Gasoline Class 4-6 Vocational,0.32239904486361437
2040,Class 7&8 Tractor,Diesel,3438978.258587169,156538.3828174421,Diesel Class 7&8 Tractor,0.9442166272375518
2040,Class 7&8 Tractor,Electric,203171.39159259805,4487.090175761857,Electric Class 7&8 Tractor,0.055783372762448144
2040,Class 7&8 Vocational,Diesel,1499545.6698100297,18878.1034764771,Diesel Class 7&8 Vocational,0.6625387618002049
2040,Class 7&8 Vocational,Electric,763787.0682407476,8124.474151075081,Electric Class 7&8 Vocational,0.33746123819979496
2041,Class 4-6 Vocational,Diesel,1596763.9150671288,20061.026878900826,Diesel Class 4-6 Vocational,0.33626810057668804
2041,Class 4-6 Vocational,Electric,1623291.556304837,32796.408841988596,Electric Class 4-6 Vocational,0.3418546493755497
2041,Class 4-6 Vocational,Gasoline,1528429.1821789797,23011.892462594737,Gasoline Class 4-6 Vocational,0.32187725004776235
2041,Class 7&8 Tractor,Diesel,3352259.80610702,155016.94454799793,Diesel Class 7&8 Tractor,0.924433635017381
2041,Class 7&8 Tractor,Electric,274025.17436536576,6253.510747575623,Electric Class 7&8 Tractor,0.07556636498261901
2041,Class 7&8 Vocational,Diesel,1420014.2505105974,17940.502334813722,Diesel Class 7&8 Vocational,0.6305387701026487
2041,Class 7&8 Vocational,Electric,832050.6784697821,9053.1195102298,Electric Class 7&8 Vocational,0.3694612298973513
2042,Class 4-6 Vocational,Diesel,1485682.2329416678,18086.75808603575,Diesel Class 4-6 Vocational,0.30915242797605164
2042,Class 4-6 Vocational,Electric,1774703.150517794,35641.75671903639,Electric Class 4-6 Vocational,0.3692941705528668
2042,Class 4-6 Vocational,Gasoline,1545277.1263518976,23690.93347035717,Gasoline Class 4-6 Vocational,0.3215534014710816
2042,Class 7&8 Tractor,Diesel,3264790.293320273,153224.63192095817,Diesel Class 7&8 Tractor,0.903039626544555
2042,Class 7&8 Tractor,Electric,350544.1807745817,8289.172287413876,Electric Class 7&8 Tractor,0.09696037345544492
2042,Class 7&8 Vocational,Diesel,1343309.8069808756,17072.35246553559,Diesel Class 7&8 Vocational,0.5992760563267806
2042,Class 7&8 Vocational,Electric,898244.469715237,9992.238793835964,Electric Class 7&8 Vocational,0.4007239436732194
2043,Class 4-6 Vocational,Diesel,1382318.3856199612,16298.06308794324,Diesel Class 4-6 Vocational,0.28364542446232827
2043,Class 4-6 Vocational,Electric,1925468.9091939337,38362.452411180166,Electric Class 4-6 Vocational,0.3950974332099218
2043,Class 4-6 Vocational,Gasoline,1565615.4341046207,24365.682745993985,Gasoline Class 4-6 Vocational,0.32125714232775
2043,Class 7&8 Tractor,Diesel,3174592.3810285577,151037.11547100852,Diesel Class 7&8 Tractor,0.8802771330861251
2043,Class 7&8 Tractor,Electric,431763.2332527007,10581.909771307437,Electric Class 7&8 Tractor,0.1197228669138749
2043,Class 7&8 Vocational,Diesel,1269016.0303460746,16241.511706045305,Diesel Class 7&8 Vocational,0.5686909546478237
2043,Class 7&8 Vocational,Electric,962452.6082433067,10922.126143843774,Electric Class 7&8 Vocational,0.4313090453521764
2044,Class 4-6 Vocational,Diesel,1286354.6031464613,14701.241748037059,Diesel Class 4-6 Vocational,0.25990760886571573
2044,Class 4-6 Vocational,Electric,2074539.32921167,40941.946231236114,Electric Class 4-6 Vocational,0.4191601252364005
2044,Class 4-6 Vocational,Gasoline,1588382.4999877615,25027.080799674324,Gasoline Class 4-6 Vocational,0.3209322658978837
2044,Class 7&8 Tractor,Diesel,3084439.2201534794,148564.39938857846,Diesel Class 7&8 Tractor,0.8569532188471268
2044,Class 7&8 Tractor,Electric,514869.5312659106,13062.868812790137,Electric Class 7&8 Tractor,0.14304678115287314
2044,Class 7&8 Vocational,Diesel,1197391.2935706568,15418.686562957619,Diesel Class 7&8 Vocational,0.5389970951693366
2044,Class 7&8 Vocational,Electric,1024125.8617202687,11823.950545680054,Electric Class 7&8 Vocational,0.4610029048306635
2045,Class 4-6 Vocational,Diesel,1195062.473210884,13270.562568981059,Diesel Class 4-6 Vocational,0.23769155507484044
2045,Class 4-6 Vocational,Electric,2221442.4362927754,43382.13181475436,Electric Class 4-6 Vocational,0.4418330581270762
2045,Class 4-6 Vocational,Gasoline,1611281.9331319665,25655.484012381065,Gasoline Class 4-6 Vocational,0.32047538679808335
2045,Class 7&8 Tractor,Diesel,2985602.5250352,145444.0836008661,Diesel Class 7&8 Tractor,0.8311219197425831
2045,Class 7&8 Tractor,Electric,606653.2609268735,15967.024749957714,Electric Class 7&8 Tractor,0.16887808025741696
2045,Class 7&8 Vocational,Diesel,1127060.7610121865,14637.36363273508,Diesel Class 7&8 Vocational,0.5099468331466621
2045,Class 7&8 Vocational,Electric,1083092.7054925081,12735.26990819737,Electric Class 7&8 Vocational,0.4900531668533378
2046,Class 4-6 Vocational,Diesel,1106579.5700281453,11997.281589823331,Diesel Class 4-6 Vocational,0.21667740951550826
2046,Class 4-6 Vocational,Electric,2366347.642457274,45758.627837478176,Electric Class 4-6 Vocational,0.4633503916647685
2046,Class 4-6 Vocational,Gasoline,1634109.891670767,26283.629725984232,Gasoline Class 4-6 Vocational,0.3199721988197233
2046,Class 7&8 Tractor,Diesel,2878977.582996982,142011.05857238616,Diesel Class 7&8 Tractor,0.803920702286216
2046,Class 7&8 Tractor,Electric,702193.513616964,19179.004149215183,Electric Class 7&8 Tractor,0.1960792977137839
2046,Class 7&8 Vocational,Diesel,1056891.5262534136,13871.711778424771,Diesel Class 7&8 Vocational,0.4812220758228413
2046,Class 7&8 Vocational,Electric,1139374.1468170402,13656.4206182508,Electric Class 7&8 Vocational,0.5187779241771586
2047,Class 4-6 Vocational,Diesel,1023295.5631144681,10868.471365027885,Diesel Class 4-6 Vocational,0.19726119338475182
2047,Class 4-6 Vocational,Electric,2507773.5042705904,47950.34306824613,Electric Class 4-6 Vocational,0.4834247425890001
2047,Class 4-6 Vocational,Gasoline,1656446.7615319956,26840.19675690226,Gasoline Class 4-6 Vocational,0.31931406402624807
2047,Class 7&8 Tractor,Diesel,2766305.6496221405,137898.04711811163,Diesel Class 7&8 Tractor,0.7756875699117511
2047,Class 7&8 Tractor,Electric,799957.0532040232,22625.729307627564,Electric Class 7&8 Tractor,0.22431243008824883
2047,Class 7&8 Vocational,Diesel,986639.3263892105,13086.160787483586,Diesel Class 7&8 Vocational,0.4528147202341813
2047,Class 7&8 Vocational,Electric,1192263.6162513294,14555.387757723054,Electric Class 7&8 Vocational,0.5471852797658187
2048,Class 4-6 Vocational,Diesel,944936.5686027075,9877.620118401945,Diesel Class 4-6 Vocational,0.17937196261236812
2048,Class 4-6 Vocational,Electric,2645171.7682921668,49966.04454874418,Electric Class 4-6 Vocational,0.5021179910806076
2048,Class 4-6 Vocational,Gasoline,1677919.9259432997,27332.3838660846,Gasoline Class 4-6 Vocational,0.31851004630702434
2048,Class 7&8 Tractor,Diesel,2655732.073975666,133630.52497313963,Diesel Class 7&8 Tractor,0.7484529150509008
2048,Class 7&8 Tractor,Electric,892563.3773087409,25974.683583280526,Electric Class 7&8 Tractor,0.25154708494909916
2048,Class 7&8 Vocational,Diesel,916580.0813021671,12227.173742979987,Diesel Class 7&8 Vocational,0.42471565498803593
2048,Class 7&8 Vocational,Electric,1241522.8059765864,15370.825906226,Electric Class 7&8 Vocational,0.5752843450119642
2049,Class 4-6 Vocational,Diesel,870083.7731117122,9022.879105670425,Diesel Class 4-6 Vocational,0.1625846240434054
2049,Class 4-6 Vocational,Electric,2781611.6203744775,52058.408653208964,Electric Class 4-6 Vocational,0.5197744096708801
2049,Class 4-6 Vocational,Gasoline,1699879.383224706,27901.025666158148,Gasoline Class 4-6 Vocational,0.31764096628571453
2049,Class 7&8 Tractor,Diesel,2539846.4340412,129405.95074362041,Diesel Class 7&8 Tractor,0.7199132865843834
2049,Class 7&8 Tractor,Electric,988142.9521409324,29615.14589447723,Electric Class 7&8 Tractor,0.2800867134156167
2049,Class 7&8 Vocational,Diesel,846251.5590870086,11387.331442089408,Diesel Class 7&8 Vocational,0.39645669388938976
2049,Class 7&8 Vocational,Electric,1288285.6353413702,16214.053383613496,Electric Class 7&8 Vocational,0.6035433061106102
2050,Class 4-6 Vocational,Diesel,798451.8871860385,8257.064972789836,Diesel Class 4-6 Vocational,0.14681647019012384
2050,Class 4-6 Vocational,Electric,2918593.77872655,54273.141610724204,Electric Class 4-6 Vocational,0.5366605595004973
2050,Class 4-6 Vocational,Gasoline,1721389.7231964297,28520.51007694883,Gasoline Class 4-6 Vocational,0.31652297030937904
2050,Class 7&8 Tractor,Diesel,2417507.817605987,125018.5069445733,Diesel Class 7&8 Tractor,0.6895114056003997
2050,Class 7&8 Tractor,Electric,1088609.4097093686,33648.9726407092,Electric Class 7&8 Tractor,0.31048859439960025
2050,Class 7&8 Vocational,Diesel,775944.8828550861,10587.906635011896,Diesel Class 7&8 Vocational,0.3679246126107819
2050,Class 7&8 Vocational,Electric,1333033.0334332667,17106.95171519107,Electric Class 7&8 Vocational,0.6320753873892182
