Year,vehicle type,Powertrain,Stock,EV_fraction
2018,Class 4-6 Vocational,Battery Electric,101.0,1.0
2018,Class 4-6 Vocational,H2 Fuel Cell,0.0,0.0
2018,Class 4-6 Vocational,PHEV Diesel,0.0,0.0
2018,Class 4-6 Vocational,PHEV Gasoline,0.0,0.0
2018,Class 7&8 Tractor,Battery Electric,6.0,1.0
2018,Class 7&8 Tractor,H2 Fuel Cell,0.0,0.0
2018,Class 7&8 Tractor,PHEV Diesel,0.0,0.0
2018,Class 7&8 Tractor,PHEV Gasoline,0.0,0.0
2018,Class 7&8 Vocational,Battery Electric,2.0,1.0
2018,Class 7&8 Vocational,H2 Fuel Cell,0.0,0.0
2018,Class 7&8 Vocational,PHEV Diesel,0.0,0.0
2018,Class 7&8 Vocational,PHEV Gasoline,0.0,0.0
2019,Class 4-6 Vocational,Battery Electric,100.95612903225806,1.0
2019,Class 4-6 Vocational,H2 Fuel Cell,0.0,0.0
2019,Class 4-6 Vocational,PHEV Diesel,0.0,0.0
2019,Class 4-6 Vocational,PHEV Gasoline,0.0,0.0
2019,Class 7&8 Tractor,Battery Electric,6.0,1.0
2019,Class 7&8 Tractor,H2 Fuel Cell,0.0,0.0
2019,Class 7&8 Tractor,PHEV Diesel,0.0,0.0
2019,Class 7&8 Tractor,PHEV Gasoline,0.0,0.0
2019,Class 7&8 Vocational,Battery Electric,2.0,1.0
2019,Class 7&8 Vocational,H2 Fuel Cell,0.0,0.0
2019,Class 7&8 Vocational,PHEV Diesel,0.0,0.0
2019,Class 7&8 Vocational,PHEV Gasoline,0.0,0.0
2020,Class 4-6 Vocational,Battery Electric,100.86603288241415,1.0
2020,Class 4-6 Vocational,H2 Fuel Cell,0.0,0.0
2020,Class 4-6 Vocational,PHEV Diesel,0.0,0.0
2020,Class 4-6 Vocational,PHEV Gasoline,0.0,0.0
2020,Class 7&8 Tractor,Battery Electric,6.0,1.0
2020,Class 7&8 Tractor,H2 Fuel Cell,0.0,0.0
2020,Class 7&8 Tractor,PHEV Diesel,0.0,0.0
2020,Class 7&8 Tractor,PHEV Gasoline,0.0,0.0
2020,Class 7&8 Vocational,Battery Electric,2.0,1.0
2020,Class 7&8 Vocational,H2 Fuel Cell,0.0,0.0
2020,Class 7&8 Vocational,PHEV Diesel,0.0,0.0
2020,Class 7&8 Vocational,PHEV Gasoline,0.0,0.0
2021,Class 4-6 Vocational,Battery Electric,100.63738596811118,0.14764064888427242
2021,Class 4-6 Vocational,H2 Fuel Cell,0.0,0.0
2021,Class 4-6 Vocational,PHEV Diesel,316.0,0.46358959544332173
2021,Class 4-6 Vocational,PHEV Gasoline,265.0,0.38876975567240585
2021,Class 7&8 Tractor,Battery Electric,5.984516129032258,1.0
2021,Class 7&8 Tractor,H2 Fuel Cell,0.0,0.0
2021,Class 7&8 Tractor,PHEV Diesel,0.0,0.0
2021,Class 7&8 Tractor,PHEV Gasoline,0.0,0.0
2021,Class 7&8 Vocational,Battery Electric,1.9948387096774194,0.003926887750955052
2021,Class 7&8 Vocational,H2 Fuel Cell,0.0,0.0
2021,Class 7&8 Vocational,PHEV Diesel,246.00000000000003,0.484256888563765
2021,Class 7&8 Vocational,PHEV Gasoline,260.0,0.51181622368528
2022,Class 4-6 Vocational,Battery Electric,100.15030705471742,0.07708908392729903
2022,Class 4-6 Vocational,H2 Fuel Cell,0.0,0.0
2022,Class 4-6 Vocational,PHEV Diesel,653.0,0.5026362203465169
2022,Class 4-6 Vocational,PHEV Gasoline,546.0,0.4202746957261841
2022,Class 7&8 Tractor,Battery Electric,5.953628303850156,1.0
2022,Class 7&8 Tractor,H2 Fuel Cell,0.0,0.0
2022,Class 7&8 Tractor,PHEV Diesel,0.0,0.0
2022,Class 7&8 Tractor,PHEV Gasoline,0.0,0.0
2022,Class 7&8 Vocational,Battery Electric,1.984542767950052,0.0019174612624094024
2022,Class 7&8 Vocational,H2 Fuel Cell,0.0,0.0
2022,Class 7&8 Vocational,PHEV Diesel,502.0,0.4850313983022947
2022,Class 7&8 Vocational,PHEV Gasoline,531.0,0.5130511404352958
2023,Class 4-6 Vocational,Battery Electric,99.40788827455694,0.050837418050038656
2023,Class 4-6 Vocational,H2 Fuel Cell,0.0,0.0
2023,Class 4-6 Vocational,PHEV Diesel,1011.0,0.5170276779910619
2023,Class 4-6 Vocational,PHEV Gasoline,845.0,0.4321349039588994
2023,Class 7&8 Tractor,Battery Electric,5.9075356976268,1.0
2023,Class 7&8 Tractor,H2 Fuel Cell,0.0,0.0
2023,Class 7&8 Tractor,PHEV Diesel,0.0,0.0
2023,Class 7&8 Tractor,PHEV Gasoline,0.0,0.0
2023,Class 7&8 Vocational,Battery Electric,1.9691785658756,0.0012455515215431814
2023,Class 7&8 Vocational,H2 Fuel Cell,0.0,0.0
2023,Class 7&8 Vocational,PHEV Diesel,767.0,0.48514544774096036
2023,Class 7&8 Vocational,PHEV Gasoline,812.0,0.5136090007374965
2024,Class 4-6 Vocational,Battery Electric,98.41518579622229,0.03731501446045979
2024,Class 4-6 Vocational,H2 Fuel Cell,0.0,0.0
2024,Class 4-6 Vocational,PHEV Diesel,1383.0,0.5243770519894384
2024,Class 4-6 Vocational,PHEV Gasoline,1156.0,0.4383079335501018
2024,Class 7&8 Tractor,Battery Electric,5.846554683973879,1.0
2024,Class 7&8 Tractor,H2 Fuel Cell,0.0,0.0
2024,Class 7&8 Tractor,PHEV Diesel,0.0,0.0
2024,Class 7&8 Tractor,PHEV Gasoline,0.0,0.0
2024,Class 7&8 Vocational,Battery Electric,1.9488515613246262,0.0009119785716446753
2024,Class 7&8 Vocational,H2 Fuel Cell,0.0,0.0
2024,Class 7&8 Vocational,PHEV Diesel,1037.0,0.48527132469377254
2024,Class 7&8 Vocational,PHEV Gasoline,1098.0,0.5138166967345827
2025,Class 4-6 Vocational,Battery Electric,97.17916333705621,0.02906353745058489
2025,Class 4-6 Vocational,H2 Fuel Cell,0.0,0.0
2025,Class 4-6 Vocational,PHEV Diesel,1768.1845161290323,0.5288139467286874
2025,Class 4-6 Vocational,PHEV Gasoline,1478.316129032258,0.4421225158207277
2025,Class 7&8 Tractor,Battery Electric,5.771115268696796,1.0
2025,Class 7&8 Tractor,H2 Fuel Cell,0.0,0.0
2025,Class 7&8 Tractor,PHEV Diesel,0.0,0.0
2025,Class 7&8 Tractor,PHEV Gasoline,0.0,0.0
2025,Class 7&8 Vocational,Battery Electric,1.923705089565599,0.000712848265972197
2025,Class 7&8 Vocational,H2 Fuel Cell,0.0,0.0
2025,Class 7&8 Vocational,PHEV Diesel,1310.3651612903227,0.48556898772208196
2025,Class 7&8 Vocational,PHEV Gasoline,1386.3290322580644,0.5137181640119458
2026,Class 4-6 Vocational,Battery Electric,95.70861126207657,0.02347166493289051
2026,Class 4-6 Vocational,H2 Fuel Cell,0.0,0.0
2026,Class 4-6 Vocational,PHEV Diesel,2168.6880799167534,0.531850993181523
2026,Class 4-6 Vocational,PHEV Gasoline,1813.2267554630594,0.4446773418855866
2026,Class 7&8 Tractor,Battery Electric,5.681756064536331,1.0
2026,Class 7&8 Tractor,H2 Fuel Cell,0.0,0.0
2026,Class 7&8 Tractor,PHEV Diesel,0.0,0.0
2026,Class 7&8 Tractor,PHEV Gasoline,0.0,0.0
2026,Class 7&8 Vocational,Battery Electric,1.8939186881787768,0.0005792467662940498
2026,Class 7&8 Vocational,H2 Fuel Cell,0.0,0.0
2026,Class 7&8 Vocational,PHEV Diesel,1588.4381152965661,0.4858168661023836
2026,Class 7&8 Vocational,PHEV Gasoline,1679.2912049947972,0.5136038871313223
2027,Class 4-6 Vocational,Battery Electric,94.01404257359108,0.01949047678942071
2027,Class 4-6 Vocational,H2 Fuel Cell,0.0,0.0
2027,Class 4-6 Vocational,PHEV Diesel,2575.601798840187,0.5339596692673887
2027,Class 4-6 Vocational,PHEV Gasoline,2153.9728059722734,0.4465498539431905
2027,Class 7&8 Tractor,Battery Electric,5.5791178904672885,1.0
2027,Class 7&8 Tractor,H2 Fuel Cell,0.0,0.0
2027,Class 7&8 Tractor,PHEV Diesel,0.0,0.0
2027,Class 7&8 Tractor,PHEV Gasoline,0.0,0.0
2027,Class 7&8 Vocational,Battery Electric,1.859705963489096,0.0004843281115284287
2027,Class 7&8 Vocational,H2 Fuel Cell,3.1847835743066804,0.0008294215561242715
2027,Class 7&8 Vocational,PHEV Diesel,1864.5465669325636,0.48558876260470646
2027,Class 7&8 Vocational,PHEV Gasoline,1970.1735973307375,0.5130974877276409
2028,Class 4-6 Vocational,Battery Electric,92.10756750903177,0.016470092763385086
2028,Class 4-6 Vocational,H2 Fuel Cell,14.52856086273665,0.0025979053795367577
2028,Class 4-6 Vocational,PHEV Diesel,2986.998290502389,0.5341161454928555
2028,Class 4-6 Vocational,PHEV Gasoline,2498.7789835444064,0.44681585636422255
2028,Class 7&8 Tractor,Battery Electric,5.463936101760868,1.0
2028,Class 7&8 Tractor,H2 Fuel Cell,0.0,0.0
2028,Class 7&8 Tractor,PHEV Diesel,0.0,0.0
2028,Class 7&8 Tractor,PHEV Gasoline,0.0,0.0
2028,Class 7&8 Vocational,Battery Electric,1.8213120340474716,0.0004010357295513007
2028,Class 7&8 Vocational,H2 Fuel Cell,146.41597124254102,0.03223941573302329
2028,Class 7&8 Vocational,PHEV Diesel,2136.0187410348394,0.4703311778171836
2028,Class 7&8 Vocational,PHEV Gasoline,2257.2645930291983,0.49702837072024186
2029,Class 4-6 Vocational,Battery Electric,90.0040481403241,0.010367631243095287
2029,Class 4-6 Vocational,H2 Fuel Cell,2328.4524200763894,0.26821611424419073
2029,Class 4-6 Vocational,PHEV Diesel,3409.9386813327483,0.3927932969693339
2029,Class 4-6 Vocational,PHEV Gasoline,2852.8596163610905,0.3286229575433802
2029,Class 7&8 Tractor,Battery Electric,5.33703177939739,0.2750871712453333
2029,Class 7&8 Tractor,H2 Fuel Cell,14.064206581651518,0.7249128287546668
2029,Class 7&8 Tractor,PHEV Diesel,0.0,0.0
2029,Class 7&8 Tractor,PHEV Gasoline,0.0,0.0
2029,Class 7&8 Vocational,Battery Electric,1.7792509054694914,0.00027093598786018084
2029,Class 7&8 Vocational,H2 Fuel Cell,1611.2179213246884,0.24534871266902206
2029,Class 7&8 Vocational,PHEV Diesel,2408.1910627437014,0.3667080469285231
2029,Class 7&8 Vocational,PHEV Gasoline,2545.864446073781,0.38767230441459466
2030,Class 4-6 Vocational,Battery Electric,127.17918755964014,0.006483777299891111
2030,Class 4-6 Vocational,H2 Fuel Cell,12425.91354144478,0.633490885547981
2030,Class 4-6 Vocational,PHEV Diesel,3844.47185726838,0.195996686537549
2030,Class 4-6 Vocational,PHEV Gasoline,3217.4193462839207,0.16402865061457866
2030,Class 7&8 Tractor,Battery Electric,5.199301927025845,0.003783966229606123
2030,Class 7&8 Tractor,H2 Fuel Cell,1368.8356686670552,0.9962160337703939
2030,Class 7&8 Tractor,PHEV Diesel,0.0,0.0
2030,Class 7&8 Tractor,PHEV Gasoline,0.0,0.0
2030,Class 7&8 Vocational,Battery Electric,477.884818568558,0.04384187117934952
2030,Class 7&8 Vocational,H2 Fuel Cell,4906.616542199258,0.4501403727657955
2030,Class 7&8 Vocational,PHEV Diesel,2681.407966943101,0.24599639515256103
2030,Class 7&8 Vocational,PHEV Gasoline,2834.2827880319023,0.2600213609022939
2031,Class 4-6 Vocational,Battery Electric,362.33220308802925,0.01098784290085734
2031,Class 4-6 Vocational,H2 Fuel Cell,24735.06700293353,0.7500990197782205
2031,Class 4-6 Vocational,PHEV Diesel,4288.662047777499,0.13005508324745743
2031,Class 4-6 Vocational,PHEV Gasoline,3589.674416735308,0.10885805407346466
2031,Class 7&8 Tractor,Battery Electric,5.051708840065112,0.001617814863453626
2031,Class 7&8 Tractor,H2 Fuel Cell,3117.498932882307,0.9983821851365463
2031,Class 7&8 Tractor,PHEV Diesel,0.0,0.0
2031,Class 7&8 Tractor,PHEV Gasoline,0.0,0.0
2031,Class 7&8 Vocational,Battery Electric,4439.455308052851,0.23228912403487736
2031,Class 7&8 Vocational,H2 Fuel Cell,8595.409022024227,0.44974437040187454
2031,Class 7&8 Vocational,PHEV Diesel,2954.042181135112,0.15456668059553413
2031,Class 7&8 Vocational,PHEV Gasoline,3122.8591665742715,0.163399824967714
2032,Class 4-6 Vocational,Battery Electric,3343.0565352087224,0.06217648339359865
2032,Class 4-6 Vocational,H2 Fuel Cell,41715.702441228175,0.7758575581275318
2032,Class 4-6 Vocational,PHEV Diesel,4740.598119640075,0.08816893078451134
2032,Class 4-6 Vocational,PHEV Gasoline,3967.86087355341,0.07379702769435825
2032,Class 7&8 Tractor,Battery Electric,4.895268824372774,0.000938588221910132
2032,Class 7&8 Tractor,H2 Fuel Cell,5210.670737757678,0.9990614117780899
2032,Class 7&8 Tractor,PHEV Diesel,0.0,0.0
2032,Class 7&8 Tractor,PHEV Gasoline,0.0,0.0
2032,Class 7&8 Vocational,Battery Electric,16097.52412268275,0.4395650522347143
2032,Class 7&8 Vocational,H2 Fuel Cell,13892.484204968398,0.37935340234229553
2032,Class 7&8 Vocational,PHEV Diesel,3223.50438805607,0.08802222403370163
2032,Class 7&8 Vocational,PHEV Gasoline,3407.9703636326817,0.09305932138928848
2033,Class 4-6 Vocational,Battery Electric,21054.968715690615,0.2117682175387857
2033,Class 4-6 Vocational,H2 Fuel Cell,68812.02003382937,0.6921026112448099
2033,Class 4-6 Vocational,PHEV Diesel,5203.379271338933,0.052334931879929325
2033,Class 4-6 Vocational,PHEV Gasoline,4354.224396246195,0.04379423933647517
2033,Class 7&8 Tractor,Battery Electric,4.731040450909947,0.0008912459617390675
2033,Class 7&8 Tractor,H2 Fuel Cell,5303.6132932259325,0.9991087540382609
2033,Class 7&8 Tractor,PHEV Diesel,0.0,0.0
2033,Class 7&8 Tractor,PHEV Gasoline,0.0,0.0
2033,Class 7&8 Vocational,Battery Electric,30996.359701753423,0.5339383375395751
2033,Class 7&8 Vocational,H2 Fuel Cell,19871.7101342684,0.3423069023347083
2033,Class 7&8 Vocational,PHEV Diesel,3492.2318242516226,0.06015662718090825
2033,Class 7&8 Vocational,PHEV Gasoline,3692.019221172897,0.06359813294480832
2034,Class 4-6 Vocational,Battery Electric,49958.68599077609,0.292668171382071
2034,Class 4-6 Vocational,H2 Fuel Cell,110309.95832835243,0.6462182331046901
2034,Class 4-6 Vocational,PHEV Diesel,5679.11844370132,0.03326943407372909
2034,Class 4-6 Vocational,PHEV Gasoline,4753.020157483931,0.027844161439509785
2034,Class 7&8 Tractor,Battery Electric,4.560112537844814,0.0007309061564572599
2034,Class 7&8 Tractor,H2 Fuel Cell,6234.424875559555,0.9992690938435428
2034,Class 7&8 Tractor,PHEV Diesel,0.0,0.0
2034,Class 7&8 Tractor,PHEV Gasoline,0.0,0.0
2034,Class 7&8 Vocational,Battery Electric,54686.81047368318,0.5945412316234867
2034,Class 7&8 Vocational,H2 Fuel Cell,29557.58622766106,0.3213426339440244
2034,Class 7&8 Vocational,PHEV Diesel,3760.6893816759807,0.04088526789857266
2034,Class 7&8 Vocational,PHEV Gasoline,3976.44112637516,0.04323086653391627
2035,Class 4-6 Vocational,Battery Electric,80091.73237552456,0.318873920139029
2035,Class 4-6 Vocational,H2 Fuel Cell,159753.32702929172,0.6360353076923805
2035,Class 4-6 Vocational,PHEV Diesel,6165.950542962292,0.02454886119579809
2035,Class 4-6 Vocational,PHEV Gasoline,5159.522721072394,0.02054191097279245
2035,Class 7&8 Tractor,Battery Electric,4.383592052508887,0.00045688474499526346
2035,Class 7&8 Tractor,H2 Fuel Cell,9590.141286545335,0.9995431152550047
2035,Class 7&8 Tractor,PHEV Diesel,0.0,0.0
2035,Class 7&8 Tractor,PHEV Gasoline,0.0,0.0
2035,Class 7&8 Vocational,Battery Electric,99481.71719898788,0.6582398325483045
2035,Class 7&8 Vocational,H2 Fuel Cell,43366.13645006744,0.28694034641623306
2035,Class 7&8 Vocational,PHEV Diesel,4026.375482985428,0.02664128443214982
2035,Class 7&8 Vocational,PHEV Gasoline,4258.704913981883,0.028178536603312633
2036,Class 4-6 Vocational,Battery Electric,112663.60518840745,0.33051610341226406
2036,Class 4-6 Vocational,H2 Fuel Cell,215970.07946381049,0.6335816166955085
2036,Class 4-6 Vocational,PHEV Diesel,6663.04024836489,0.01954705866269623
2036,Class 4-6 Vocational,PHEV Gasoline,5575.033011552128,0.016355221229531078
2036,Class 7&8 Tractor,Battery Electric,4.202592122598844,0.0002267344143888357
2036,Class 7&8 Tractor,H2 Fuel Cell,18531.105044907108,0.9997732655856112
2036,Class 7&8 Tractor,PHEV Diesel,0.0,0.0
2036,Class 7&8 Tractor,PHEV Gasoline,0.0,0.0
2036,Class 7&8 Vocational,Battery Electric,145773.99621362728,0.6743081889718678
2036,Class 7&8 Vocational,H2 Fuel Cell,61581.893038935326,0.28485996026129307
2036,Class 7&8 Vocational,PHEV Diesel,4289.830109543182,0.019843508769039557
2036,Class 7&8 Vocational,PHEV Gasoline,4537.3236406672095,0.020988341997799562
2037,Class 4-6 Vocational,Battery Electric,176207.24413383342,0.37126857571877575
2037,Class 4-6 Vocational,H2 Fuel Cell,285220.86499807605,0.6009602206404429
2037,Class 4-6 Vocational,PHEV Diesel,7175.576429146423,0.01511893596603209
2037,Class 4-6 Vocational,PHEV Gasoline,6004.874543165961,0.012652267674749309
2037,Class 7&8 Tractor,Battery Electric,4.01822033915583,0.00011366929696886329
2037,Class 7&8 Tractor,H2 Fuel Cell,35346.075835899406,0.9998863307030312
2037,Class 7&8 Tractor,PHEV Diesel,0.0,0.0
2037,Class 7&8 Tractor,PHEV Gasoline,0.0,0.0
2037,Class 7&8 Vocational,Battery Electric,191786.6680235282,0.6745031755635714
2037,Class 7&8 Vocational,H2 Fuel Cell,83178.5330719281,0.2925343313689158
2037,Class 7&8 Vocational,PHEV Diesel,4554.629438626581,0.016018381525310568
2037,Class 7&8 Vocational,PHEV Gasoline,4817.8493638413875,0.016944111542202107
2038,Class 4-6 Vocational,Battery Electric,258263.0339363461,0.41124649466988045
2038,Class 4-6 Vocational,H2 Fuel Cell,355587.3854618088,0.5662214355308731
2038,Class 4-6 Vocational,PHEV Diesel,7703.768658377888,0.012267136369529544
2038,Class 4-6 Vocational,PHEV Gasoline,6446.384066668821,0.010264933429716948
2038,Class 7&8 Tractor,Battery Electric,3.831567523402769,6.580826902841927e-05
2038,Class 7&8 Tractor,H2 Fuel Cell,58219.36104901705,0.9999341917309715
2038,Class 7&8 Tractor,PHEV Diesel,0.0,0.0
2038,Class 7&8 Tractor,PHEV Gasoline,0.0,0.0
2038,Class 7&8 Vocational,Battery Electric,237263.36859388216,0.670387086153972
2038,Class 7&8 Vocational,H2 Fuel Cell,106741.33308785857,0.3015973838904907
2038,Class 7&8 Vocational,PHEV Diesel,4818.385162637978,0.013614335867739582
2038,Class 7&8 Vocational,PHEV Gasoline,5096.869989915684,0.014401194087797775
2039,Class 4-6 Vocational,Battery Electric,345620.2965595456,0.4405655583231866
2039,Class 4-6 Vocational,H2 Fuel Cell,423716.2438513669,0.5401152229808919
2039,Class 4-6 Vocational,PHEV Diesel,8250.853598344476,0.010517443444098313
2039,Class 4-6 Vocational,PHEV Gasoline,6904.925079399931,0.008801775251823202
2039,Class 7&8 Tractor,Battery Electric,3.6438090266031473,3.853593945359474e-05
2039,Class 7&8 Tractor,H2 Fuel Cell,94552.47907960958,0.9999614640605464
2039,Class 7&8 Tractor,PHEV Diesel,0.0,0.0
2039,Class 7&8 Tractor,PHEV Gasoline,0.0,0.0
2039,Class 7&8 Vocational,Battery Electric,282388.655930108,0.6641383709639769
2039,Class 7&8 Vocational,H2 Fuel Cell,132346.0908871208,0.31125937731357517
2039,Class 7&8 Vocational,PHEV Diesel,5083.751094029517,0.011956267006741043
2039,Class 7&8 Vocational,PHEV Gasoline,5377.01596972607,0.0126459847157069
2040,Class 4-6 Vocational,Battery Electric,436884.066313071,0.462980987222873
2040,Class 4-6 Vocational,H2 Fuel Cell,490544.7952468367,0.5198470969588382
2040,Class 4-6 Vocational,PHEV Diesel,8821.098335696995,0.009348019602354742
2040,Class 4-6 Vocational,PHEV Gasoline,7382.885447914247,0.00782389621593406
2040,Class 7&8 Tractor,Battery Electric,3.463738640316434,2.3798496791583187e-05
2040,Class 7&8 Tractor,H2 Fuel Cell,145540.96583816616,0.9999762015032085
2040,Class 7&8 Tractor,PHEV Diesel,0.0,0.0
2040,Class 7&8 Tractor,PHEV Gasoline,0.0,0.0
2040,Class 7&8 Vocational,Battery Electric,327177.5772766302,0.6576684308284744
2040,Class 7&8 Vocational,H2 Fuel Cell,159293.08079940017,0.3201992977733865
2040,Class 7&8 Vocational,PHEV Diesel,5350.421549476142,0.010755025983151846
2040,Class 7&8 Vocational,PHEV Gasoline,5659.963921741035,0.011377245414987332
2041,Class 4-6 Vocational,Battery Electric,529317.3737567385,0.47983443785104646
2041,Class 4-6 Vocational,H2 Fuel Cell,556529.1940165095,0.5045023764538924
2041,Class 4-6 Vocational,PHEV Diesel,9405.787739658255,0.008526492982033406
2041,Class 4-6 Vocational,PHEV Gasoline,7872.664290388602,0.0071366927130276005
2041,Class 7&8 Tractor,Battery Electric,3.306743575710638,1.6663545690904077e-05
2041,Class 7&8 Tractor,H2 Fuel Cell,198438.4677171652,0.9999833364543091
2041,Class 7&8 Tractor,PHEV Diesel,0.0,0.0
2041,Class 7&8 Tractor,PHEV Gasoline,0.0,0.0
2041,Class 7&8 Vocational,Battery Electric,370948.04139195895,0.6524807107021345
2041,Class 7&8 Vocational,H2 Fuel Cell,186013.96749667908,0.32719009718267206
2041,Class 7&8 Vocational,PHEV Diesel,5616.121518134752,0.009878501975078892
2041,Class 7&8 Vocational,PHEV Gasoline,5941.421677428692,0.010450690140114528
2042,Class 4-6 Vocational,Battery Electric,622603.0763596246,0.4929988251299329
2042,Class 4-6 Vocational,H2 Fuel Cell,621901.5943862962,0.4924433672437901
2042,Class 4-6 Vocational,PHEV Diesel,10008.224301857814,0.007924860974510782
2042,Class 4-6 Vocational,PHEV Gasoline,8376.679172877242,0.006632946651766121
2042,Class 7&8 Tractor,Battery Electric,3.261052102333893,1.2616353799621863e-05
2042,Class 7&8 Tractor,H2 Fuel Cell,258474.91371433716,0.9999873836462003
2042,Class 7&8 Tractor,PHEV Diesel,0.0,0.0
2042,Class 7&8 Tractor,PHEV Gasoline,0.0,0.0
2042,Class 7&8 Vocational,Battery Electric,413681.2077877261,0.647992184232652
2042,Class 7&8 Vocational,H2 Fuel Cell,212621.66980780315,0.33305158087976344
2042,Class 7&8 Vocational,PHEV Diesel,5880.611911848218,0.009211418081476939
2042,Class 7&8 Vocational,PHEV Gasoline,6221.136124958805,0.009744816806107575
2043,Class 4-6 Vocational,Battery Electric,717462.262335967,0.504127232547893
2043,Class 4-6 Vocational,H2 Fuel Cell,686183.6255867793,0.48214919494226505
2043,Class 4-6 Vocational,PHEV Diesel,10632.719865019495,0.007471115794379212
2043,Class 4-6 Vocational,PHEV Gasoline,8898.352341652988,0.006252456715462708
2043,Class 7&8 Tractor,Battery Electric,3.78431721849559,1.1668508812450581e-05
2043,Class 7&8 Tractor,H2 Fuel Cell,324315.05361840804,0.9999883314911875
2043,Class 7&8 Tractor,PHEV Diesel,0.0,0.0
2043,Class 7&8 Tractor,PHEV Gasoline,0.0,0.0
2043,Class 7&8 Vocational,Battery Electric,455431.1904290587,0.6439443697141194
2043,Class 7&8 Vocational,H2 Fuel Cell,239176.6265481065,0.3381771939857081
2043,Class 7&8 Vocational,PHEV Diesel,6144.68152860185,0.008688102960848607
2043,Class 7&8 Vocational,PHEV Gasoline,6499.885160928267,0.009190333339323814
2044,Class 4-6 Vocational,Battery Electric,812995.2725698422,0.5136209025927585
2044,Class 4-6 Vocational,H2 Fuel Cell,749163.3392854779,0.4732942041556044
2044,Class 4-6 Vocational,PHEV Diesel,11275.584467063445,0.0071235049779905
2044,Class 4-6 Vocational,PHEV Gasoline,9436.104449726312,0.005961388273646594
2044,Class 7&8 Tractor,Battery Electric,6.18393690350224,1.567020958992009e-05
2044,Class 7&8 Tractor,H2 Fuel Cell,394623.94963068306,0.9999843297904101
2044,Class 7&8 Tractor,PHEV Diesel,0.0,0.0
2044,Class 7&8 Tractor,PHEV Gasoline,0.0,0.0
2044,Class 7&8 Vocational,Battery Electric,495877.9038901725,0.6403322139625989
2044,Class 7&8 Vocational,H2 Fuel Cell,265344.7199997848,0.34264235346606536
2044,Class 7&8 Vocational,PHEV Diesel,6407.146424773908,0.008273613773011949
2044,Class 7&8 Vocational,PHEV Gasoline,6777.471859619612,0.008751818798323848
2045,Class 4-6 Vocational,Battery Electric,908096.6145360328,0.521468146191512
2045,Class 4-6 Vocational,H2 Fuel Cell,811400.8457233659,0.46594127548176156
2045,Class 4-6 Vocational,PHEV Diesel,11936.148533283516,0.006854250030981603
2045,Class 4-6 Vocational,PHEV Gasoline,9989.373930656075,0.005736328295744731
2045,Class 7&8 Tractor,Battery Electric,123.53210687223402,0.00026166438671852243
2045,Class 7&8 Tractor,H2 Fuel Cell,471977.8051114782,0.9997383356132815
2045,Class 7&8 Tractor,PHEV Diesel,0.0,0.0
2045,Class 7&8 Tractor,PHEV Gasoline,0.0,0.0
2045,Class 7&8 Vocational,Battery Electric,534889.3851138393,0.63715676801302
2045,Class 7&8 Vocational,H2 Fuel Cell,290884.1858821366,0.3464993565039909
2045,Class 7&8 Vocational,PHEV Diesel,6667.854163805178,0.007942704654137179
2045,Class 7&8 Vocational,PHEV Gasoline,7052.733839577049,0.008401170828852
2046,Class 4-6 Vocational,Battery Electric,1002935.194605706,0.5281599140027792
2046,Class 4-6 Vocational,H2 Fuel Cell,872808.7938058539,0.45963350369671685
2046,Class 4-6 Vocational,PHEV Diesel,12618.753840978492,0.006645214944414836
2046,Class 4-6 Vocational,PHEV Gasoline,10560.61034485043,0.00556136735608912
2046,Class 7&8 Tractor,Battery Electric,567.6887144589598,0.0010219632967135219
2046,Class 7&8 Tractor,H2 Fuel Cell,554920.6700989741,0.9989780367032864
2046,Class 7&8 Tractor,PHEV Diesel,0.0,0.0
2046,Class 7&8 Tractor,PHEV Gasoline,0.0,0.0
2046,Class 7&8 Vocational,Battery Electric,572465.4804511456,0.6343435321024158
2046,Class 7&8 Vocational,H2 Fuel Cell,315734.69985624833,0.34986260578763584
2046,Class 7&8 Vocational,PHEV Diesel,6926.682623775218,0.007675390868730255
2046,Class 7&8 Vocational,PHEV Gasoline,7326.542014591524,0.008118471241218115
2047,Class 4-6 Vocational,Battery Electric,1096783.4838272787,0.534025544852986
2047,Class 4-6 Vocational,H2 Fuel Cell,932561.9172988752,0.454065814573393
2047,Class 4-6 Vocational,PHEV Diesel,13314.741660184567,0.006482967946275677
2047,Class 4-6 Vocational,PHEV Gasoline,11143.264931201362,0.005425672627345206
2047,Class 7&8 Tractor,Battery Electric,1387.9222373213747,0.0021540365361827156
2047,Class 7&8 Tractor,H2 Fuel Cell,642947.5911151989,0.9978459634638173
2047,Class 7&8 Tractor,PHEV Diesel,0.0,0.0
2047,Class 7&8 Tractor,PHEV Gasoline,0.0,0.0
2047,Class 7&8 Vocational,Battery Electric,608156.3980859064,0.6318875157487129
2047,Class 7&8 Vocational,H2 Fuel Cell,339511.3484036761,0.35275955853874014
2047,Class 7&8 Vocational,PHEV Diesel,7180.535965690024,0.00746073057421527
2047,Class 7&8 Vocational,PHEV Gasoline,7595.796480694516,0.007892195138331644
2048,Class 4-6 Vocational,Battery Electric,1188889.3137366537,0.5390752086238356
2048,Class 4-6 Vocational,H2 Fuel Cell,990775.2655092645,0.4492448344708142
2048,Class 4-6 Vocational,PHEV Diesel,14023.461408813064,0.0063586242194609635
2048,Class 4-6 Vocational,PHEV Gasoline,11735.79393725332,0.0053213326858891526
2048,Class 7&8 Tractor,Battery Electric,2319.051590200053,0.00314215157729164
2048,Class 7&8 Tractor,H2 Fuel Cell,735726.6897291753,0.9968578484227084
2048,Class 7&8 Tractor,PHEV Diesel,0.0,0.0
2048,Class 7&8 Tractor,PHEV Gasoline,0.0,0.0
2048,Class 7&8 Vocational,Battery Electric,641795.2701360153,0.6297189210103242
2048,Class 7&8 Vocational,H2 Fuel Cell,362093.32381076383,0.35527999002989324
2048,Class 7&8 Vocational,PHEV Diesel,7429.345554441623,0.00728955117628763
2048,Class 7&8 Vocational,PHEV Gasoline,7859.424752525481,0.007711537783494873
2049,Class 4-6 Vocational,Battery Electric,1281026.0598533254,0.5435540511075323
2049,Class 4-6 Vocational,H2 Fuel Cell,1048613.2999541522,0.44493865120946763
2049,Class 4-6 Vocational,PHEV Diesel,14764.271448791438,0.006264649728172373
2049,Class 4-6 Vocational,PHEV Gasoline,12355.659274522526,0.005242647954827738
2049,Class 7&8 Tractor,Battery Electric,3276.447637539225,0.003917190040348891
2049,Class 7&8 Tractor,H2 Fuel Cell,833151.6050712343,0.996082809959651
2049,Class 7&8 Tractor,PHEV Diesel,0.0,0.0
2049,Class 7&8 Tractor,PHEV Gasoline,0.0,0.0
2049,Class 7&8 Vocational,Battery Electric,674041.1735842203,0.6277530873750813
2049,Class 7&8 Vocational,H2 Fuel Cell,383890.5105980377,0.35752779308785565
2049,Class 7&8 Vocational,PHEV Diesel,7680.068121882092,0.007152658715380428
2049,Class 7&8 Vocational,PHEV Gasoline,8124.38239603389,0.007566460821682704
2050,Class 4-6 Vocational,Battery Electric,1374229.7800630813,0.5476735052109601
2050,Class 4-6 Vocational,H2 Fuel Cell,1106427.9213826999,0.4409460970487224
2050,Class 4-6 Vocational,PHEV Diesel,15545.526862265284,0.006195378175123781
2050,Class 4-6 Vocational,PHEV Gasoline,13010.321348216801,0.005185019565193677
2050,Class 7&8 Tractor,Battery Electric,4497.934117810271,0.004784503476066368
2050,Class 7&8 Tractor,H2 Fuel Cell,935606.7476554168,0.9952154965239337
2050,Class 7&8 Tractor,PHEV Diesel,0.0,0.0
2050,Class 7&8 Tractor,PHEV Gasoline,0.0,0.0
2050,Class 7&8 Vocational,Battery Electric,705157.4992188495,0.6259444307261328
2050,Class 7&8 Vocational,H2 Fuel Cell,405059.85038936156,0.3595579111657329
2050,Class 7&8 Vocational,PHEV Diesel,7936.683784521705,0.007045125406535521
2050,Class 7&8 Vocational,PHEV Gasoline,8395.648343112052,0.007452532701598754
