Year,vehicle type,fuel type,Stock,VMT_millions,vehicle category,Fraction
2018,Class 4-6 Vocational,Diesel,2059238.0,37818.89186650094,Diesel Class 4-6 Vocational,0.5887427891632384
2018,Class 4-6 Vocational,Electric,101.0,2.2748445531186356,Electric Class 4-6 Vocational,2.887622591729906e-05
2018,Class 4-6 Vocational,Gasoline,1438348.0,18945.786779504564,Gasoline Class 4-6 Vocational,0.41122833461084424
2018,Class 7&8 Tractor,Diesel,2818447.0,140459.83288787008,Diesel Class 7&8 Tractor,0.9999978711725901
2018,Class 7&8 Tractor,Electric,6.0,0.12861426195261982,Electric Class 7&8 Tractor,2.1288274099301994e-06
2018,Class 7&8 Vocational,Diesel,1957950.0,33450.77402712136,Diesel Class 7&8 Vocational,0.999998978524499
2018,Class 7&8 Vocational,Electric,2.0,0.02143571032543664,Electric Class 7&8 Vocational,1.0214755009315856e-06
2019,Class 4-6 Vocational,Diesel,2106688.246616429,38416.17292370153,Diesel Class 4-6 Vocational,0.5927601803284915
2019,Class 4-6 Vocational,Electric,100.95612903225806,2.0882771176773245,Electric Class 4-6 Vocational,2.8406088725534856e-05
2019,Class 4-6 Vocational,Gasoline,1447242.1180645162,18999.632336666888,Gasoline Class 4-6 Vocational,0.40721141358278296
2019,Class 7&8 Tractor,Diesel,2901534.538297316,143264.01609463242,Diesel Class 7&8 Tractor,0.9999979321329753
2019,Class 7&8 Tractor,Electric,6.0,0.12471969426341911,Electric Class 7&8 Tractor,2.06786702470851e-06
2019,Class 7&8 Vocational,Diesel,1978331.7763517916,33527.25792665719,Diesel Class 7&8 Vocational,0.9999989890482466
2019,Class 7&8 Vocational,Electric,2.0,0.020786615710569854,Electric Class 7&8 Vocational,1.0109517533932837e-06
2020,Class 4-6 Vocational,Diesel,2135934.9953784337,35420.827061629105,Diesel Class 4-6 Vocational,0.5998022401119174
2020,Class 4-6 Vocational,Electric,100.86603288241415,1.7832203338037866,Electric Class 4-6 Vocational,2.8324678702759546e-05
2020,Class 4-6 Vocational,Gasoline,1425029.5240395425,16913.902064250113,Gasoline Class 4-6 Vocational,0.4001694352093798
2020,Class 7&8 Tractor,Diesel,2999421.5752854184,134707.0824920312,Diesel Class 7&8 Tractor,0.9999979996183107
2020,Class 7&8 Tractor,Electric,6.0,0.11140496445935318,Electric Class 7&8 Tractor,2.0003816893058516e-06
2020,Class 7&8 Vocational,Diesel,2008590.6760322535,30833.0045432942,Diesel Class 7&8 Vocational,0.9999990042779585
2020,Class 7&8 Vocational,Electric,2.0,0.018567494076558864,Electric Class 7&8 Vocational,9.957220415394387e-07
2021,Class 4-6 Vocational,Diesel,2189311.182346111,37370.461356435255,Diesel Class 4-6 Vocational,0.6077368967493777
2021,Class 4-6 Vocational,Electric,681.6373859681112,13.987576254343878,Electric Class 4-6 Vocational,0.00018921759181474246
2021,Class 4-6 Vocational,Gasoline,1412406.8273128048,17008.444027746536,Gasoline Class 4-6 Vocational,0.39207388565880763
2021,Class 7&8 Tractor,Diesel,3074634.3042627745,141856.92305530026,Diesel Class 7&8 Tractor,0.9999980535882033
2021,Class 7&8 Tractor,Electric,5.984516129032258,0.11315053187925488,Electric Class 7&8 Tractor,1.9464117968118524e-06
2021,Class 7&8 Vocational,Diesel,2029663.0124777432,31950.419872492766,Diesel Class 7&8 Vocational,0.9997497773158621
2021,Class 7&8 Vocational,Electric,507.9948387096774,4.957599199319475,Electric Class 7&8 Vocational,0.0002502226841379051
2022,Class 4-6 Vocational,Diesel,2246623.237961594,38588.74978090351,Diesel Class 4-6 Vocational,0.6150720127003213
2022,Class 4-6 Vocational,Electric,1299.1503070547174,26.05339491913177,Electric Class 4-6 Vocational,0.0003556764572974855
2022,Class 4-6 Vocational,Gasoline,1404695.8280900365,16809.310515475263,Gasoline Class 4-6 Vocational,0.3845723108423813
2022,Class 7&8 Tractor,Diesel,3150093.0690881913,145582.47879715226,Diesel Class 7&8 Tractor,0.9999981100186817
2022,Class 7&8 Tractor,Electric,5.953628303850156,0.11190822156028055,Electric Class 7&8 Tractor,1.8899813183383775e-06
2022,Class 7&8 Vocational,Diesel,2053203.6374678495,32361.864360504806,Diesel Class 7&8 Vocational,0.9994961712180472
2022,Class 7&8 Vocational,Electric,1034.9845427679502,9.923878097411572,Electric Class 7&8 Vocational,0.000503828781952772
2023,Class 4-6 Vocational,Diesel,2307234.559409638,39526.82727711851,Diesel Class 4-6 Vocational,0.621803238878606
2023,Class 4-6 Vocational,Electric,1955.407888274557,37.803634053690274,Electric Class 4-6 Vocational,0.0005269854134678908
2023,Class 4-6 Vocational,Gasoline,1401364.1359110556,16536.54969665023,Gasoline Class 4-6 Vocational,0.377669775707926
2023,Class 7&8 Tractor,Diesel,3224738.417175665,147794.52501131842,Diesel Class 7&8 Tractor,0.9999981680607506
2023,Class 7&8 Tractor,Electric,5.9075356976268,0.10895827714642403,Electric Class 7&8 Tractor,1.831939249371519e-06
2023,Class 7&8 Vocational,Diesel,2078879.256132618,32525.529676848793,Diesel Class 7&8 Vocational,0.9992400868041929
2023,Class 7&8 Vocational,Electric,1580.9691785658756,14.869054492251692,Electric Class 7&8 Vocational,0.0007599131958071454
2024,Class 4-6 Vocational,Diesel,2368656.8799771583,40380.56207046766,Diesel Class 4-6 Vocational,0.6278744305681347
2024,Class 4-6 Vocational,Electric,2637.4151857962224,49.10310168429735,Electric Class 4-6 Vocational,0.0006991158457570788
2024,Class 4-6 Vocational,Gasoline,1401206.645564747,16313.744396911155,Gasoline Class 4-6 Vocational,0.3714264535861082
2024,Class 7&8 Tractor,Diesel,3295332.7532892227,149334.39849359135,Diesel Class 7&8 Tractor,0.9999982258106392
2024,Class 7&8 Tractor,Electric,5.846554683973879,0.10485919566782467,Electric Class 7&8 Tractor,1.7741893607688199e-06
2024,Class 7&8 Vocational,Diesel,2103748.770721944,32645.432822880597,Diesel Class 7&8 Vocational,0.9989852493743137
2024,Class 7&8 Vocational,Electric,2136.948851561325,19.788675642877337,Electric Class 7&8 Vocational,0.0010147506256864265
2025,Class 4-6 Vocational,Diesel,2431091.073183064,41328.273350426796,Diesel Class 4-6 Vocational,0.6333481564043566
2025,Class 4-6 Vocational,Electric,3343.6798084983466,60.22264150197959,Electric Class 4-6 Vocational,0.0008710958901042511
2025,Class 4-6 Vocational,Gasoline,1404040.2604747298,16153.41799004572,Gasoline Class 4-6 Vocational,0.36578074770553914
2025,Class 7&8 Tractor,Diesel,3362825.24383456,150925.40325774648,Diesel Class 7&8 Tractor,0.9999982838521344
2025,Class 7&8 Tractor,Electric,5.771115268696796,0.09990995635403269,Electric Class 7&8 Tractor,1.7161478656051047e-06
2025,Class 7&8 Vocational,Diesel,2128209.640963888,32844.57183097632,Diesel Class 7&8 Vocational,0.9987335832561471
2025,Class 7&8 Vocational,Electric,2698.6178986379527,24.765800831178144,Electric Class 7&8 Vocational,0.0012664167438529096
2026,Class 4-6 Vocational,Diesel,2495403.740752832,42238.15073069611,Diesel Class 4-6 Vocational,0.6384485529921614
2026,Class 4-6 Vocational,Electric,4077.623446641889,71.0934718725719,Electric Class 4-6 Vocational,0.0010432591514710262
2026,Class 4-6 Vocational,Gasoline,1409061.8207726583,16035.304285004126,Gasoline Class 4-6 Vocational,0.36050818785636746
2026,Class 7&8 Tractor,Diesel,3427674.551459231,152009.17426624583,Diesel Class 7&8 Tractor,0.999998342390282
2026,Class 7&8 Tractor,Electric,5.681756064536331,0.09363495848130048,Electric Class 7&8 Tractor,1.657609717930609e-06
2026,Class 7&8 Vocational,Diesel,2153004.981016032,32981.12124416723,Diesel Class 7&8 Vocational,0.9984836702929546
2026,Class 7&8 Vocational,Electric,3269.623238979542,29.759663436093245,Electric Class 7&8 Vocational,0.0015163297070454485
2027,Class 4-6 Vocational,Diesel,2556977.858285478,43082.92487178646,Diesel Class 4-6 Vocational,0.6430049084357001
2027,Class 4-6 Vocational,Electric,4823.588647386051,81.59555370861607,Electric Class 4-6 Vocational,0.0012129910184766521
2027,Class 4-6 Vocational,Gasoline,1414805.6127334202,15951.633839679707,Gasoline Class 4-6 Vocational,0.35578210054582315
2027,Class 7&8 Tractor,Diesel,3483277.3350974233,152444.21168704145,Diesel Class 7&8 Tractor,0.9999983983161782
2027,Class 7&8 Tractor,Electric,5.5791178904672885,0.08625453643543057,Electric Class 7&8 Tractor,1.601683821804669e-06
2027,Class 7&8 Vocational,Diesel,2175624.2143455353,33041.167573978215,Diesel Class 7&8 Vocational,0.9982382068752685
2027,Class 7&8 Vocational,Electric,3839.7646538010968,34.67698284780744,Electric Class 7&8 Vocational,0.0017617931247315495
2028,Class 4-6 Vocational,Diesel,2615308.2263708953,44041.39337716246,Diesel Class 4-6 Vocational,0.6472462618800322
2028,Class 4-6 Vocational,Electric,5592.413402418563,92.44140217731882,Electric Class 4-6 Vocational,0.0013840313860924922
2028,Class 4-6 Vocational,Gasoline,1419768.8555966655,15979.887440661241,Gasoline Class 4-6 Vocational,0.3513697067338753
2028,Class 7&8 Tractor,Diesel,3528095.3387969434,152919.2605159905,Diesel Class 7&8 Tractor,0.9999984513095268
2028,Class 7&8 Tractor,Electric,5.463936101760868,0.07834351094254272,Electric Class 7&8 Tractor,1.5486904732223713e-06
2028,Class 7&8 Vocational,Diesel,2194776.655605355,33158.459961974346,Diesel Class 7&8 Vocational,0.9979350324721361
2028,Class 7&8 Vocational,Electric,4541.520617340627,40.89274211988934,Electric Class 7&8 Vocational,0.0020649675278638572
2029,Class 4-6 Vocational,Diesel,2667940.665098532,44992.23364470037,Diesel Class 4-6 Vocational,0.6505294360322974
2029,Class 4-6 Vocational,Electric,8681.254765910551,149.44754998954448,Electric Class 4-6 Vocational,0.00211676812786686
2029,Class 4-6 Vocational,Gasoline,1424561.696623089,16083.222562045561,Gasoline Class 4-6 Vocational,0.34735379583983567
2029,Class 7&8 Tractor,Diesel,3563641.1612136024,153346.3082925261,Diesel Class 7&8 Tractor,0.9999945558119184
2029,Class 7&8 Tractor,Electric,19.401238361048907,0.33133717043233407,Electric Class 7&8 Tractor,5.444188081622442e-06
2029,Class 7&8 Vocational,Diesel,2209339.7006703475,33272.66050396215,Diesel Class 7&8 Vocational,0.9970364038689284
2029,Class 7&8 Vocational,Electric,6567.05268104764,59.37350193141447,Electric Class 7&8 Vocational,0.0029635961310716073
2030,Class 4-6 Vocational,Diesel,2712477.5751463766,45738.20002313416,Diesel Class 4-6 Vocational,0.6515976452374007
2030,Class 4-6 Vocational,Electric,19614.98393255672,361.6572915184419,Electric Class 4-6 Vocational,0.004711956868853999
2030,Class 4-6 Vocational,Gasoline,1430718.0265212073,16225.039122184133,Gasoline Class 4-6 Vocational,0.34369039789374534
2030,Class 7&8 Tractor,Diesel,3592174.944262367,153548.65310342627,Diesel Class 7&8 Tractor,0.999617638446412
2030,Class 7&8 Tractor,Electric,1374.034970594081,25.57363660385175,Electric Class 7&8 Tractor,0.0003823615535879984
2030,Class 7&8 Vocational,Diesel,2220424.7450887416,33322.393289173175,Diesel Class 7&8 Vocational,0.9951149239028364
2030,Class 7&8 Vocational,Electric,10900.192115742819,99.03844600183915,Electric Class 7&8 Vocational,0.004885076097163654
2031,Class 4-6 Vocational,Diesel,2751869.758669116,46419.35076293623,Diesel Class 4-6 Vocational,0.6520330052026099
2031,Class 4-6 Vocational,Electric,32975.73567053436,614.2424198196045,Electric Class 4-6 Vocational,0.00781333054018663
2031,Class 4-6 Vocational,Gasoline,1435599.9995414643,16387.544467376316,Gasoline Class 4-6 Vocational,0.34015366425720356
2031,Class 7&8 Tractor,Diesel,3615764.6436618967,153693.3808666923,Diesel Class 7&8 Tractor,0.9991371517060168
2031,Class 7&8 Tractor,Electric,3122.5506417223723,57.836711358544,Electric Class 7&8 Tractor,0.0008628482939831572
2031,Class 7&8 Vocational,Diesel,2225770.7545466614,33293.5357932069,Diesel Class 7&8 Vocational,0.9914865185569374
2031,Class 7&8 Vocational,Electric,19111.76567778646,174.69281190718613,Electric Class 7&8 Vocational,0.00851348144306261
2032,Class 4-6 Vocational,Diesel,2782321.8921677284,46940.38322031505,Diesel Class 4-6 Vocational,0.6503995038481732
2032,Class 4-6 Vocational,Electric,53767.21796963038,1010.8477663675077,Electric Class 4-6 Vocational,0.01256870097927406
2032,Class 4-6 Vocational,Gasoline,1441776.8410292077,16616.742995078297,Gasoline Class 4-6 Vocational,0.3370317951725527
2032,Class 7&8 Tractor,Diesel,3632081.1524354476,153864.78687566018,Diesel Class 7&8 Tractor,0.9985660872867099
2032,Class 7&8 Tractor,Electric,5215.56600658205,96.75119570547675,Electric Class 7&8 Tractor,0.0014339127132900072
2032,Class 7&8 Vocational,Diesel,2218992.3706434304,33064.43791579759,Diesel Class 7&8 Vocational,0.9837642941326602
2032,Class 7&8 Vocational,Electric,36621.4830793399,338.1554762488264,Electric Class 7&8 Vocational,0.01623570586733988
2033,Class 4-6 Vocational,Diesel,2782644.591359258,46825.575911856744,Diesel Class 4-6 Vocational,0.6429246804718515
2033,Class 4-6 Vocational,Electric,99424.59241710512,1916.8969763794198,Electric Class 4-6 Vocational,0.02297186083673973
2033,Class 4-6 Vocational,Gasoline,1446034.3653314987,16936.47734727794,Gasoline Class 4-6 Vocational,0.3341034586914089
2033,Class 7&8 Tractor,Diesel,3642598.9401490088,154086.5464787632,Diesel Class 7&8 Tractor,0.9985448247667211
2033,Class 7&8 Tractor,Electric,5308.344333676842,98.05162753414866,Electric Class 7&8 Tractor,0.0014551752332788868
2033,Class 7&8 Vocational,Diesel,2205555.8815316968,32693.35625373153,Diesel Class 7&8 Vocational,0.9743540773444984
2033,Class 7&8 Vocational,Electric,58052.32088144634,539.0651288236677,Electric Class 7&8 Vocational,0.02564592265550154
2034,Class 4-6 Vocational,Diesel,2753898.130435018,46078.030279591796,Diesel Class 4-6 Vocational,0.6294483753007943
2034,Class 4-6 Vocational,Electric,170700.78292031377,3354.6672574751897,Electric Class 4-6 Vocational,0.03901645063929515
2034,Class 4-6 Vocational,Gasoline,1450498.7729624915,17359.662365371423,Gasoline Class 4-6 Vocational,0.33153517405991056
2034,Class 7&8 Tractor,Diesel,3644490.936713008,154408.8225329271,Diesel Class 7&8 Tractor,0.9982910308015361
2034,Class 7&8 Tractor,Electric,6238.9849880974,116.56707896108433,Electric Class 7&8 Tractor,0.0017089691984638136
2034,Class 7&8 Vocational,Diesel,2176535.7085113944,32044.299378682976,Diesel Class 7&8 Vocational,0.9594530181384451
2034,Class 7&8 Vocational,Electric,91981.52720939538,862.6465798684202,Electric Class 7&8 Vocational,0.04054698186155483
2035,Class 4-6 Vocational,Diesel,2715177.238162236,45153.31304951201,Diesel Class 4-6 Vocational,0.6137577599653922
2035,Class 4-6 Vocational,Electric,251170.53266885094,4974.3214489553575,Electric Class 4-6 Vocational,0.056776353798726545
2035,Class 4-6 Vocational,Gasoline,1457510.3296601172,17825.00654790209,Gasoline Class 4-6 Vocational,0.3294658862358814
2035,Class 7&8 Tractor,Diesel,3642069.8466502097,154988.74288241664,Diesel Class 7&8 Tractor,0.9973725611385854
2035,Class 7&8 Tractor,Electric,9594.524878597844,183.13581409320383,Electric Class 7&8 Tractor,0.0026274388614145818
2035,Class 7&8 Vocational,Diesel,2121075.623895068,30846.358786043933,Diesel Class 7&8 Vocational,0.9334863283047538
2035,Class 7&8 Vocational,Electric,151132.93404602265,1438.9202868557777,Electric Class 7&8 Vocational,0.06651367169524626
2036,Class 4-6 Vocational,Diesel,2667786.562214481,44051.95523687315,Diesel Class 4-6 Vocational,0.5962218612627717
2036,Class 4-6 Vocational,Electric,340871.757912135,6785.156847933248,Electric Class 4-6 Vocational,0.07618120461090568
2036,Class 4-6 Vocational,Gasoline,1465828.0003921026,18319.21340465372,Gasoline Class 4-6 Vocational,0.3275969341263227
2036,Class 7&8 Tractor,Diesel,3635097.143945249,155523.16813783313,Diesel Class 7&8 Tractor,0.9949268822513871
2036,Class 7&8 Tractor,Electric,18535.307637029706,361.4136963594364,Electric Class 7&8 Tractor,0.005073117748612787
2036,Class 7&8 Vocational,Diesel,2059050.5093660653,29484.813987236408,Diesel Class 7&8 Vocational,0.9049842409462993
2036,Class 7&8 Vocational,Electric,216183.043002773,2087.460889727237,Electric Class 7&8 Vocational,0.09501575905370067
2037,Class 4-6 Vocational,Diesel,2577475.283930538,41798.01876993601,Diesel Class 4-6 Vocational,0.569227344739801
2037,Class 4-6 Vocational,Electric,474608.56010422186,9647.911122810525,Electric Class 4-6 Vocational,0.1048158141974203
2037,Class 4-6 Vocational,Gasoline,1475940.5169676547,19032.920597048265,Gasoline Class 4-6 Vocational,0.32595684106277883
2037,Class 7&8 Tractor,Diesel,3619559.646494154,156046.80122571922,Diesel Class 7&8 Tractor,0.9903280527931957
2037,Class 7&8 Tractor,Electric,35350.09405623856,702.8510760841856,Electric Class 7&8 Tractor,0.009671947206804398
2037,Class 7&8 Vocational,Diesel,1993222.0453619927,28093.028562944237,Diesel Class 7&8 Vocational,0.8751568721801685
2037,Class 7&8 Vocational,Electric,284337.6798979243,2793.361225692289,Electric Class 7&8 Vocational,0.12484312781983159
2038,Class 4-6 Vocational,Diesel,2466566.273250542,38972.11395233041,Diesel Class 4-6 Vocational,0.5383769148180113
2038,Class 4-6 Vocational,Electric,628000.5721232017,12999.409204774649,Electric Class 4-6 Vocational,0.13707355613764716
2038,Class 4-6 Vocational,Gasoline,1486919.1087265003,19777.24828909601,Gasoline Class 4-6 Vocational,0.32454952904434164
2038,Class 7&8 Tractor,Diesel,3596640.143723305,156366.65160514886,Diesel Class 7&8 Tractor,0.9840696662888501
2038,Class 7&8 Tractor,Electric,58223.19261654045,1179.3001393956745,Electric Class 7&8 Tractor,0.015930333711149904
2038,Class 7&8 Vocational,Diesel,1924136.149535415,26704.622317714617,Diesel Class 7&8 Vocational,0.8446394907286553
2038,Class 7&8 Vocational,Electric,353919.95683429437,3544.999476951997,Electric Class 7&8 Vocational,0.15536050927134457
2039,Class 4-6 Vocational,Diesel,2351071.595220891,36129.672796403276,Diesel Class 4-6 Vocational,0.5071643673605414
2039,Class 4-6 Vocational,Electric,784492.3190886569,16414.532588488542,Electric Class 4-6 Vocational,0.1692277476868678
2039,Class 4-6 Vocational,Gasoline,1500155.2854770618,20579.3249599682,Gasoline Class 4-6 Vocational,0.3236078849525909
2039,Class 7&8 Tractor,Diesel,3555500.0863383394,156248.77550957832,Diesel Class 7&8 Tractor,0.9740946118447141
2039,Class 7&8 Tractor,Electric,94556.12288863618,1962.944429363572,Electric Class 7&8 Tractor,0.02590538815528588
2039,Class 7&8 Vocational,Diesel,1850405.1456078445,25388.62975888658,Diesel Class 7&8 Vocational,0.8131502062508206
2039,Class 7&8 Vocational,Electric,425195.5138809844,4359.454739264374,Electric Class 7&8 Vocational,0.18684979374917945
2040,Class 4-6 Vocational,Diesel,2231876.4135802398,33294.46665450908,Diesel Class 4-6 Vocational,0.4759780311633675
2040,Class 4-6 Vocational,Electric,943632.8453435189,19855.29190184268,Electric Class 4-6 Vocational,0.20124255139521727
2040,Class 4-6 Vocational,Gasoline,1513523.1489904714,21363.422794598755,Gasoline Class 4-6 Vocational,0.32277941744141514
2040,Class 7&8 Tractor,Diesel,3496572.1530256,155609.63471134324,Diesel Class 7&8 Tractor,0.96003850336037
2040,Class 7&8 Tractor,Electric,145544.4295768065,3111.235511642328,Electric Class 7&8 Tractor,0.03996149663962992
2040,Class 7&8 Vocational,Diesel,1773428.6299507874,24161.48053923403,Diesel Class 7&8 Vocational,0.7809331435094272
2040,Class 7&8 Vocational,Electric,497481.04354724754,5242.2456425850405,Electric Class 7&8 Vocational,0.21906685649057278
2041,Class 4-6 Vocational,Diesel,2110076.1995351324,30556.795216812687,Diesel Class 4-6 Vocational,0.4450106863790712
2041,Class 4-6 Vocational,Electric,1103125.019803295,23277.775831537278,Electric Class 4-6 Vocational,0.23264677471493245
2041,Class 4-6 Vocational,Gasoline,1528429.1821789797,22159.05511150583,Gasoline Class 4-6 Vocational,0.32234253890599635
2041,Class 7&8 Tractor,Diesel,3427782.3868117896,154866.62991722848,Diesel Class 7&8 Tractor,0.945275921830739
2041,Class 7&8 Tractor,Electric,198441.77446074088,4363.473048545165,Electric Class 7&8 Tractor,0.054724078169261
2041,Class 7&8 Vocational,Diesel,1693745.447132823,22999.36138265532,Diesel Class 7&8 Vocational,0.7486945374299795
2041,Class 7&8 Vocational,Electric,568519.5520842015,6153.136117139141,Electric Class 7&8 Vocational,0.2513054625700205
2042,Class 4-6 Vocational,Diesel,1988967.8039064342,27928.61656386715,Diesel Class 4-6 Vocational,0.4146158090938195
2042,Class 4-6 Vocational,Electric,1262889.5742206557,26650.29485987376,Electric Class 4-6 Vocational,0.26325915461438937
2042,Class 4-6 Vocational,Gasoline,1545277.1263518976,22951.43539282879,Gasoline Class 4-6 Vocational,0.3221250362917912
2042,Class 7&8 Tractor,Diesel,3356748.0827907603,153832.23294758858,Diesel Class 7&8 Tractor,0.9285029051152409
2042,Class 7&8 Tractor,Electric,258478.1747664395,5866.398601270847,Electric Class 7&8 Tractor,0.07149709488475905
2042,Class 7&8 Vocational,Diesel,1616242.9661427892,21920.975052612353,Diesel Class 7&8 Vocational,0.7168494854977719
2042,Class 7&8 Vocational,Electric,638404.6256323362,7101.7537630843935,Electric Class 7&8 Vocational,0.28315051450222806
2043,Class 4-6 Vocational,Diesel,1873826.147847016,25447.704605714272,Diesel Class 4-6 Vocational,0.38535330946298624
2043,Class 4-6 Vocational,Electric,1423176.9601294189,29938.16131903016,Electric Class 4-6 Vocational,0.2926770726128851
2043,Class 4-6 Vocational,Gasoline,1565615.4341046207,23737.203127188786,Gasoline Class 4-6 Vocational,0.32196961792412854
2043,Class 7&8 Tractor,Diesel,3281856.8937800266,152393.31604613902,Diesel Class 7&8 Tractor,0.9100657144677388
2043,Class 7&8 Tractor,Electric,324318.83793562657,7602.450020903139,Electric Class 7&8 Tractor,0.08993428553226121
2043,Class 7&8 Vocational,Diesel,1540391.0422538442,20882.75259491956,Diesel Class 7&8 Vocational,0.6853360388438684
2043,Class 7&8 Vocational,Electric,707252.3836666953,8074.122489978234,Electric Class 7&8 Vocational,0.31466396115613166
2044,Class 4-6 Vocational,Diesel,1764248.0615278566,23138.10076767065,Diesel Class 4-6 Vocational,0.3574607949131395
2044,Class 4-6 Vocational,Electric,1582870.3007721098,33106.06509558125,Electric Class 4-6 Vocational,0.3207111790551709
2044,Class 4-6 Vocational,Gasoline,1588382.4999877615,24508.219108823218,Gasoline Class 4-6 Vocational,0.3218280260316896
2044,Class 7&8 Tractor,Diesel,3204405.103996547,150594.75697270298,Diesel Class 7&8 Tractor,0.8903511337014093
2044,Class 7&8 Tractor,Electric,394630.13356758654,9553.675182425584,Electric Class 7&8 Tractor,0.10964886629859077
2044,Class 7&8 Vocational,Diesel,1466461.966632366,19864.774685631528,Diesel Class 7&8 Vocational,0.6544165812395942
2044,Class 7&8 Vocational,Electric,774407.2421743508,9054.042931707703,Electric Class 7&8 Vocational,0.34558341876040577
2045,Class 4-6 Vocational,Diesel,1657484.9403160792,20989.809009221903,Diesel Class 4-6 Vocational,0.33082278075239896
2045,Class 4-6 Vocational,Electric,1741422.9827233383,36138.5117669574,Electric Class 4-6 Vocational,0.3475762461532893
2045,Class 4-6 Vocational,Gasoline,1611281.9331319665,25246.317219794855,Gasoline Class 4-6 Vocational,0.3216009730943116
2045,Class 7&8 Tractor,Diesel,3119771.4023915855,148254.65968545954,Diesel Class 7&8 Tractor,0.8685640134150134
2045,Class 7&8 Tractor,Electric,472101.33721835044,11821.547758456807,Electric Class 7&8 Tractor,0.13143598658498656
2045,Class 7&8 Vocational,Diesel,1393185.5941164375,18892.703819590137,Diesel Class 7&8 Vocational,0.6239970565291284
2045,Class 7&8 Vocational,Electric,839494.1589993581,10046.725651242974,Electric Class 7&8 Vocational,0.3760029434708716
2046,Class 4-6 Vocational,Diesel,1551733.7533038128,19015.75518428159,Diesel Class 4-6 Vocational,0.3051730303561171
2046,Class 4-6 Vocational,Electric,1898923.352597389,39088.41296903101,Electric Class 4-6 Vocational,0.3734533663989216
2046,Class 4-6 Vocational,Gasoline,1634109.891670767,25985.141306501566,Gasoline Class 4-6 Vocational,0.32137360324496134
2046,Class 7&8 Tractor,Diesel,3025180.1414324613,145555.94241219494,Diesel Class 7&8 Tractor,0.8448646226883929
2046,Class 7&8 Tractor,Electric,555488.3588134331,14407.003482624606,Electric Class 7&8 Tractor,0.1551353773116071
2046,Class 7&8 Vocational,Diesel,1319406.6859469076,17969.77582961786,Diesel Class 7&8 Vocational,0.5938297786413791
2046,Class 7&8 Vocational,Electric,902453.4049457606,11054.835545086271,Electric Class 7&8 Vocational,0.4061702213586209
2047,Class 4-6 Vocational,Diesel,1449533.6304712729,17197.507649655512,Diesel Class 4-6 Vocational,0.28092914097480326
2047,Class 4-6 Vocational,Electric,2053803.4077175397,41839.899488090035,Electric Class 4-6 Vocational,0.3980405938381894
2047,Class 4-6 Vocational,Gasoline,1656446.7615319956,26653.536846215018,Gasoline Class 4-6 Vocational,0.3210302651870074
2047,Class 7&8 Tractor,Diesel,2921292.46347022,142056.96921945782,Diesel Class 7&8 Tractor,0.819292557288415
2047,Class 7&8 Tractor,Electric,644335.5133525203,17300.377370240116,Electric Class 7&8 Tractor,0.18070744271158506
2047,Class 7&8 Vocational,Diesel,1244910.989178396,17065.445324805587,Diesel Class 7&8 Vocational,0.5639831158844161
2047,Class 7&8 Vocational,Electric,962444.0789359671,12048.31605902048,Electric Class 7&8 Vocational,0.43601688411558387
2048,Class 4-6 Vocational,Diesel,1350852.00079154,15542.861410294054,Diesel Class 4-6 Vocational,0.2580820554654055
2048,Class 4-6 Vocational,Electric,2205423.8345919847,44395.678935434764,Electric Class 4-6 Vocational,0.4213491308229038
2048,Class 4-6 Vocational,Gasoline,1677919.9259432997,27251.675367584347,Gasoline Class 4-6 Vocational,0.32056881371169066
2048,Class 7&8 Tractor,Diesel,2809465.47685476,137785.0916225004,Diesel Class 7&8 Tractor,0.7919539373016447
2048,Class 7&8 Tractor,Electric,738045.7413193753,20519.298748617857,Electric Class 7&8 Tractor,0.2080460626983554
2048,Class 7&8 Vocational,Diesel,1169923.4750768987,16178.498124914739,Diesel Class 7&8 Vocational,0.5344310568327327
2048,Class 7&8 Vocational,Electric,1019177.3642537461,13031.456984599417,Electric Class 7&8 Vocational,0.4655689431672673
2049,Class 4-6 Vocational,Diesel,1254594.8284791908,14080.343852228616,Diesel Class 4-6 Vocational,0.23621534017499385
2049,Class 4-6 Vocational,Electric,2356759.2905307915,46992.03225192601,Electric Class 4-6 Vocational,0.44373106351644886
2049,Class 4-6 Vocational,Gasoline,1699879.383224706,27908.577066116974,Gasoline Class 4-6 Vocational,0.32005359630855734
2049,Class 7&8 Tractor,Diesel,2690587.658913171,133371.674935648,Diesel Class 7&8 Tractor,0.7628510556523348
2049,Class 7&8 Tractor,Electric,836428.0527087735,24146.846723221068,Electric Class 7&8 Tractor,0.23714894434766529
2049,Class 7&8 Vocational,Diesel,1093939.1201354468,15348.037151427807,Diesel Class 7&8 Vocational,0.504660058140675
2049,Class 7&8 Vocational,Electric,1073736.134700174,14060.631901500485,Electric Class 7&8 Vocational,0.4953399418593251
2050,Class 4-6 Vocational,Diesel,1160866.8535077644,12775.159472710639,Diesel Class 4-6 Vocational,0.21531545687918227
2050,Class 4-6 Vocational,Electric,2509213.549656263,49660.88820299342,Electric Class 4-6 Vocational,0.46540433144347626
2050,Class 4-6 Vocational,Gasoline,1721389.7231964297,28599.957884928015,Gasoline Class 4-6 Vocational,0.31928021167734144
2050,Class 7&8 Tractor,Diesel,2564796.7051015785,128726.23185876722,Diesel Class 7&8 Tractor,0.7317742846364403
2050,Class 7&8 Tractor,Electric,940104.6817732272,28228.049136872018,Electric Class 7&8 Tractor,0.26822571536355966
2050,Class 7&8 Vocational,Diesel,1017219.2577349916,14563.47755368735,Diesel Class 7&8 Vocational,0.47450041793500375
2050,Class 7&8 Vocational,Electric,1126549.6817358448,15139.637630495019,Electric Class 7&8 Vocational,0.5254995820649963
