Year,vehicle type,Powertrain,Stock,EV_fraction
2018,Class 4-6 Vocational,Battery Electric,101.0,1.0
2018,Class 4-6 Vocational,H2 Fuel Cell,0.0,0.0
2018,Class 4-6 Vocational,PHEV Diesel,0.0,0.0
2018,Class 4-6 Vocational,PHEV Gasoline,0.0,0.0
2018,Class 7&8 Tractor,Battery Electric,6.0,1.0
2018,Class 7&8 Tractor,H2 Fuel Cell,0.0,0.0
2018,Class 7&8 Tractor,PHEV Diesel,0.0,0.0
2018,Class 7&8 Tractor,PHEV Gasoline,0.0,0.0
2018,Class 7&8 Vocational,Battery Electric,2.0,1.0
2018,Class 7&8 Vocational,H2 Fuel Cell,0.0,0.0
2018,Class 7&8 Vocational,PHEV Diesel,0.0,0.0
2018,Class 7&8 Vocational,PHEV Gasoline,0.0,0.0
2019,Class 4-6 Vocational,Battery Electric,100.95612903225806,1.0
2019,Class 4-6 Vocational,H2 Fuel Cell,0.0,0.0
2019,Class 4-6 Vocational,PHEV Diesel,0.0,0.0
2019,Class 4-6 Vocational,PHEV Gasoline,0.0,0.0
2019,Class 7&8 Tractor,Battery Electric,6.0,1.0
2019,Class 7&8 Tractor,H2 Fuel Cell,0.0,0.0
2019,Class 7&8 Tractor,PHEV Diesel,0.0,0.0
2019,Class 7&8 Tractor,PHEV Gasoline,0.0,0.0
2019,Class 7&8 Vocational,Battery Electric,2.0,1.0
2019,Class 7&8 Vocational,H2 Fuel Cell,0.0,0.0
2019,Class 7&8 Vocational,PHEV Diesel,0.0,0.0
2019,Class 7&8 Vocational,PHEV Gasoline,0.0,0.0
2020,Class 4-6 Vocational,Battery Electric,100.86603288241415,1.0
2020,Class 4-6 Vocational,H2 Fuel Cell,0.0,0.0
2020,Class 4-6 Vocational,PHEV Diesel,0.0,0.0
2020,Class 4-6 Vocational,PHEV Gasoline,0.0,0.0
2020,Class 7&8 Tractor,Battery Electric,6.0,1.0
2020,Class 7&8 Tractor,H2 Fuel Cell,0.0,0.0
2020,Class 7&8 Tractor,PHEV Diesel,0.0,0.0
2020,Class 7&8 Tractor,PHEV Gasoline,0.0,0.0
2020,Class 7&8 Vocational,Battery Electric,2.0,1.0
2020,Class 7&8 Vocational,H2 Fuel Cell,0.0,0.0
2020,Class 7&8 Vocational,PHEV Diesel,0.0,0.0
2020,Class 7&8 Vocational,PHEV Gasoline,0.0,0.0
2021,Class 4-6 Vocational,Battery Electric,100.63738596811118,0.14764064888427242
2021,Class 4-6 Vocational,H2 Fuel Cell,0.0,0.0
2021,Class 4-6 Vocational,PHEV Diesel,316.0,0.46358959544332173
2021,Class 4-6 Vocational,PHEV Gasoline,265.0,0.38876975567240585
2021,Class 7&8 Tractor,Battery Electric,5.984516129032258,1.0
2021,Class 7&8 Tractor,H2 Fuel Cell,0.0,0.0
2021,Class 7&8 Tractor,PHEV Diesel,0.0,0.0
2021,Class 7&8 Tractor,PHEV Gasoline,0.0,0.0
2021,Class 7&8 Vocational,Battery Electric,1.9948387096774194,0.003926887750955052
2021,Class 7&8 Vocational,H2 Fuel Cell,0.0,0.0
2021,Class 7&8 Vocational,PHEV Diesel,246.00000000000003,0.484256888563765
2021,Class 7&8 Vocational,PHEV Gasoline,260.0,0.51181622368528
2022,Class 4-6 Vocational,Battery Electric,100.15030705471742,0.07708908392729903
2022,Class 4-6 Vocational,H2 Fuel Cell,0.0,0.0
2022,Class 4-6 Vocational,PHEV Diesel,653.0,0.5026362203465169
2022,Class 4-6 Vocational,PHEV Gasoline,546.0,0.4202746957261841
2022,Class 7&8 Tractor,Battery Electric,5.953628303850156,1.0
2022,Class 7&8 Tractor,H2 Fuel Cell,0.0,0.0
2022,Class 7&8 Tractor,PHEV Diesel,0.0,0.0
2022,Class 7&8 Tractor,PHEV Gasoline,0.0,0.0
2022,Class 7&8 Vocational,Battery Electric,1.984542767950052,0.0019174612624094024
2022,Class 7&8 Vocational,H2 Fuel Cell,0.0,0.0
2022,Class 7&8 Vocational,PHEV Diesel,502.0,0.4850313983022947
2022,Class 7&8 Vocational,PHEV Gasoline,531.0,0.5130511404352958
2023,Class 4-6 Vocational,Battery Electric,99.40788827455694,0.050837418050038656
2023,Class 4-6 Vocational,H2 Fuel Cell,0.0,0.0
2023,Class 4-6 Vocational,PHEV Diesel,1011.0,0.5170276779910619
2023,Class 4-6 Vocational,PHEV Gasoline,845.0,0.4321349039588994
2023,Class 7&8 Tractor,Battery Electric,5.9075356976268,1.0
2023,Class 7&8 Tractor,H2 Fuel Cell,0.0,0.0
2023,Class 7&8 Tractor,PHEV Diesel,0.0,0.0
2023,Class 7&8 Tractor,PHEV Gasoline,0.0,0.0
2023,Class 7&8 Vocational,Battery Electric,1.9691785658756,0.0012455515215431814
2023,Class 7&8 Vocational,H2 Fuel Cell,0.0,0.0
2023,Class 7&8 Vocational,PHEV Diesel,767.0,0.48514544774096036
2023,Class 7&8 Vocational,PHEV Gasoline,812.0,0.5136090007374965
2024,Class 4-6 Vocational,Battery Electric,98.41518579622229,0.03731501446045979
2024,Class 4-6 Vocational,H2 Fuel Cell,0.0,0.0
2024,Class 4-6 Vocational,PHEV Diesel,1383.0,0.5243770519894384
2024,Class 4-6 Vocational,PHEV Gasoline,1156.0,0.4383079335501018
2024,Class 7&8 Tractor,Battery Electric,5.846554683973879,1.0
2024,Class 7&8 Tractor,H2 Fuel Cell,0.0,0.0
2024,Class 7&8 Tractor,PHEV Diesel,0.0,0.0
2024,Class 7&8 Tractor,PHEV Gasoline,0.0,0.0
2024,Class 7&8 Vocational,Battery Electric,1.9488515613246262,0.0009119785716446753
2024,Class 7&8 Vocational,H2 Fuel Cell,0.0,0.0
2024,Class 7&8 Vocational,PHEV Diesel,1037.0,0.48527132469377254
2024,Class 7&8 Vocational,PHEV Gasoline,1098.0,0.5138166967345827
2025,Class 4-6 Vocational,Battery Electric,97.17916333705621,0.02906353745058489
2025,Class 4-6 Vocational,H2 Fuel Cell,0.0,0.0
2025,Class 4-6 Vocational,PHEV Diesel,1768.1845161290323,0.5288139467286874
2025,Class 4-6 Vocational,PHEV Gasoline,1478.316129032258,0.4421225158207277
2025,Class 7&8 Tractor,Battery Electric,5.771115268696796,1.0
2025,Class 7&8 Tractor,H2 Fuel Cell,0.0,0.0
2025,Class 7&8 Tractor,PHEV Diesel,0.0,0.0
2025,Class 7&8 Tractor,PHEV Gasoline,0.0,0.0
2025,Class 7&8 Vocational,Battery Electric,1.923705089565599,0.000712848265972197
2025,Class 7&8 Vocational,H2 Fuel Cell,0.0,0.0
2025,Class 7&8 Vocational,PHEV Diesel,1310.3651612903227,0.48556898772208196
2025,Class 7&8 Vocational,PHEV Gasoline,1386.3290322580644,0.5137181640119458
2026,Class 4-6 Vocational,Battery Electric,1000.7153077228813,0.20084077665450276
2026,Class 4-6 Vocational,H2 Fuel Cell,0.0,0.0
2026,Class 4-6 Vocational,PHEV Diesel,2168.6880799167534,0.435249660848057
2026,Class 4-6 Vocational,PHEV Gasoline,1813.2267554630594,0.3639095624974402
2026,Class 7&8 Tractor,Battery Electric,22.77226500700808,0.9922442361060959
2026,Class 7&8 Tractor,H2 Fuel Cell,0.17799681197128728,0.007755763893904155
2026,Class 7&8 Tractor,PHEV Diesel,0.0,0.0
2026,Class 7&8 Tractor,PHEV Gasoline,0.0,0.0
2026,Class 7&8 Vocational,Battery Electric,991.1382193893207,0.23272342005349927
2026,Class 7&8 Vocational,H2 Fuel Cell,0.0,0.0
2026,Class 7&8 Vocational,PHEV Diesel,1588.4381152965661,0.37297194629717506
2026,Class 7&8 Vocational,PHEV Gasoline,1679.2912049947972,0.3943046336493257
2027,Class 4-6 Vocational,Battery Electric,4945.961099107486,0.5111821454086185
2027,Class 4-6 Vocational,H2 Fuel Cell,0.0,0.0
2027,Class 4-6 Vocational,PHEV Diesel,2575.601798840187,0.2661973329080588
2027,Class 4-6 Vocational,PHEV Gasoline,2153.9728059722734,0.2226205216833227
2027,Class 7&8 Tractor,Battery Electric,167.9529769908168,0.9955127300226576
2027,Class 7&8 Tractor,H2 Fuel Cell,0.7570474274487713,0.004487269977342311
2027,Class 7&8 Tractor,PHEV Diesel,0.0,0.0
2027,Class 7&8 Tractor,PHEV Gasoline,0.0,0.0
2027,Class 7&8 Vocational,Battery Electric,4654.72142825237,0.548089745400458
2027,Class 7&8 Vocational,H2 Fuel Cell,3.1847835743066804,0.00037500573241666153
2027,Class 7&8 Vocational,PHEV Diesel,1864.5465669325636,0.21954887503140158
2027,Class 7&8 Vocational,PHEV Gasoline,1970.1735973307375,0.23198637383572374
2028,Class 4-6 Vocational,Battery Electric,19216.021762161534,0.7774626585075151
2028,Class 4-6 Vocational,H2 Fuel Cell,14.52856086273665,0.0005878122793799801
2028,Class 4-6 Vocational,PHEV Diesel,2986.998290502389,0.12085121783449553
2028,Class 4-6 Vocational,PHEV Gasoline,2498.7789835444064,0.10109831137860936
2028,Class 7&8 Tractor,Battery Electric,1047.6193214587759,0.9988209650540222
2028,Class 7&8 Tractor,H2 Fuel Cell,1.2366378292977203,0.0011790349459778122
2028,Class 7&8 Tractor,PHEV Diesel,0.0,0.0
2028,Class 7&8 Tractor,PHEV Gasoline,0.0,0.0
2028,Class 7&8 Vocational,Battery Electric,16318.107972417638,0.7824379676727233
2028,Class 7&8 Vocational,H2 Fuel Cell,144.07410626417595,0.006908218225430962
2028,Class 7&8 Vocational,PHEV Diesel,2136.0187410348394,0.10242009462562307
2028,Class 7&8 Vocational,PHEV Gasoline,2257.2645930291983,0.10823371947622264
2029,Class 4-6 Vocational,Battery Electric,61653.62698158383,0.8776956982679489
2029,Class 4-6 Vocational,H2 Fuel Cell,2328.4524195096797,0.03314764714224674
2029,Class 4-6 Vocational,PHEV Diesel,3409.9386813327483,0.04854359197484395
2029,Class 4-6 Vocational,PHEV Gasoline,2852.8596163610905,0.04061306261496047
2029,Class 7&8 Tractor,Battery Electric,4980.430748083495,0.994463702540316
2029,Class 7&8 Tractor,H2 Fuel Cell,27.7266490755893,0.005536297459683966
2029,Class 7&8 Tractor,PHEV Diesel,0.0,0.0
2029,Class 7&8 Tractor,PHEV Gasoline,0.0,0.0
2029,Class 7&8 Vocational,Battery Electric,45526.5891399134,0.8770453006587657
2029,Class 7&8 Vocational,H2 Fuel Cell,1428.4062357758787,0.02751747934967953
2029,Class 7&8 Vocational,PHEV Diesel,2408.1910627437014,0.04639250808306479
2029,Class 7&8 Vocational,PHEV Gasoline,2545.864446073781,0.04904471190848998
2030,Class 4-6 Vocational,Battery Electric,142380.5340970833,0.883922216930384
2030,Class 4-6 Vocational,H2 Fuel Cell,11635.700545698814,0.07223637899039786
2030,Class 4-6 Vocational,PHEV Diesel,3844.47185726838,0.023867125576913752
2030,Class 4-6 Vocational,PHEV Gasoline,3217.4193462839207,0.019974278502304404
2030,Class 7&8 Tractor,Battery Electric,18534.62577810873,0.9155653668912686
2030,Class 7&8 Tractor,H2 Fuel Cell,1709.287380207447,0.08443463310873144
2030,Class 7&8 Tractor,PHEV Diesel,0.0,0.0
2030,Class 7&8 Tractor,PHEV Gasoline,0.0,0.0
2030,Class 7&8 Vocational,Battery Electric,93204.16005901621,0.9056916913228983
2030,Class 7&8 Vocational,H2 Fuel Cell,4189.517740420042,0.04071075159891705
2030,Class 7&8 Vocational,PHEV Diesel,2681.407966943101,0.02605601418616577
2030,Class 7&8 Vocational,PHEV Gasoline,2834.2827880319023,0.027541542892018937
2031,Class 4-6 Vocational,Battery Electric,240001.69887595333,0.882963953901838
2031,Class 4-6 Vocational,H2 Fuel Cell,23933.66420568215,0.08805172162273121
2031,Class 4-6 Vocational,PHEV Diesel,4288.662047777499,0.015777946641167634
2031,Class 4-6 Vocational,PHEV Gasoline,3589.674416735308,0.013206377834263119
2031,Class 7&8 Tractor,Battery Electric,34818.09513869773,0.8999569484605339
2031,Class 7&8 Tractor,H2 Fuel Cell,3870.5279096131426,0.10004305153946615
2031,Class 7&8 Tractor,PHEV Diesel,0.0,0.0
2031,Class 7&8 Tractor,PHEV Gasoline,0.0,0.0
2031,Class 7&8 Vocational,Battery Electric,157350.71535115538,0.9216030629407755
2031,Class 7&8 Vocational,H2 Fuel Cell,7308.2691488444025,0.04280452883445452
2031,Class 7&8 Vocational,PHEV Diesel,2954.042181135112,0.01730182361176268
2031,Class 7&8 Vocational,PHEV Gasoline,3122.8591665742715,0.018290584613007248
2032,Class 4-6 Vocational,Battery Electric,349737.27711302525,0.8760168665359782
2032,Class 4-6 Vocational,H2 Fuel Cell,40790.04401749819,0.10217031150078282
2032,Class 4-6 Vocational,PHEV Diesel,4740.598119640075,0.011874181512917099
2032,Class 4-6 Vocational,PHEV Gasoline,3967.86087355341,0.009938640450321942
2032,Class 7&8 Tractor,Battery Electric,54653.085006111745,0.8937144864209177
2032,Class 7&8 Tractor,H2 Fuel Cell,6499.64982868143,0.10628551357908232
2032,Class 7&8 Tractor,PHEV Diesel,0.0,0.0
2032,Class 7&8 Tractor,PHEV Gasoline,0.0,0.0
2032,Class 7&8 Vocational,Battery Electric,220114.86481483653,0.9235792548149602
2032,Class 7&8 Vocational,H2 Fuel Cell,11581.734247710312,0.04859576155823621
2032,Class 7&8 Vocational,PHEV Diesel,3223.50438805607,0.013525491715963874
2032,Class 7&8 Vocational,PHEV Gasoline,3407.9703636326817,0.014299491910839754
2033,Class 4-6 Vocational,Battery Electric,460441.163582612,0.8614326878343875
2033,Class 4-6 Vocational,H2 Fuel Cell,64507.492014407064,0.12068613023009149
2033,Class 4-6 Vocational,PHEV Diesel,5203.379271338933,0.009734926731256538
2033,Class 4-6 Vocational,PHEV Gasoline,4354.224396246195,0.008146255204264432
2033,Class 7&8 Tractor,Battery Electric,63547.57074844656,0.9059967851430739
2033,Class 7&8 Tractor,H2 Fuel Cell,6593.48470619416,0.0940032148569261
2033,Class 7&8 Tractor,PHEV Diesel,0.0,0.0
2033,Class 7&8 Tractor,PHEV Gasoline,0.0,0.0
2033,Class 7&8 Vocational,Battery Electric,281850.36106624897,0.9202601305386834
2033,Class 7&8 Vocational,H2 Fuel Cell,17237.8772781092,0.05628281310036676
2033,Class 7&8 Vocational,PHEV Diesel,3492.2318242516226,0.011402368626740015
2033,Class 7&8 Vocational,PHEV Gasoline,3692.019221172897,0.012054687734209741
2034,Class 4-6 Vocational,Battery Electric,572050.7819738558,0.8396941095183338
2034,Class 4-6 Vocational,H2 Fuel Cell,98777.99990705705,0.1449929049756094
2034,Class 4-6 Vocational,PHEV Diesel,5679.11844370132,0.008336187021681003
2034,Class 4-6 Vocational,PHEV Gasoline,4753.020157483931,0.006976798484375751
2034,Class 7&8 Tractor,Battery Electric,75924.6256262863,0.9097253603507967
2034,Class 7&8 Tractor,H2 Fuel Cell,7534.216938033574,0.09027463964920339
2034,Class 7&8 Tractor,PHEV Diesel,0.0,0.0
2034,Class 7&8 Tractor,PHEV Gasoline,0.0,0.0
2034,Class 7&8 Vocational,Battery Electric,342736.45461258275,0.9110011426607378
2034,Class 7&8 Vocational,H2 Fuel Cell,25745.98098392786,0.06843339183686248
2034,Class 7&8 Vocational,PHEV Diesel,3760.6893816759807,0.009995996275831072
2034,Class 7&8 Vocational,PHEV Gasoline,3976.44112637516,0.010569469226568609
2035,Class 4-6 Vocational,Battery Electric,683631.9598050163,0.8255702111646748
2035,Class 4-6 Vocational,H2 Fuel Cell,133115.03194949808,0.16075287800629415
2035,Class 4-6 Vocational,PHEV Diesel,6165.950542962292,0.0074461484996052535
2035,Class 4-6 Vocational,PHEV Gasoline,5159.522721072394,0.006230762329425867
2035,Class 7&8 Tractor,Battery Electric,93320.29455442235,0.8958116463473962
2035,Class 7&8 Tractor,H2 Fuel Cell,10853.71896162062,0.10418835365260387
2035,Class 7&8 Tractor,PHEV Diesel,0.0,0.0
2035,Class 7&8 Tractor,PHEV Gasoline,0.0,0.0
2035,Class 7&8 Vocational,Battery Electric,402325.3163527579,0.8995028413531626
2035,Class 7&8 Vocational,H2 Fuel Cell,36664.80668100748,0.08197370746193305
2035,Class 7&8 Vocational,PHEV Diesel,4026.375482985428,0.00900200917042112
2035,Class 7&8 Vocational,PHEV Gasoline,4258.704913981883,0.009521442014483164
2036,Class 4-6 Vocational,Battery Electric,794936.8821609324,0.8140426255804982
2036,Class 4-6 Vocational,H2 Fuel Cell,169354.84434738572,0.17342516775993888
2036,Class 4-6 Vocational,PHEV Diesel,6663.04024836489,0.006823181688819188
2036,Class 4-6 Vocational,PHEV Gasoline,5575.033011552128,0.005709024970743626
2036,Class 7&8 Tractor,Battery Electric,117698.44458364813,0.8599420687091663
2036,Class 7&8 Tractor,H2 Fuel Cell,19169.431598199553,0.1400579312908337
2036,Class 7&8 Tractor,PHEV Diesel,0.0,0.0
2036,Class 7&8 Tractor,PHEV Gasoline,0.0,0.0
2036,Class 7&8 Vocational,Battery Electric,460509.37283078086,0.8874766596704172
2036,Class 7&8 Vocational,H2 Fuel Cell,49560.92025642817,0.09551197555218761
2036,Class 7&8 Vocational,PHEV Diesel,4289.830109543182,0.008267202191278595
2036,Class 7&8 Vocational,PHEV Gasoline,4537.3236406672095,0.008744162586116638
2037,Class 4-6 Vocational,Battery Electric,906706.755006057,0.8050836806059027
2037,Class 4-6 Vocational,H2 Fuel Cell,206339.5165949575,0.18321312437294174
2037,Class 4-6 Vocational,PHEV Diesel,7175.576429146423,0.006371342719298007
2037,Class 4-6 Vocational,PHEV Gasoline,6004.874543165961,0.005331852301857447
2037,Class 7&8 Tractor,Battery Electric,148330.25414020877,0.8160335780902922
2037,Class 7&8 Tractor,H2 Fuel Cell,33439.5383324686,0.18396642190970783
2037,Class 7&8 Tractor,PHEV Diesel,0.0,0.0
2037,Class 7&8 Tractor,PHEV Gasoline,0.0,0.0
2037,Class 7&8 Vocational,Battery Electric,517677.9047583682,0.8763729507181206
2037,Class 7&8 Vocational,H2 Fuel Cell,63654.64029250245,0.1077604518703175
2037,Class 7&8 Vocational,PHEV Diesel,4554.629438626581,0.007710497210461194
2037,Class 7&8 Vocational,PHEV Gasoline,4817.8493638413875,0.008156100201100663
2038,Class 4-6 Vocational,Battery Electric,1018340.693922076,0.7980535066556345
2038,Class 4-6 Vocational,H2 Fuel Cell,243539.75209003311,0.19085729788224212
2038,Class 4-6 Vocational,PHEV Diesel,7703.768658377888,0.006037291477180913
2038,Class 4-6 Vocational,PHEV Gasoline,6446.384066668821,0.0050519039849425155
2038,Class 7&8 Tractor,Battery Electric,188356.18702336133,0.7850372348016065
2038,Class 7&8 Tractor,H2 Fuel Cell,51576.61956633177,0.21496276519839355
2038,Class 7&8 Tractor,PHEV Diesel,0.0,0.0
2038,Class 7&8 Tractor,PHEV Gasoline,0.0,0.0
2038,Class 7&8 Vocational,Battery Electric,573471.7018233516,0.8667002981469611
2038,Class 7&8 Vocational,H2 Fuel Cell,78285.48394681783,0.11831456035503951
2038,Class 7&8 Vocational,PHEV Diesel,4818.385162637978,0.007282130650505239
2038,Class 7&8 Vocational,PHEV Gasoline,5096.869989915684,0.007703010847494174
2039,Class 4-6 Vocational,Battery Electric,1130407.9690611183,0.7923336522140864
2039,Class 4-6 Vocational,H2 Fuel Cell,281118.01177282986,0.1970432508151275
2039,Class 4-6 Vocational,PHEV Diesel,8250.853598344476,0.005783247415435155
2039,Class 4-6 Vocational,PHEV Gasoline,6904.925079399931,0.004839849555350917
2039,Class 7&8 Tractor,Battery Electric,238463.46924249566,0.7556967596268592
2039,Class 7&8 Tractor,H2 Fuel Cell,77090.97267444717,0.24430324037314077
2039,Class 7&8 Tractor,PHEV Diesel,0.0,0.0
2039,Class 7&8 Tractor,PHEV Gasoline,0.0,0.0
2039,Class 7&8 Vocational,Battery Electric,628146.3855633943,0.8579498703076143
2039,Class 7&8 Vocational,H2 Fuel Cell,93540.96849579528,0.1277623554538734
2039,Class 7&8 Vocational,PHEV Diesel,5083.751094029517,0.006943610107517893
2039,Class 7&8 Vocational,PHEV Gasoline,5377.01596972607,0.007344164130994389
2040,Class 4-6 Vocational,Battery Electric,1243114.3430213772,0.7875618171839274
2040,Class 4-6 Vocational,H2 Fuel Cell,319115.66516577767,0.20217232192734477
2040,Class 4-6 Vocational,PHEV Diesel,8821.098335696995,0.00558851265277387
2040,Class 4-6 Vocational,PHEV Gasoline,7382.885447914247,0.004677348235953971
2040,Class 7&8 Tractor,Battery Electric,297545.1986414386,0.7314466551947018
2040,Class 7&8 Tractor,H2 Fuel Cell,109244.8201908108,0.26855334480529813
2040,Class 7&8 Tractor,PHEV Diesel,0.0,0.0
2040,Class 7&8 Tractor,PHEV Gasoline,0.0,0.0
2040,Class 7&8 Vocational,Battery Electric,681746.962553222,0.8502499462944849
2040,Class 7&8 Vocational,H2 Fuel Cell,109062.12344318756,0.1360183025283278
2040,Class 7&8 Vocational,PHEV Diesel,5350.421549476142,0.0066728506102288684
2040,Class 7&8 Vocational,PHEV Gasoline,5659.963921741035,0.0070589005669583
2041,Class 4-6 Vocational,Battery Electric,1354762.5610053085,0.783549015168255
2041,Class 4-6 Vocational,H2 Fuel Cell,356967.0448898967,0.2064577103927696
2041,Class 4-6 Vocational,PHEV Diesel,9405.787739658255,0.005439990690931114
2041,Class 4-6 Vocational,PHEV Gasoline,7872.664290388602,0.004553283748044251
2041,Class 7&8 Tractor,Battery Electric,359906.2067257456,0.7180393234073363
2041,Class 7&8 Tractor,H2 Fuel Cell,141328.4680241977,0.2819606765926636
2041,Class 7&8 Tractor,PHEV Diesel,0.0,0.0
2041,Class 7&8 Tractor,PHEV Gasoline,0.0,0.0
2041,Class 7&8 Vocational,Battery Electric,733426.5511928644,0.8436601335651932
2041,Class 7&8 Vocational,H2 Fuel Cell,124354.7803708941,0.1430452312457808
2041,Class 7&8 Vocational,PHEV Diesel,5616.121518134752,0.006460221302871777
2041,Class 7&8 Vocational,PHEV Gasoline,5941.421677428692,0.0068344138861541025
2042,Class 4-6 Vocational,Battery Electric,1465343.203534951,0.7801074356755114
2042,Class 4-6 Vocational,H2 Fuel Cell,394658.3004549208,0.21010495970720927
2042,Class 4-6 Vocational,PHEV Diesel,10008.224301857814,0.0053280966376703254
2042,Class 4-6 Vocational,PHEV Gasoline,8376.679172877242,0.004459507979608864
2042,Class 7&8 Tractor,Battery Electric,425898.94506156427,0.7095081128075554
2042,Class 7&8 Tractor,H2 Fuel Cell,174374.59286355265,0.29049188719244456
2042,Class 7&8 Tractor,PHEV Diesel,0.0,0.0
2042,Class 7&8 Tractor,PHEV Gasoline,0.0,0.0
2042,Class 7&8 Vocational,Battery Electric,783193.4281104995,0.8379020453058135
2042,Class 7&8 Vocational,H2 Fuel Cell,139412.44570203908,0.14915086005847217
2042,Class 7&8 Vocational,PHEV Diesel,5880.611911848218,0.006291391847445579
2042,Class 7&8 Vocational,PHEV Gasoline,6221.136124958805,0.006655702788268818
2043,Class 4-6 Vocational,Battery Electric,1575104.2355685772,0.7771026961792905
2043,Class 4-6 Vocational,H2 Fuel Cell,432257.9758444669,0.21326133908368441
2043,Class 4-6 Vocational,PHEV Diesel,10632.719865019495,0.0052458212531204945
2043,Class 4-6 Vocational,PHEV Gasoline,8898.352341652988,0.004390143483904547
2043,Class 7&8 Tractor,Battery Electric,495407.9926591253,0.7045570045005956
2043,Class 7&8 Tractor,H2 Fuel Cell,207740.21180770936,0.29544299549940445
2043,Class 7&8 Tractor,PHEV Diesel,0.0,0.0
2043,Class 7&8 Tractor,PHEV Gasoline,0.0,0.0
2043,Class 7&8 Vocational,Battery Electric,831153.2380047633,0.8328057773311374
2043,Class 7&8 Vocational,H2 Fuel Cell,154217.891916662,0.15452451543633278
2043,Class 7&8 Vocational,PHEV Diesel,6144.68152860185,0.006156898683525574
2043,Class 7&8 Vocational,PHEV Gasoline,6499.885160928267,0.006512808549004255
2044,Class 4-6 Vocational,Battery Electric,1683279.7447558355,0.7744575889366521
2044,Class 4-6 Vocational,H2 Fuel Cell,469503.6276476686,0.21601320196350837
2044,Class 4-6 Vocational,PHEV Diesel,11275.584467063445,0.005187766315978685
2044,Class 4-6 Vocational,PHEV Gasoline,9436.104449726312,0.0043414427838609085
2044,Class 7&8 Tractor,Battery Electric,567223.244432027,0.7017357219998103
2044,Class 7&8 Tractor,H2 Fuel Cell,241091.37694074732,0.29826427800018984
2044,Class 7&8 Tractor,PHEV Diesel,0.0,0.0
2044,Class 7&8 Tractor,PHEV Gasoline,0.0,0.0
2044,Class 7&8 Vocational,Battery Electric,876934.7559691726,0.828297040020144
2044,Class 7&8 Vocational,H2 Fuel Cell,168600.7630873156,0.1592496044429448
2044,Class 7&8 Vocational,PHEV Diesel,6407.146424773908,0.006051784790706182
2044,Class 7&8 Vocational,PHEV Gasoline,6777.471859619612,0.006401570746205079
2045,Class 4-6 Vocational,Battery Electric,1789538.2317661422,0.7721058402416034
2045,Class 4-6 Vocational,H2 Fuel Cell,506273.1912723238,0.2184342758373648
2045,Class 4-6 Vocational,PHEV Diesel,11936.148533283516,0.005149915117177446
2045,Class 4-6 Vocational,PHEV Gasoline,9989.373930656075,0.004309968803854366
2045,Class 7&8 Tractor,Battery Electric,641655.8284481693,0.7003487489327347
2045,Class 7&8 Tractor,H2 Fuel Cell,274538.89514631446,0.2996512510672654
2045,Class 7&8 Tractor,PHEV Diesel,0.0,0.0
2045,Class 7&8 Tractor,PHEV Gasoline,0.0,0.0
2045,Class 7&8 Vocational,Battery Electric,920411.3006459478,0.8242567435642638
2045,Class 7&8 Vocational,H2 Fuel Cell,182524.1870606373,0.16345604616406967
2045,Class 7&8 Vocational,PHEV Diesel,6667.854163805178,0.0059712693181432535
2045,Class 7&8 Vocational,PHEV Gasoline,7052.733839577049,0.0063159409535231675
2046,Class 4-6 Vocational,Battery Electric,1894027.5348239632,0.7699904184440162
2046,Class 4-6 Vocational,H2 Fuel Cell,542599.7290407004,0.2205863350611162
2046,Class 4-6 Vocational,PHEV Diesel,12618.753840978492,0.00512997798163485
2046,Class 4-6 Vocational,PHEV Gasoline,10560.61034485043,0.004293268513232761
2046,Class 7&8 Tractor,Battery Electric,718466.698877285,0.7003316561073579
2046,Class 7&8 Tractor,H2 Fuel Cell,307428.23620351194,0.299668343892642
2046,Class 7&8 Tractor,PHEV Diesel,0.0,0.0
2046,Class 7&8 Tractor,PHEV Gasoline,0.0,0.0
2046,Class 7&8 Vocational,Battery Electric,961627.967888489,0.8206056648621062
2046,Class 7&8 Vocational,H2 Fuel Cell,195970.29359477622,0.16723133939383472
2046,Class 7&8 Vocational,PHEV Diesel,6926.682623775218,0.00591088777529294
2046,Class 7&8 Vocational,PHEV Gasoline,7326.542014591524,0.006252107968766162
2047,Class 4-6 Vocational,Battery Electric,1995667.6408564604,0.7680838687572588
2047,Class 4-6 Vocational,H2 Fuel Cell,578116.1878941753,0.22250284020158367
2047,Class 4-6 Vocational,PHEV Diesel,13314.741660184567,0.005124519772976356
2047,Class 4-6 Vocational,PHEV Gasoline,11143.264931201362,0.004288771268181243
2047,Class 7&8 Tractor,Battery Electric,797435.2853358393,0.7023415988315275
2047,Class 7&8 Tractor,H2 Fuel Cell,337959.92215652246,0.2976584011684725
2047,Class 7&8 Tractor,PHEV Diesel,0.0,0.0
2047,Class 7&8 Tractor,PHEV Gasoline,0.0,0.0
2047,Class 7&8 Vocational,Battery Electric,1000054.7900597493,0.8173006455164878
2047,Class 7&8 Vocational,H2 Fuel Cell,208775.87639421696,0.1706233100839099
2047,Class 7&8 Vocational,PHEV Diesel,7180.535965690024,0.005868335153479127
2047,Class 7&8 Vocational,PHEV Gasoline,7595.796480694516,0.006207709246122993
2048,Class 4-6 Vocational,Battery Electric,2094073.6659156024,0.7663541874586854
2048,Class 4-6 Vocational,H2 Fuel Cell,612681.2349665115,0.22421886948692873
2048,Class 4-6 Vocational,PHEV Diesel,14023.461408813064,0.005132072738525285
2048,Class 4-6 Vocational,PHEV Gasoline,11735.79393725332,0.004294870315860613
2048,Class 7&8 Tractor,Battery Electric,877549.6318537579,0.7048901940066401
2048,Class 7&8 Tractor,H2 Fuel Cell,367395.5231720352,0.29510980599335995
2048,Class 7&8 Tractor,PHEV Diesel,0.0,0.0
2048,Class 7&8 Tractor,PHEV Gasoline,0.0,0.0
2048,Class 7&8 Vocational,Battery Electric,1035526.4899782309,0.8142905418455766
2048,Class 7&8 Vocational,H2 Fuel Cell,220876.39860503853,0.17368707033730965
2048,Class 7&8 Vocational,PHEV Diesel,7429.345554441623,0.005842096629716804
2048,Class 7&8 Vocational,PHEV Gasoline,7859.424752525481,0.006180291187396905
2049,Class 4-6 Vocational,Battery Electric,2191561.0071408222,0.7647524204850966
2049,Class 4-6 Vocational,H2 Fuel Cell,647032.1327145414,0.225783990503936
2049,Class 4-6 Vocational,PHEV Diesel,14764.271448791438,0.005152041075001995
2049,Class 4-6 Vocational,PHEV Gasoline,12355.659274522526,0.004311547935965386
2049,Class 7&8 Tractor,Battery Electric,959655.7013498155,0.7082548628274323
2049,Class 7&8 Tractor,H2 Fuel Cell,395302.45244070416,0.29174513717256767
2049,Class 7&8 Tractor,PHEV Diesel,0.0,0.0
2049,Class 7&8 Tractor,PHEV Gasoline,0.0,0.0
2049,Class 7&8 Vocational,Battery Electric,1068938.9394408464,0.8114948013267247
2049,Class 7&8 Vocational,H2 Fuel Cell,232503.4213494833,0.17650710508729087
2049,Class 7&8 Vocational,PHEV Diesel,7680.068121882092,0.00583039416451842
2049,Class 7&8 Vocational,PHEV Gasoline,8124.38239603389,0.006167699421466068
2050,Class 4-6 Vocational,Battery Electric,2289278.3531659194,0.763255657608123
2050,Class 4-6 Vocational,H2 Fuel Cell,681525.6203902913,0.22722369468457335
2050,Class 4-6 Vocational,PHEV Diesel,15545.526862265284,0.0051829482909818425
2050,Class 4-6 Vocational,PHEV Gasoline,13010.321348216801,0.00433769941632192
2050,Class 7&8 Tractor,Battery Electric,1045629.7657302922,0.7132489191280013
2050,Class 7&8 Tractor,H2 Fuel Cell,420379.83861464076,0.2867510808719988
2050,Class 7&8 Tractor,PHEV Diesel,0.0,0.0
2050,Class 7&8 Tractor,PHEV Gasoline,0.0,0.0
2050,Class 7&8 Vocational,Battery Electric,1100680.5796789348,0.8088714598640292
2050,Class 7&8 Vocational,H2 Fuel Cell,243747.89419832948,0.17912618670577152
2050,Class 7&8 Vocational,PHEV Diesel,7936.683784521705,0.005832534086444828
2050,Class 7&8 Vocational,PHEV Gasoline,8395.648343112052,0.00616981934375455
