Year,vehicle type,fuel type,Stock,VMT_millions,vehicle category,Fraction
2018,Class 4-6 Vocational,Diesel,2059238.0,37818.89186650094,Diesel Class 4-6 Vocational,0.5887427891632384
2018,Class 4-6 Vocational,Electric,101.0,2.2748445531186356,Electric Class 4-6 Vocational,2.887622591729906e-05
2018,Class 4-6 Vocational,Gasoline,1438348.0,18945.786779504564,Gasoline Class 4-6 Vocational,0.41122833461084424
2018,Class 7&8 Tractor,Diesel,2818447.0,140459.83288787008,Diesel Class 7&8 Tractor,0.9999978711725901
2018,Class 7&8 Tractor,Electric,6.0,0.12861426195261982,Electric Class 7&8 Tractor,2.1288274099301994e-06
2018,Class 7&8 Vocational,Diesel,1957950.0,33450.77402712136,Diesel Class 7&8 Vocational,0.999998978524499
2018,Class 7&8 Vocational,Electric,2.0,0.02143571032543664,Electric Class 7&8 Vocational,1.0214755009315856e-06
2019,Class 4-6 Vocational,Diesel,2106688.246616429,38416.17292370153,Diesel Class 4-6 Vocational,0.5927601803284915
2019,Class 4-6 Vocational,Electric,100.95612903225806,2.0882771176773245,Electric Class 4-6 Vocational,2.8406088725534856e-05
2019,Class 4-6 Vocational,Gasoline,1447242.1180645162,18999.632336666888,Gasoline Class 4-6 Vocational,0.40721141358278296
2019,Class 7&8 Tractor,Diesel,2901534.538297316,143264.01609463242,Diesel Class 7&8 Tractor,0.9999979321329753
2019,Class 7&8 Tractor,Electric,6.0,0.12471969426341911,Electric Class 7&8 Tractor,2.06786702470851e-06
2019,Class 7&8 Vocational,Diesel,1978331.7763517916,33527.25792665719,Diesel Class 7&8 Vocational,0.9999989890482466
2019,Class 7&8 Vocational,Electric,2.0,0.020786615710569854,Electric Class 7&8 Vocational,1.0109517533932837e-06
2020,Class 4-6 Vocational,Diesel,2135934.9953784337,35420.827061629105,Diesel Class 4-6 Vocational,0.5998022401119174
2020,Class 4-6 Vocational,Electric,100.86603288241415,1.7832203338037866,Electric Class 4-6 Vocational,2.8324678702759546e-05
2020,Class 4-6 Vocational,Gasoline,1425029.5240395425,16913.902064250113,Gasoline Class 4-6 Vocational,0.4001694352093798
2020,Class 7&8 Tractor,Diesel,2999421.5752854184,134707.0824920312,Diesel Class 7&8 Tractor,0.9999979996183107
2020,Class 7&8 Tractor,Electric,6.0,0.11140496445935318,Electric Class 7&8 Tractor,2.0003816893058516e-06
2020,Class 7&8 Vocational,Diesel,2008590.6760322535,30833.0045432942,Diesel Class 7&8 Vocational,0.9999990042779585
2020,Class 7&8 Vocational,Electric,2.0,0.018567494076558864,Electric Class 7&8 Vocational,9.957220415394387e-07
2021,Class 4-6 Vocational,Diesel,2189311.182346111,37370.461356435255,Diesel Class 4-6 Vocational,0.6077368967493777
2021,Class 4-6 Vocational,Electric,681.6373859681112,13.987576254343878,Electric Class 4-6 Vocational,0.00018921759181474246
2021,Class 4-6 Vocational,Gasoline,1412406.8273128048,17008.444027746536,Gasoline Class 4-6 Vocational,0.39207388565880763
2021,Class 7&8 Tractor,Diesel,3074634.3042627745,141856.92305530026,Diesel Class 7&8 Tractor,0.9999980535882033
2021,Class 7&8 Tractor,Electric,5.984516129032258,0.11315053187925488,Electric Class 7&8 Tractor,1.9464117968118524e-06
2021,Class 7&8 Vocational,Diesel,2029663.0124777432,31950.419872492766,Diesel Class 7&8 Vocational,0.9997497773158621
2021,Class 7&8 Vocational,Electric,507.9948387096774,4.957599199319475,Electric Class 7&8 Vocational,0.0002502226841379051
2022,Class 4-6 Vocational,Diesel,2246623.237961594,38588.74978090351,Diesel Class 4-6 Vocational,0.6150720127003213
2022,Class 4-6 Vocational,Electric,1299.1503070547174,26.05339491913177,Electric Class 4-6 Vocational,0.0003556764572974855
2022,Class 4-6 Vocational,Gasoline,1404695.8280900365,16809.310515475263,Gasoline Class 4-6 Vocational,0.3845723108423813
2022,Class 7&8 Tractor,Diesel,3150093.0690881913,145582.47879715226,Diesel Class 7&8 Tractor,0.9999981100186817
2022,Class 7&8 Tractor,Electric,5.953628303850156,0.11190822156028055,Electric Class 7&8 Tractor,1.8899813183383775e-06
2022,Class 7&8 Vocational,Diesel,2053203.6374678495,32361.864360504806,Diesel Class 7&8 Vocational,0.9994961712180472
2022,Class 7&8 Vocational,Electric,1034.9845427679502,9.923878097411572,Electric Class 7&8 Vocational,0.000503828781952772
2023,Class 4-6 Vocational,Diesel,2307234.559409638,39526.82727711851,Diesel Class 4-6 Vocational,0.621803238878606
2023,Class 4-6 Vocational,Electric,1955.407888274557,37.803634053690274,Electric Class 4-6 Vocational,0.0005269854134678908
2023,Class 4-6 Vocational,Gasoline,1401364.1359110556,16536.54969665023,Gasoline Class 4-6 Vocational,0.377669775707926
2023,Class 7&8 Tractor,Diesel,3224738.417175665,147794.52501131842,Diesel Class 7&8 Tractor,0.9999981680607506
2023,Class 7&8 Tractor,Electric,5.9075356976268,0.10895827714642403,Electric Class 7&8 Tractor,1.831939249371519e-06
2023,Class 7&8 Vocational,Diesel,2078879.256132618,32525.529676848793,Diesel Class 7&8 Vocational,0.9992400868041929
2023,Class 7&8 Vocational,Electric,1580.9691785658756,14.869054492251692,Electric Class 7&8 Vocational,0.0007599131958071454
2024,Class 4-6 Vocational,Diesel,2368656.8799771583,40380.56207046766,Diesel Class 4-6 Vocational,0.6278744305681347
2024,Class 4-6 Vocational,Electric,2637.4151857962224,49.10310168429735,Electric Class 4-6 Vocational,0.0006991158457570788
2024,Class 4-6 Vocational,Gasoline,1401206.645564747,16313.744396911155,Gasoline Class 4-6 Vocational,0.3714264535861082
2024,Class 7&8 Tractor,Diesel,3295332.7532892227,149334.39849359135,Diesel Class 7&8 Tractor,0.9999982258106392
2024,Class 7&8 Tractor,Electric,5.846554683973879,0.10485919566782467,Electric Class 7&8 Tractor,1.7741893607688199e-06
2024,Class 7&8 Vocational,Diesel,2103748.770721944,32645.432822880597,Diesel Class 7&8 Vocational,0.9989852493743137
2024,Class 7&8 Vocational,Electric,2136.948851561325,19.788675642877337,Electric Class 7&8 Vocational,0.0010147506256864265
2025,Class 4-6 Vocational,Diesel,2431091.073183064,41328.273350426796,Diesel Class 4-6 Vocational,0.6333481564043566
2025,Class 4-6 Vocational,Electric,3343.6798084983466,60.22264150197959,Electric Class 4-6 Vocational,0.0008710958901042511
2025,Class 4-6 Vocational,Gasoline,1404040.2604747298,16153.41799004572,Gasoline Class 4-6 Vocational,0.36578074770553914
2025,Class 7&8 Tractor,Diesel,3362825.24383456,150925.40325774648,Diesel Class 7&8 Tractor,0.9999982838521344
2025,Class 7&8 Tractor,Electric,5.771115268696796,0.09990995635403269,Electric Class 7&8 Tractor,1.7161478656051047e-06
2025,Class 7&8 Vocational,Diesel,2128209.640963888,32844.57183097632,Diesel Class 7&8 Vocational,0.9987335832561471
2025,Class 7&8 Vocational,Electric,2698.6178986379527,24.765800831178144,Electric Class 7&8 Vocational,0.0012664167438529096
2026,Class 4-6 Vocational,Diesel,2494498.7340563713,42216.62714916269,Diesel Class 4-6 Vocational,0.6382170072080595
2026,Class 4-6 Vocational,Electric,4982.630143102694,89.23668714538118,Electric Class 4-6 Vocational,0.0012748049355730017
2026,Class 4-6 Vocational,Gasoline,1409061.8207726583,16038.442944113158,Gasoline Class 4-6 Vocational,0.36050818785636746
2026,Class 7&8 Tractor,Diesel,3427657.2829534765,152020.0876844133,Diesel Class 7&8 Tractor,0.9999933044332442
2026,Class 7&8 Tractor,Electric,22.950261818979367,0.41622200350873495,Electric Class 7&8 Tractor,6.695566755785484e-06
2026,Class 7&8 Vocational,Diesel,2152015.7367153307,32960.47401103235,Diesel Class 7&8 Vocational,0.9980248955623386
2026,Class 7&8 Vocational,Electric,4258.867539680684,39.00167842050563,Electric Class 7&8 Vocational,0.001975104437661415
2027,Class 4-6 Vocational,Diesel,2552125.9112289436,42969.87372544592,Diesel Class 4-6 Vocational,0.6417847861093717
2027,Class 4-6 Vocational,Electric,9675.535703919946,177.23936871604613,Electric Class 4-6 Vocational,0.0024331133448050346
2027,Class 4-6 Vocational,Gasoline,1414805.6127334202,15967.706658321227,Gasoline Class 4-6 Vocational,0.3557821005458232
2027,Class 7&8 Tractor,Diesel,3483114.2041908954,152495.22912491456,Diesel Class 7&8 Tractor,0.9999515657991116
2027,Class 7&8 Tractor,Electric,168.71002441826556,3.108399021463082,Electric Class 7&8 Tractor,4.843420088840852e-05
2027,Class 7&8 Vocational,Diesel,2170971.352623246,32943.27010968526,Diesel Class 7&8 Vocational,0.9961033417124933
2027,Class 7&8 Vocational,Electric,8492.626376089976,77.67735889009025,Electric Class 7&8 Vocational,0.003896658287506647
2028,Class 4-6 Vocational,Diesel,2596184.3121762425,43598.69022498033,Diesel Class 4-6 Vocational,0.6425134040661066
2028,Class 4-6 Vocational,Electric,24716.327597071067,467.9441662807779,Electric Class 4-6 Vocational,0.006116889200018064
2028,Class 4-6 Vocational,Gasoline,1419768.8555966655,16041.619910519868,Gasoline Class 4-6 Vocational,0.3513697067338753
2028,Class 7&8 Tractor,Diesel,3527051.946773757,153088.70886961228,Diesel Class 7&8 Tractor,0.9997027137210832
2028,Class 7&8 Tractor,Electric,1048.8559592880736,19.38875676317769,Electric Class 7&8 Tractor,0.0002972862789168543
2028,Class 7&8 Vocational,Diesel,2178463.4740813086,32815.93338548707,Diesel Class 7&8 Vocational,0.9905173074090184
2028,Class 7&8 Vocational,Electric,20855.465412745853,191.38417802293014,Electric Class 7&8 Vocational,0.009482692590981634
2029,Class 4-6 Vocational,Diesel,2606377.042165655,43560.49638541246,Diesel Class 4-6 Vocational,0.6355182517767622
2029,Class 4-6 Vocational,Electric,70244.87769878736,1366.4145268590999,Electric Class 4-6 Vocational,0.017127952383402124
2029,Class 4-6 Vocational,Gasoline,1424561.696623089,16279.580852416217,Gasoline Class 4-6 Vocational,0.3473537958398357
2029,Class 7&8 Tractor,Diesel,3558652.4050548044,153769.7499628135,Diesel Class 7&8 Tractor,0.9985946592529248
2029,Class 7&8 Tractor,Electric,5008.157397159084,93.00942475132463,Electric Class 7&8 Tractor,0.0014053407470753163
2029,Class 7&8 Vocational,Diesel,2164002.3125223145,32326.612030991637,Diesel Class 7&8 Vocational,0.9765744010605641
2029,Class 7&8 Vocational,Electric,51909.05088450676,479.006039874646,Electric Class 7&8 Vocational,0.023425598939435886
2030,Class 4-6 Vocational,Diesel,2571019.2844413533,42420.05194960199,Diesel Class 4-6 Vocational,0.6176154872751767
2030,Class 4-6 Vocational,Electric,161078.1258463344,3189.781135740501,Electric Class 4-6 Vocational,0.038694515356609865
2030,Class 4-6 Vocational,Gasoline,1430718.0265212073,16670.997701822762,Gasoline Class 4-6 Vocational,0.3436899973682134
2030,Class 7&8 Tractor,Diesel,3573305.1125166775,154191.5515248783,Diesel Class 7&8 Tractor,0.9943665960826807
2030,Class 7&8 Tractor,Electric,20243.913158316176,379.70502355485746,Electric Class 7&8 Tractor,0.00563340391731922
2030,Class 7&8 Vocational,Diesel,2128431.748062207,31440.643578714276,Diesel Class 7&8 Vocational,0.9538800375307686
2030,Class 7&8 Vocational,Electric,102909.36855441127,957.1063590341741,Electric Class 7&8 Vocational,0.046119962469231376
2031,Class 4-6 Vocational,Diesel,2513059.369157442,40797.319242717946,Diesel Class 4-6 Vocational,0.5954449485925556
2031,Class 4-6 Vocational,Electric,271813.6995461483,5423.527486430882,Electric Class 4-6 Vocational,0.06440360953640041
2031,Class 4-6 Vocational,Gasoline,1435599.9995414643,17123.94974831026,Gasoline Class 4-6 Vocational,0.340151441871044
2031,Class 7&8 Tractor,Diesel,3580199.0370302456,154674.7671667199,Diesel Class 7&8 Tractor,0.9893092500562808
2031,Class 7&8 Tractor,Electric,38688.623048310874,731.1819152318097,Electric Class 7&8 Tractor,0.010690749943719182
2031,Class 7&8 Vocational,Diesel,2074189.4369813695,30159.089430976255,Diesel Class 7&8 Vocational,0.9239458506207475
2031,Class 7&8 Vocational,Electric,170735.88584770917,1606.4572627144148,Electric Class 7&8 Vocational,0.0760541493792524
2032,Class 4-6 Vocational,Diesel,2436965.2570514204,38770.51024640654,Diesel Class 4-6 Vocational,0.5696535434340118
2032,Class 4-6 Vocational,Electric,399235.7801237169,8026.350188828009,Electric Class 4-6 Vocational,0.0933234793376944
2032,Class 4-6 Vocational,Gasoline,1441776.8410292077,17658.382631771372,Gasoline Class 4-6 Vocational,0.33702297722829383
2032,Class 7&8 Tractor,Diesel,3576147.058175346,154984.27846625677,Diesel Class 7&8 Tractor,0.983187326226914
2032,Class 7&8 Tractor,Electric,61152.73483479317,1171.6083243547728,Electric Class 7&8 Tractor,0.01681267377308613
2032,Class 7&8 Vocational,Diesel,2017362.6420103933,28863.027120265862,Diesel Class 7&8 Vocational,0.8943436384508467
2032,Class 7&8 Vocational,Electric,238328.0738142356,2274.12407222551,Electric Class 7&8 Vocational,0.1056563615491534
2033,Class 4-6 Vocational,Diesel,2347932.292202172,36524.474906801086,Diesel Class 4-6 Vocational,0.5424389472532295
2033,Class 4-6 Vocational,Electric,534506.2592646042,10803.663201105193,Electric Class 4-6 Vocational,0.12348610457749444
2033,Class 4-6 Vocational,Gasoline,1446034.3653314987,18207.69297816428,Gasoline Class 4-6 Vocational,0.334074948169276
2033,Class 7&8 Tractor,Diesel,3577781.464956153,155602.29216753162,Diesel Class 7&8 Tractor,0.9807723286165787
2033,Class 7&8 Tractor,Electric,70141.05545464072,1352.661872324215,Electric Class 7&8 Tractor,0.0192276713834213
2033,Class 7&8 Vocational,Diesel,1957405.171005503,27420.034195874232,Diesel Class 7&8 Vocational,0.8647013685966664
2033,Class 7&8 Vocational,Electric,306272.4893897827,2956.6854819808796,Electric Class 7&8 Vocational,0.13529863140333379
2034,Class 4-6 Vocational,Diesel,2244229.6551902443,33968.79315871466,Diesel Class 4-6 Vocational,0.5128508038737277
2034,Class 4-6 Vocational,Electric,681260.920482098,13852.903767141373,Electric Class 4-6 Vocational,0.15568157648615605
2034,Class 4-6 Vocational,Gasoline,1450498.7729624915,18802.08111409951,Gasoline Class 4-6 Vocational,0.33146761964011634
2034,Class 7&8 Tractor,Diesel,3567333.566603513,156035.18971840703,Diesel Class 7&8 Tractor,0.9771395266532442
2034,Class 7&8 Tractor,Electric,83458.84256431987,1632.753432886525,Electric Class 7&8 Tractor,0.022860473346755866
2034,Class 7&8 Vocational,Diesel,1892214.6275853761,25986.745329405134,Diesel Class 7&8 Vocational,0.8341501079682696
2034,Class 7&8 Vocational,Electric,376219.5661045618,3679.426736798573,Electric Class 7&8 Vocational,0.1658498920317305
2035,Class 4-6 Vocational,Diesel,2139893.517400958,31480.169303090115,Diesel Class 4-6 Vocational,0.48353970657576
2035,Class 4-6 Vocational,Electric,828072.465018549,16887.21861547399,Electric Class 4-6 Vocational,0.18711487908279423
2035,Class 4-6 Vocational,Gasoline,1457510.3296601172,19395.209971719058,Gasoline Class 4-6 Vocational,0.32934541434144576
2035,Class 7&8 Tractor,Diesel,3547634.1154572484,156227.40073608805,Diesel Class 7&8 Tractor,0.9714733058701713
2035,Class 7&8 Tractor,Electric,104174.01351604296,2076.1135697744094,Electric Class 7&8 Tractor,0.02852669412982866
2035,Class 7&8 Vocational,Diesel,1824425.1016436561,24604.122565379123,Diesel Class 7&8 Vocational,0.803109942613629
2035,Class 7&8 Vocational,Electric,447275.2034307327,4440.263474476287,Electric Class 7&8 Vocational,0.1968900573863709
2036,Class 4-6 Vocational,Diesel,2034639.3390615277,29024.211674656148,Diesel Class 4-6 Vocational,0.45446518632691435
2036,Class 4-6 Vocational,Electric,976529.7997682351,19942.647763312878,Electric Class 4-6 Vocational,0.21812160459364577
2036,Class 4-6 Vocational,Gasoline,1465828.0003921026,19981.51792085965,Gasoline Class 4-6 Vocational,0.3274132090794398
2036,Class 7&8 Tractor,Diesel,3517029.7634733072,156002.87753173636,Diesel Class 7&8 Tractor,0.9625419511766167
2036,Class 7&8 Tractor,Electric,136867.87618184768,2786.6826416788685,Electric Class 7&8 Tractor,0.037458048823383265
2036,Class 7&8 Vocational,Diesel,1755029.3945904034,23300.701438023138,Diesel Class 7&8 Vocational,0.7718055667474342
2036,Class 7&8 Vocational,Electric,518897.4468374194,5243.169645646232,Electric Class 7&8 Vocational,0.22819443325256597
2037,Class 4-6 Vocational,Diesel,1929299.0980648666,26653.377096253862,Diesel Class 4-6 Vocational,0.42575602560565223
2037,Class 4-6 Vocational,Electric,1126226.722573327,22996.85780346618,Electric Class 4-6 Vocational,0.24853472114025607
2037,Class 4-6 Vocational,Gasoline,1475940.5169676547,20623.298754958956,Gasoline Class 4-6 Vocational,0.3257092532540917
2037,Class 7&8 Tractor,Diesel,3473530.3844959023,155504.74690724871,Diesel Class 7&8 Tractor,0.950272266661442
2037,Class 7&8 Tractor,Electric,181769.79247267736,3790.2190134607167,Electric Class 7&8 Tractor,0.04972773333855799
2037,Class 7&8 Vocational,Diesel,1684282.123498623,22103.22143052912,Diesel Class 7&8 Vocational,0.7403479731562849
2037,Class 7&8 Vocational,Electric,590705.0238533387,6094.805808613846,Electric Class 7&8 Vocational,0.25965202684371524
2038,Class 4-6 Vocational,Diesel,1822967.1775794034,24350.51456788337,Diesel Class 4-6 Vocational,0.3975142208802344
2038,Class 4-6 Vocational,Electric,1276030.5987371558,25988.620460825587,Electric Class 4-6 Vocational,0.2782498311076945
2038,Class 4-6 Vocational,Gasoline,1486919.1087265003,21217.559116007178,Gasoline Class 4-6 Vocational,0.32423594801207106
2038,Class 7&8 Tractor,Diesel,3415472.528261429,154495.0417209391,Diesel Class 7&8 Tractor,0.9343621884276029
2038,Class 7&8 Tractor,Electric,239932.8065896931,5140.02714060023,Electric Class 7&8 Tractor,0.06563781157239709
2038,Class 7&8 Vocational,Diesel,1612030.2223225029,20998.614303825652,Diesel Class 7&8 Vocational,0.7089890197083525
2038,Class 7&8 Vocational,Electric,661672.440922723,6989.146803984291,Electric Class 7&8 Vocational,0.29101098029164757
2039,Class 4-6 Vocational,Diesel,1714451.9137509125,22141.731220866666,Diesel Class 4-6 Vocational,0.3693913326647235
2039,Class 4-6 Vocational,Electric,1426681.7595116927,28934.890558389965,Electric Class 4-6 Vocational,0.30738912664017914
2039,Class 4-6 Vocational,Gasoline,1500155.2854770618,21869.58266047089,Gasoline Class 4-6 Vocational,0.32321954069509734
2039,Class 7&8 Tractor,Diesel,3335246.1677289144,152787.46221957056,Diesel Class 7&8 Tractor,0.9135656871856518
2039,Class 7&8 Tractor,Electric,315554.44191694283,6987.959906831521,Electric Class 7&8 Tractor,0.08643431281434812
2039,Class 7&8 Vocational,Diesel,1536829.062473824,20020.55264762924,Diesel Class 7&8 Vocational,0.6773223960047282
2039,Class 7&8 Vocational,Electric,732148.1211229451,7949.3055977047115,Electric Class 7&8 Vocational,0.3226776039952716
2040,Class 4-6 Vocational,Diesel,1604063.1865424826,20021.813993031825,Diesel Class 4-6 Vocational,0.34157926811938655
2040,Class 4-6 Vocational,Electric,1578433.991970766,31824.497830862358,Electric Class 4-6 Vocational,0.33612162680092567
2040,Class 4-6 Vocational,Gasoline,1513523.1489904714,22505.229067374155,Gasoline Class 4-6 Vocational,0.3222991050796878
2040,Class 7&8 Tractor,Diesel,3236349.7924325634,150353.54550389416,Diesel Class 7&8 Tractor,0.8883408159153185
2040,Class 7&8 Tractor,Electric,406790.01883224945,9368.309522142712,Electric Class 7&8 Tractor,0.11165918408468146
2040,Class 7&8 Vocational,Diesel,1459757.5554092333,19150.890995028003,Diesel Class 7&8 Vocational,0.6454600210655197
2040,Class 7&8 Vocational,Electric,801819.4714676266,8982.539910319745,Electric Class 7&8 Vocational,0.35453997893448036
2041,Class 4-6 Vocational,Diesel,1492845.9750111904,18043.792283186645,Diesel Class 4-6 Vocational,0.31426462537243
2041,Class 4-6 Vocational,Electric,1729008.057925252,34644.659198400994,Electric Class 4-6 Vocational,0.3639799943766596
2041,Class 4-6 Vocational,Gasoline,1528429.1821789797,23159.380806298836,Gasoline Class 4-6 Vocational,0.3217553802509104
2041,Class 7&8 Tractor,Diesel,3126386.118590722,147638.89998459758,Diesel Class 7&8 Tractor,0.8618282606412238
2041,Class 7&8 Tractor,Electric,501234.67474994325,12013.038298501344,Electric Class 7&8 Tractor,0.13817173935877616
2041,Class 7&8 Vocational,Diesel,1380512.498661681,18355.025176925585,Diesel Class 7&8 Vocational,0.6136016427443152
2041,Class 7&8 Vocational,Electric,869338.8747593219,10038.960557451765,Electric Class 7&8 Vocational,0.38639835725568483
2042,Class 4-6 Vocational,Diesel,1384271.481339922,16218.771591458246,Diesel Class 4-6 Vocational,0.28791393331569076
2042,Class 4-6 Vocational,Electric,1878386.4074646067,37366.57717734912,Electric Class 4-6 Vocational,0.3906846497598706
2042,Class 4-6 Vocational,Gasoline,1545277.1263518976,23815.42950698403,Gasoline Class 4-6 Vocational,0.3214014169244386
2042,Class 7&8 Tractor,Diesel,3016846.885046095,144572.86870659122,Diesel Class 7&8 Tractor,0.8340465708266261
2042,Class 7&8 Tractor,Electric,600273.537925117,15000.371039891932,Electric Class 7&8 Tractor,0.1659534291733738
2042,Class 7&8 Vocational,Diesel,1304156.0333511955,17614.137493843737,Diesel Class 7&8 Vocational,0.5825080193346471
2042,Class 7&8 Vocational,Electric,934707.6218493456,11119.690173917337,Electric Class 7&8 Vocational,0.4174919806653529
2043,Class 4-6 Vocational,Diesel,1283803.4401686566,14582.736143172737,Diesel Class 4-6 Vocational,0.2632734325858612
2043,Class 4-6 Vocational,Electric,2026893.2836197165,39960.22419317513,Electric Class 4-6 Vocational,0.41566110166653425
2043,Class 4-6 Vocational,Gasoline,1565615.4341046207,24467.53837505287,Gasoline Class 4-6 Vocational,0.3210654657476046
2043,Class 7&8 Tractor,Diesel,2905569.787625986,141031.77724650674,Diesel Class 7&8 Tractor,0.8051529085931554
2043,Class 7&8 Tractor,Electric,703148.2044668347,18317.10712464313,Electric Class 7&8 Tractor,0.1948470914068446
2043,Class 7&8 Vocational,Diesel,1230280.9999137074,16896.391478921247,Diesel Class 7&8 Vocational,0.5521172300944038
2043,Class 7&8 Vocational,Electric,998015.6966109554,12203.783400362934,Electric Class 7&8 Vocational,0.44788276990559606
2044,Class 4-6 Vocational,Diesel,1191127.7648164432,13138.669368058423,Diesel Class 4-6 Vocational,0.2404858639125362
2044,Class 4-6 Vocational,Electric,2173495.0613202937,42412.77941545277,Electric Class 4-6 Vocational,0.43882348558283396
2044,Class 4-6 Vocational,Gasoline,1588382.4999877615,25106.284969244134,Gasoline Class 4-6 Vocational,0.3206906505046298
2044,Class 7&8 Tractor,Diesel,2794091.7059515887,137066.78486682638,Diesel Class 7&8 Tractor,0.7756181430057784
2044,Class 7&8 Tractor,Electric,808314.6213727744,21934.970526164456,Electric Class 7&8 Tractor,0.22438185699422164
2044,Class 7&8 Vocational,Diesel,1159155.154800447,16179.726586384066,Diesel Class 7&8 Vocational,0.5226421696962494
2044,Class 7&8 Vocational,Electric,1058720.1373408816,13279.502795816306,Electric Class 7&8 Vocational,0.4773578303037506
2045,Class 4-6 Vocational,Diesel,1103502.3279107085,11858.124882428501,Diesel Class 4-6 Vocational,0.2192742529282422
2045,Class 4-6 Vocational,Electric,2317736.9455024055,44729.03000709586,Electric Class 4-6 Vocational,0.4605518487409565
2045,Class 4-6 Vocational,Gasoline,1611281.9331319665,25711.8656284143,Gasoline Class 4-6 Vocational,0.3201738983308014
2045,Class 7&8 Tractor,Diesel,2680104.5116316695,132585.7249961877,Diesel Class 7&8 Tractor,0.7452395744435685
2045,Class 7&8 Tractor,Electric,916194.7235944838,25895.93051470433,Electric Class 7&8 Tractor,0.25476042555643147
2045,Class 7&8 Vocational,Diesel,1089412.9063940072,15457.464357728635,Diesel Class 7&8 Vocational,0.4938254040247695
2045,Class 7&8 Vocational,Electric,1116656.0757099674,14356.339204430795,Electric Class 7&8 Vocational,0.5061745959752305
2046,Class 4-6 Vocational,Diesel,1019031.1729523743,10728.443095535102,Diesel Class 4-6 Vocational,0.199304048115444
2046,Class 4-6 Vocational,Electric,2459806.6280504926,46988.242134541506,Electric Class 4-6 Vocational,0.4810936422399081
2046,Class 4-6 Vocational,Gasoline,1634109.891670767,26317.248319749957,Gasoline Class 4-6 Vocational,0.319602309644648
2046,Class 7&8 Tractor,Diesel,2560529.271294965,127764.63401357773,Diesel Class 7&8 Tractor,0.7139504765618597
2046,Class 7&8 Tractor,Electric,1025894.935080797,30201.365222176508,Electric Class 7&8 Tractor,0.2860495234381402
2046,Class 7&8 Vocational,Diesel,1019929.984159869,14726.096270384156,Diesel Class 7&8 Vocational,0.46534291761709007
2046,Class 7&8 Vocational,Electric,1171851.486121632,15448.248105930987,Electric Class 7&8 Vocational,0.53465708238291
2047,Class 4-6 Vocational,Diesel,940050.1255155548,9737.413376716491,Diesel Class 4-6 Vocational,0.18096196474018872
2047,Class 4-6 Vocational,Electric,2598241.8353420217,49067.48583553566,Electric Class 4-6 Vocational,0.5001679534224648
2047,Class 4-6 Vocational,Gasoline,1656446.7615319956,26852.079193323927,Gasoline Class 4-6 Vocational,0.3188700818373465
2047,Class 7&8 Tractor,Diesel,2437652.6566770766,122337.79754568671,Diesel Class 7&8 Tractor,0.6822334178956524
2047,Class 7&8 Tractor,Electric,1135395.2074923615,34706.4840291368,Electric Class 7&8 Tractor,0.31776658210434755
2047,Class 7&8 Vocational,Diesel,950469.5976677627,13940.5354880488,Diesel Class 7&8 Vocational,0.4371831237078425
2047,Class 7&8 Vocational,Electric,1223606.9989003506,16507.513291823157,Electric Class 7&8 Vocational,0.5628168762921575
2048,Class 4-6 Vocational,Diesel,866213.0028056714,8875.010325297786,Diesel Class 4-6 Vocational,0.16415973796538683
2048,Class 4-6 Vocational,Electric,2732514.15622818,50976.11203664485,Electric Class 4-6 Vocational,0.5178504668253765
2048,Class 4-6 Vocational,Gasoline,1677919.9259432997,27326.039781296073,Gasoline Class 4-6 Vocational,0.3179897952092366
2048,Class 7&8 Tractor,Diesel,2312051.1379880733,116300.39807224732,Diesel Class 7&8 Tractor,0.6500009973384193
2048,Class 7&8 Tractor,Electric,1244945.155025793,39438.81224205957,Electric Class 7&8 Tractor,0.34999900266158074
2048,Class 7&8 Vocational,Diesel,881313.3597020739,13112.537381686834,Diesel Class 7&8 Vocational,0.40934106148916416
2048,Class 7&8 Vocational,Electric,1271691.6588902364,17546.267866767346,Electric Class 7&8 Vocational,0.5906589385108358
2049,Class 4-6 Vocational,Diesel,796014.4636234269,8131.605273372232,Diesel Class 4-6 Vocational,0.14846565141434448
2049,Class 4-6 Vocational,Electric,2865713.0705786776,52975.79256051686,Electric Class 4-6 Vocational,0.5344877225639689
2049,Class 4-6 Vocational,Gasoline,1699879.383224706,27878.900973781467,Gasoline Class 4-6 Vocational,0.3170466260216866
2049,Class 7&8 Tractor,Diesel,2184064.236940367,110248.03660116234,Diesel Class 7&8 Tractor,0.6171377278258218
2049,Class 7&8 Tractor,Electric,1354958.1537905196,44503.389832430286,Electric Class 7&8 Tractor,0.3828622721741782
2049,Class 7&8 Vocational,Diesel,812002.3178131196,12282.249496701228,Diesel Class 7&8 Vocational,0.3813561817203571
2049,Class 7&8 Vocational,Electric,1317246.8113082459,18628.540385067892,Electric Class 7&8 Vocational,0.6186438182796429
2050,Class 4-6 Vocational,Diesel,729074.5938463397,7461.790260687967,Diesel Class 4-6 Vocational,0.13377947164467757
2050,Class 4-6 Vocational,Electric,2999359.8217666927,55108.86688473816,Electric Class 4-6 Vocational,0.5503590107445038
2050,Class 4-6 Vocational,Gasoline,1721389.7231964297,28486.379387137506,Gasoline Class 4-6 Vocational,0.3158615176108187
2050,Class 7&8 Tractor,Diesel,2053922.282634942,104156.35501253595,Diesel Class 7&8 Tractor,0.5835119396009737
2050,Class 7&8 Tractor,Electric,1466009.6043449328,49875.92153248703,Electric Class 7&8 Tractor,0.4164880603990263
2050,Class 7&8 Vocational,Diesel,742827.8686402258,11457.771383183212,Diesel Class 7&8 Vocational,0.35312410529379806
2050,Class 7&8 Vocational,Electric,1360760.806004898,19744.481264352435,Electric Class 7&8 Vocational,0.6468758947062019
