Year,vehicle type,Powertrain,Stock,EV_fraction
2018,Class 4-6 Vocational,Battery Electric,101.0,1.0
2018,Class 4-6 Vocational,H2 Fuel Cell,0.0,0.0
2018,Class 4-6 Vocational,PHEV Diesel,0.0,0.0
2018,Class 4-6 Vocational,PHEV Gasoline,0.0,0.0
2018,Class 7&8 Tractor,Battery Electric,6.0,1.0
2018,Class 7&8 Tractor,H2 Fuel Cell,0.0,0.0
2018,Class 7&8 Tractor,PHEV Diesel,0.0,0.0
2018,Class 7&8 Tractor,PHEV Gasoline,0.0,0.0
2018,Class 7&8 Vocational,Battery Electric,2.0,1.0
2018,Class 7&8 Vocational,H2 Fuel Cell,0.0,0.0
2018,Class 7&8 Vocational,PHEV Diesel,0.0,0.0
2018,Class 7&8 Vocational,PHEV Gasoline,0.0,0.0
2019,Class 4-6 Vocational,Battery Electric,100.95612903225806,1.0
2019,Class 4-6 Vocational,H2 Fuel Cell,0.0,0.0
2019,Class 4-6 Vocational,PHEV Diesel,0.0,0.0
2019,Class 4-6 Vocational,PHEV Gasoline,0.0,0.0
2019,Class 7&8 Tractor,Battery Electric,6.0,1.0
2019,Class 7&8 Tractor,H2 Fuel Cell,0.0,0.0
2019,Class 7&8 Tractor,PHEV Diesel,0.0,0.0
2019,Class 7&8 Tractor,PHEV Gasoline,0.0,0.0
2019,Class 7&8 Vocational,Battery Electric,2.0,1.0
2019,Class 7&8 Vocational,H2 Fuel Cell,0.0,0.0
2019,Class 7&8 Vocational,PHEV Diesel,0.0,0.0
2019,Class 7&8 Vocational,PHEV Gasoline,0.0,0.0
2020,Class 4-6 Vocational,Battery Electric,100.86603288241415,1.0
2020,Class 4-6 Vocational,H2 Fuel Cell,0.0,0.0
2020,Class 4-6 Vocational,PHEV Diesel,0.0,0.0
2020,Class 4-6 Vocational,PHEV Gasoline,0.0,0.0
2020,Class 7&8 Tractor,Battery Electric,6.0,1.0
2020,Class 7&8 Tractor,H2 Fuel Cell,0.0,0.0
2020,Class 7&8 Tractor,PHEV Diesel,0.0,0.0
2020,Class 7&8 Tractor,PHEV Gasoline,0.0,0.0
2020,Class 7&8 Vocational,Battery Electric,2.0,1.0
2020,Class 7&8 Vocational,H2 Fuel Cell,0.0,0.0
2020,Class 7&8 Vocational,PHEV Diesel,0.0,0.0
2020,Class 7&8 Vocational,PHEV Gasoline,0.0,0.0
2021,Class 4-6 Vocational,Battery Electric,100.63738596811118,0.14764064888427242
2021,Class 4-6 Vocational,H2 Fuel Cell,0.0,0.0
2021,Class 4-6 Vocational,PHEV Diesel,316.0,0.46358959544332173
2021,Class 4-6 Vocational,PHEV Gasoline,265.0,0.38876975567240585
2021,Class 7&8 Tractor,Battery Electric,5.984516129032258,1.0
2021,Class 7&8 Tractor,H2 Fuel Cell,0.0,0.0
2021,Class 7&8 Tractor,PHEV Diesel,0.0,0.0
2021,Class 7&8 Tractor,PHEV Gasoline,0.0,0.0
2021,Class 7&8 Vocational,Battery Electric,1.9948387096774194,0.003926887750955052
2021,Class 7&8 Vocational,H2 Fuel Cell,0.0,0.0
2021,Class 7&8 Vocational,PHEV Diesel,246.00000000000003,0.484256888563765
2021,Class 7&8 Vocational,PHEV Gasoline,260.0,0.51181622368528
2022,Class 4-6 Vocational,Battery Electric,100.15030705471742,0.07708908392729903
2022,Class 4-6 Vocational,H2 Fuel Cell,0.0,0.0
2022,Class 4-6 Vocational,PHEV Diesel,653.0,0.5026362203465169
2022,Class 4-6 Vocational,PHEV Gasoline,546.0,0.4202746957261841
2022,Class 7&8 Tractor,Battery Electric,5.953628303850156,1.0
2022,Class 7&8 Tractor,H2 Fuel Cell,0.0,0.0
2022,Class 7&8 Tractor,PHEV Diesel,0.0,0.0
2022,Class 7&8 Tractor,PHEV Gasoline,0.0,0.0
2022,Class 7&8 Vocational,Battery Electric,1.984542767950052,0.0019174612624094024
2022,Class 7&8 Vocational,H2 Fuel Cell,0.0,0.0
2022,Class 7&8 Vocational,PHEV Diesel,502.0,0.4850313983022947
2022,Class 7&8 Vocational,PHEV Gasoline,531.0,0.5130511404352958
2023,Class 4-6 Vocational,Battery Electric,99.40788827455694,0.050837418050038656
2023,Class 4-6 Vocational,H2 Fuel Cell,0.0,0.0
2023,Class 4-6 Vocational,PHEV Diesel,1011.0,0.5170276779910619
2023,Class 4-6 Vocational,PHEV Gasoline,845.0,0.4321349039588994
2023,Class 7&8 Tractor,Battery Electric,5.9075356976268,1.0
2023,Class 7&8 Tractor,H2 Fuel Cell,0.0,0.0
2023,Class 7&8 Tractor,PHEV Diesel,0.0,0.0
2023,Class 7&8 Tractor,PHEV Gasoline,0.0,0.0
2023,Class 7&8 Vocational,Battery Electric,1.9691785658756,0.0012455515215431814
2023,Class 7&8 Vocational,H2 Fuel Cell,0.0,0.0
2023,Class 7&8 Vocational,PHEV Diesel,767.0,0.48514544774096036
2023,Class 7&8 Vocational,PHEV Gasoline,812.0,0.5136090007374965
2024,Class 4-6 Vocational,Battery Electric,98.41518579622229,0.03731501446045979
2024,Class 4-6 Vocational,H2 Fuel Cell,0.0,0.0
2024,Class 4-6 Vocational,PHEV Diesel,1383.0,0.5243770519894384
2024,Class 4-6 Vocational,PHEV Gasoline,1156.0,0.4383079335501018
2024,Class 7&8 Tractor,Battery Electric,5.846554683973879,1.0
2024,Class 7&8 Tractor,H2 Fuel Cell,0.0,0.0
2024,Class 7&8 Tractor,PHEV Diesel,0.0,0.0
2024,Class 7&8 Tractor,PHEV Gasoline,0.0,0.0
2024,Class 7&8 Vocational,Battery Electric,1.9488515613246262,0.0009119785716446753
2024,Class 7&8 Vocational,H2 Fuel Cell,0.0,0.0
2024,Class 7&8 Vocational,PHEV Diesel,1037.0,0.48527132469377254
2024,Class 7&8 Vocational,PHEV Gasoline,1098.0,0.5138166967345827
2025,Class 4-6 Vocational,Battery Electric,97.17916333705621,0.02906353745058489
2025,Class 4-6 Vocational,H2 Fuel Cell,0.0,0.0
2025,Class 4-6 Vocational,PHEV Diesel,1768.1845161290323,0.5288139467286874
2025,Class 4-6 Vocational,PHEV Gasoline,1478.316129032258,0.4421225158207277
2025,Class 7&8 Tractor,Battery Electric,5.771115268696796,1.0
2025,Class 7&8 Tractor,H2 Fuel Cell,0.0,0.0
2025,Class 7&8 Tractor,PHEV Diesel,0.0,0.0
2025,Class 7&8 Tractor,PHEV Gasoline,0.0,0.0
2025,Class 7&8 Vocational,Battery Electric,1.923705089565599,0.000712848265972197
2025,Class 7&8 Vocational,H2 Fuel Cell,0.0,0.0
2025,Class 7&8 Vocational,PHEV Diesel,1310.3651612903227,0.48556898772208196
2025,Class 7&8 Vocational,PHEV Gasoline,1386.3290322580644,0.5137181640119458
2026,Class 4-6 Vocational,Battery Electric,95.70861126207657,0.02347166493289051
2026,Class 4-6 Vocational,H2 Fuel Cell,0.0,0.0
2026,Class 4-6 Vocational,PHEV Diesel,2168.6880799167534,0.531850993181523
2026,Class 4-6 Vocational,PHEV Gasoline,1813.2267554630594,0.4446773418855866
2026,Class 7&8 Tractor,Battery Electric,5.681756064536331,1.0
2026,Class 7&8 Tractor,H2 Fuel Cell,0.0,0.0
2026,Class 7&8 Tractor,PHEV Diesel,0.0,0.0
2026,Class 7&8 Tractor,PHEV Gasoline,0.0,0.0
2026,Class 7&8 Vocational,Battery Electric,1.8939186881787768,0.0005792467662940498
2026,Class 7&8 Vocational,H2 Fuel Cell,0.0,0.0
2026,Class 7&8 Vocational,PHEV Diesel,1588.4381152965661,0.4858168661023836
2026,Class 7&8 Vocational,PHEV Gasoline,1679.2912049947972,0.5136038871313223
2027,Class 4-6 Vocational,Battery Electric,94.01404257359108,0.01949047678942071
2027,Class 4-6 Vocational,H2 Fuel Cell,0.0,0.0
2027,Class 4-6 Vocational,PHEV Diesel,2575.601798840187,0.5339596692673887
2027,Class 4-6 Vocational,PHEV Gasoline,2153.9728059722734,0.4465498539431905
2027,Class 7&8 Tractor,Battery Electric,5.5791178904672885,1.0
2027,Class 7&8 Tractor,H2 Fuel Cell,0.0,0.0
2027,Class 7&8 Tractor,PHEV Diesel,0.0,0.0
2027,Class 7&8 Tractor,PHEV Gasoline,0.0,0.0
2027,Class 7&8 Vocational,Battery Electric,1.859705963489096,0.0004847301571696887
2027,Class 7&8 Vocational,H2 Fuel Cell,0.0,0.0
2027,Class 7&8 Vocational,PHEV Diesel,1864.5465669325636,0.48599185472511625
2027,Class 7&8 Vocational,PHEV Gasoline,1970.1735973307375,0.513523415117714
2028,Class 4-6 Vocational,Battery Electric,92.10756750903177,0.016512991954014667
2028,Class 4-6 Vocational,H2 Fuel Cell,0.0,0.0
2028,Class 4-6 Vocational,PHEV Diesel,2986.998290502389,0.5355073428997562
2028,Class 4-6 Vocational,PHEV Gasoline,2498.7789835444064,0.447979665146229
2028,Class 7&8 Tractor,Battery Electric,5.463936101760868,1.0
2028,Class 7&8 Tractor,H2 Fuel Cell,0.0,0.0
2028,Class 7&8 Tractor,PHEV Diesel,0.0,0.0
2028,Class 7&8 Tractor,PHEV Gasoline,0.0,0.0
2028,Class 7&8 Vocational,Battery Electric,1.821312033920289,0.00041439560160126747
2028,Class 7&8 Vocational,H2 Fuel Cell,0.0,0.0
2028,Class 7&8 Vocational,PHEV Diesel,2136.0187410348394,0.4859995183348433
2028,Class 7&8 Vocational,PHEV Gasoline,2257.2645930291983,0.5135860860635555
2029,Class 4-6 Vocational,Battery Electric,90.00274884153328,0.014167411852228251
2029,Class 4-6 Vocational,H2 Fuel Cell,0.0,0.0
2029,Class 4-6 Vocational,PHEV Diesel,3409.9386813327483,0.5367614468569619
2029,Class 4-6 Vocational,PHEV Gasoline,2852.8596163610905,0.44907114129080977
2029,Class 7&8 Tractor,Battery Electric,5.33703177939739,1.0
2029,Class 7&8 Tractor,H2 Fuel Cell,0.0,0.0
2029,Class 7&8 Tractor,PHEV Diesel,0.0,0.0
2029,Class 7&8 Tractor,PHEV Gasoline,0.0,0.0
2029,Class 7&8 Vocational,Battery Electric,1.7790105931324633,0.0003589729612973511
2029,Class 7&8 Vocational,H2 Fuel Cell,0.0,0.0
2029,Class 7&8 Vocational,PHEV Diesel,2408.1910627437014,0.4859304832135722
2029,Class 7&8 Vocational,PHEV Gasoline,2545.864446073781,0.5137105438251305
2030,Class 4-6 Vocational,Battery Electric,87.71444030983503,0.012268430551150325
2030,Class 4-6 Vocational,H2 Fuel Cell,0.0,0.0
2030,Class 4-6 Vocational,PHEV Diesel,3844.47185726838,0.5377180293249908
2030,Class 4-6 Vocational,PHEV Gasoline,3217.4193462839207,0.4500135401238588
2030,Class 7&8 Tractor,Battery Electric,5.199301927025845,1.0
2030,Class 7&8 Tractor,H2 Fuel Cell,0.0,0.0
2030,Class 7&8 Tractor,PHEV Diesel,0.0,0.0
2030,Class 7&8 Tractor,PHEV Gasoline,0.0,0.0
2030,Class 7&8 Vocational,Battery Electric,1.7331006423419484,0.0003141141024678502
2030,Class 7&8 Vocational,H2 Fuel Cell,0.0,0.0
2030,Class 7&8 Vocational,PHEV Diesel,2681.407966943101,0.48598912048657134
2030,Class 7&8 Vocational,PHEV Gasoline,2834.2827880319023,0.5136967654109608
2031,Class 4-6 Vocational,Battery Electric,85.25861088373345,0.010706045457677678
2031,Class 4-6 Vocational,H2 Fuel Cell,0.0,0.0
2031,Class 4-6 Vocational,PHEV Diesel,4288.662047777499,0.5385334145161755
2031,Class 4-6 Vocational,PHEV Gasoline,3589.674416735308,0.45076054002614685
2031,Class 7&8 Tractor,Battery Electric,5.051708840065112,1.0
2031,Class 7&8 Tractor,H2 Fuel Cell,0.0,0.0
2031,Class 7&8 Tractor,PHEV Diesel,0.0,0.0
2031,Class 7&8 Tractor,PHEV Gasoline,0.0,0.0
2031,Class 7&8 Vocational,Battery Electric,1.6839029466883708,0.0002770221815193962
2031,Class 7&8 Vocational,H2 Fuel Cell,0.0,0.0
2031,Class 7&8 Vocational,PHEV Diesel,2954.042181135112,0.48597528196487455
2031,Class 7&8 Vocational,PHEV Gasoline,3122.8591665742715,0.5137476958536061
2032,Class 4-6 Vocational,Battery Electric,85.50557384849064,0.009723210961020082
2032,Class 4-6 Vocational,H2 Fuel Cell,0.0001212979828313403,1.3793321571119225e-08
2032,Class 4-6 Vocational,PHEV Diesel,4740.598119640075,0.5390740453990793
2032,Class 4-6 Vocational,PHEV Gasoline,3967.86087355341,0.45120272984657905
2032,Class 7&8 Tractor,Battery Electric,4.895268824372774,1.0
2032,Class 7&8 Tractor,H2 Fuel Cell,0.0,0.0
2032,Class 7&8 Tractor,PHEV Diesel,0.0,0.0
2032,Class 7&8 Tractor,PHEV Gasoline,0.0,0.0
2032,Class 7&8 Vocational,Battery Electric,2.1305156951369932,0.00032117010422858785
2032,Class 7&8 Vocational,H2 Fuel Cell,3.496660439360901e-22,5.271131305556092e-26
2032,Class 7&8 Vocational,PHEV Diesel,3223.50438805607,0.48593551441859173
2032,Class 7&8 Vocational,PHEV Gasoline,3407.9703636326817,0.5137433154771796
2033,Class 4-6 Vocational,Battery Electric,130.48702110463046,0.013468804503160329
2033,Class 4-6 Vocational,H2 Fuel Cell,0.0016044319434974769,1.6560865596177097e-07
2033,Class 4-6 Vocational,PHEV Diesel,5203.379271338933,0.5370901838985574
2033,Class 4-6 Vocational,PHEV Gasoline,4354.224396246195,0.44944084598962614
2033,Class 7&8 Tractor,Battery Electric,4.731040450909947,1.0
2033,Class 7&8 Tractor,H2 Fuel Cell,0.0,0.0
2033,Class 7&8 Tractor,PHEV Diesel,0.0,0.0
2033,Class 7&8 Tractor,PHEV Gasoline,0.0,0.0
2033,Class 7&8 Vocational,Battery Electric,20.26633813322605,0.002813004265834403
2033,Class 7&8 Vocational,H2 Fuel Cell,2.921138755369543e-20,4.0545932501130594e-24
2033,Class 7&8 Vocational,PHEV Diesel,3492.2318242516226,0.4847280724482177
2033,Class 7&8 Vocational,PHEV Gasoline,3692.019221172897,0.5124589232859479
2034,Class 4-6 Vocational,Battery Electric,914.8492744752411,0.08062473434947716
2034,Class 4-6 Vocational,H2 Fuel Cell,0.01725690493049764,1.5208334471420176e-06
2034,Class 4-6 Vocational,PHEV Diesel,5679.11844370132,0.5004949215544541
2034,Class 4-6 Vocational,PHEV Gasoline,4753.020157483931,0.4188788232626215
2034,Class 7&8 Tractor,Battery Electric,4.560112537844814,1.0
2034,Class 7&8 Tractor,H2 Fuel Cell,0.0,0.0
2034,Class 7&8 Tractor,PHEV Diesel,0.0,0.0
2034,Class 7&8 Tractor,PHEV Gasoline,0.0,0.0
2034,Class 7&8 Vocational,Battery Electric,623.1843509285967,0.07454077525073592
2034,Class 7&8 Vocational,H2 Fuel Cell,2.8294598388506663e-18,3.384393873409647e-22
2034,Class 7&8 Vocational,PHEV Diesel,3760.6893816759807,0.44982628586489876
2034,Class 7&8 Vocational,PHEV Gasoline,3976.44112637516,0.4756329388843652
2035,Class 4-6 Vocational,Battery Electric,11990.616325196866,0.5142607130711494
2035,Class 4-6 Vocational,H2 Fuel Cell,0.13119222629778787,5.62665054201743e-06
2035,Class 4-6 Vocational,PHEV Diesel,6165.950542962292,0.2644489688425727
2035,Class 4-6 Vocational,PHEV Gasoline,5159.522721072394,0.22128469143573593
2035,Class 7&8 Tractor,Battery Electric,4.383592052508887,1.0
2035,Class 7&8 Tractor,H2 Fuel Cell,0.0,0.0
2035,Class 7&8 Tractor,PHEV Diesel,0.0,0.0
2035,Class 7&8 Tractor,PHEV Gasoline,0.0,0.0
2035,Class 7&8 Vocational,Battery Electric,10738.351708207252,0.5644802498749063
2035,Class 7&8 Vocational,H2 Fuel Cell,2.5975729986164987e-16,1.3654597047763703e-20
2035,Class 7&8 Vocational,PHEV Diesel,4026.375482985428,0.2116534735017775
2035,Class 7&8 Vocational,PHEV Gasoline,4258.704913981883,0.22386627662331615
2036,Class 4-6 Vocational,Battery Electric,40152.19036032453,0.7664014043066845
2036,Class 4-6 Vocational,H2 Fuel Cell,0.2854245474725544,5.448015962355026e-06
2036,Class 4-6 Vocational,PHEV Diesel,6663.04024836489,0.12718019508954972
2036,Class 4-6 Vocational,PHEV Gasoline,5575.033011552128,0.1064129525878035
2036,Class 7&8 Tractor,Battery Electric,4.202592122598844,1.0
2036,Class 7&8 Tractor,H2 Fuel Cell,0.0,0.0
2036,Class 7&8 Tractor,PHEV Diesel,0.0,0.0
2036,Class 7&8 Tractor,PHEV Gasoline,0.0,0.0
2036,Class 7&8 Vocational,Battery Electric,25007.14524636841,0.7391063503014217
2036,Class 7&8 Vocational,H2 Fuel Cell,3.776521405949431e-14,1.1161813656406177e-18
2036,Class 7&8 Vocational,PHEV Diesel,4289.830109543182,0.12678938937014636
2036,Class 7&8 Vocational,PHEV Gasoline,4537.3236406672095,0.134104260328432
2037,Class 4-6 Vocational,Battery Electric,70837.64568086744,0.8431198462372083
2037,Class 4-6 Vocational,H2 Fuel Cell,0.38066888947579874,4.530775867510368e-06
2037,Class 4-6 Vocational,PHEV Diesel,7175.576429146423,0.08540474259775237
2037,Class 4-6 Vocational,PHEV Gasoline,6004.874543165961,0.07147088038917183
2037,Class 7&8 Tractor,Battery Electric,4.018220339155799,1.0
2037,Class 7&8 Tractor,H2 Fuel Cell,0.0,0.0
2037,Class 7&8 Tractor,PHEV Diesel,0.0,0.0
2037,Class 7&8 Tractor,PHEV Gasoline,0.0,0.0
2037,Class 7&8 Vocational,Battery Electric,39328.37593107801,0.8075500141887233
2037,Class 7&8 Vocational,H2 Fuel Cell,4.151754248228101e-12,8.525013104889721e-17
2037,Class 7&8 Vocational,PHEV Diesel,4554.629438626581,0.09352257703783737
2037,Class 7&8 Vocational,PHEV Gasoline,4817.8493638413875,0.09892740877343925
2038,Class 4-6 Vocational,Battery Electric,101983.22734504603,0.8781519147861067
2038,Class 4-6 Vocational,H2 Fuel Cell,0.5434890061494148,4.6798471066280724e-06
2038,Class 4-6 Vocational,PHEV Diesel,7703.768658377888,0.06633521388311271
2038,Class 4-6 Vocational,PHEV Gasoline,6446.384066668821,0.055508191483674
2038,Class 7&8 Tractor,Battery Electric,3.8315675234014663,1.0
2038,Class 7&8 Tractor,H2 Fuel Cell,0.0,0.0
2038,Class 7&8 Tractor,PHEV Diesel,0.0,0.0
2038,Class 7&8 Tractor,PHEV Gasoline,0.0,0.0
2038,Class 7&8 Vocational,Battery Electric,53533.411272702135,0.843727918785583
2038,Class 7&8 Vocational,H2 Fuel Cell,4.358687302053228e-10,6.869627917535267e-15
2038,Class 7&8 Vocational,PHEV Diesel,4818.385162637978,0.07594147259681383
2038,Class 7&8 Vocational,PHEV Gasoline,5096.869989915684,0.08033060861759633
2039,Class 4-6 Vocational,Battery Electric,133694.6517005043,0.89814959572681
2039,Class 4-6 Vocational,H2 Fuel Cell,5.23056798210534,3.513852243748197e-05
2039,Class 4-6 Vocational,PHEV Diesel,8250.853598344476,0.05542855102651974
2039,Class 4-6 Vocational,PHEV Gasoline,6904.925079399931,0.0463867147242328
2039,Class 7&8 Tractor,Battery Electric,3.6436971158024276,1.0
2039,Class 7&8 Tractor,H2 Fuel Cell,0.0,0.0
2039,Class 7&8 Tractor,PHEV Diesel,0.0,0.0
2039,Class 7&8 Tractor,PHEV Gasoline,0.0,0.0
2039,Class 7&8 Vocational,Battery Electric,68113.24139290748,0.8668673360406887
2039,Class 7&8 Vocational,H2 Fuel Cell,4.778793073756403e-08,6.081900577070859e-13
2039,Class 7&8 Vocational,PHEV Diesel,5083.751094029517,0.06470016222769558
2039,Class 7&8 Vocational,PHEV Gasoline,5377.01596972607,0.06843250173100758
2040,Class 4-6 Vocational,Battery Electric,167060.1109341499,0.9106815311358574
2040,Class 4-6 Vocational,H2 Fuel Cell,181.05621857374675,0.0009869774025075362
2040,Class 4-6 Vocational,PHEV Diesel,8821.098335696995,0.04808575364719442
2040,Class 4-6 Vocational,PHEV Gasoline,7382.885447914247,0.04024573781444077
2040,Class 7&8 Tractor,Battery Electric,3.455635329180402,0.9999999999462044
2040,Class 7&8 Tractor,H2 Fuel Cell,1.858978378875797e-10,5.379556005455875e-11
2040,Class 7&8 Tractor,PHEV Diesel,0.0,0.0
2040,Class 7&8 Tractor,PHEV Gasoline,0.0,0.0
2040,Class 7&8 Vocational,Battery Electric,95798.35824464013,0.8969149426103445
2040,Class 7&8 Vocational,H2 Fuel Cell,4.9603057123071495e-06,4.644100791291639e-11
2040,Class 7&8 Vocational,PHEV Diesel,5350.421549476142,0.05009347889589788
2040,Class 7&8 Vocational,PHEV Gasoline,5659.963921741035,0.05299157844731654
2041,Class 4-6 Vocational,Battery Electric,207147.89984210389,0.9176764941922931
2041,Class 4-6 Vocational,H2 Fuel Cell,1304.50333998832,0.005779020944045793
2041,Class 4-6 Vocational,PHEV Diesel,9405.787739658255,0.041668152680406995
2041,Class 4-6 Vocational,PHEV Gasoline,7872.664290388602,0.03487633218325412
2041,Class 7&8 Tractor,Battery Electric,3.268362188760806,0.999999999652473
2041,Class 7&8 Tractor,H2 Fuel Cell,1.1358444687614287e-09,3.475271107567627e-10
2041,Class 7&8 Tractor,PHEV Diesel,0.0,0.0
2041,Class 7&8 Tractor,PHEV Gasoline,0.0,0.0
2041,Class 7&8 Vocational,Battery Electric,132033.87864755112,0.9195109076723733
2041,Class 7&8 Vocational,H2 Fuel Cell,1.5902142690949908e-05,1.1074577077844673e-10
2041,Class 7&8 Vocational,PHEV Diesel,5616.121518134752,0.039111817721596664
2041,Class 7&8 Vocational,PHEV Gasoline,5941.421677428692,0.04137727449528424
2042,Class 4-6 Vocational,Battery Electric,266161.3270380902,0.918598885686094
2042,Class 4-6 Vocational,H2 Fuel Cell,5200.830130838034,0.01794955268669358
2042,Class 4-6 Vocational,PHEV Diesel,10008.224301857814,0.03454124531798487
2042,Class 4-6 Vocational,PHEV Gasoline,8376.679172877242,0.028910316309227548
2042,Class 7&8 Tractor,Battery Electric,3.0828035612749596,0.9999999984565027
2042,Class 7&8 Tractor,H2 Fuel Cell,4.7582991659862535e-09,1.5434973601347257e-09
2042,Class 7&8 Tractor,PHEV Diesel,0.0,0.0
2042,Class 7&8 Tractor,PHEV Gasoline,0.0,0.0
2042,Class 7&8 Vocational,Battery Electric,173130.09182085082,0.9346670201014922
2042,Class 7&8 Vocational,H2 Fuel Cell,3.549601670682234e-05,1.9163021177837077e-10
2042,Class 7&8 Vocational,PHEV Diesel,5880.611911848218,0.03174730605299982
2042,Class 7&8 Vocational,PHEV Gasoline,6221.136124958805,0.03358567365387778
2043,Class 4-6 Vocational,Battery Electric,355090.20251758303,0.9076285111621503
2043,Class 4-6 Vocational,H2 Fuel Cell,16607.293077032107,0.04244908077742233
2043,Class 4-6 Vocational,PHEV Diesel,10632.719865019495,0.02717776957029389
2043,Class 4-6 Vocational,PHEV Gasoline,8898.352341652988,0.022744638490133546
2043,Class 7&8 Tractor,Battery Electric,2.8998242532108645,0.9999999910222092
2043,Class 7&8 Tractor,H2 Fuel Cell,2.60340156830474e-08,8.977790781800995e-09
2043,Class 7&8 Tractor,PHEV Diesel,0.0,0.0
2043,Class 7&8 Tractor,PHEV Gasoline,0.0,0.0
2043,Class 7&8 Vocational,Battery Electric,216498.3160709514,0.9448179815131227
2043,Class 7&8 Vocational,H2 Fuel Cell,0.0001091164081249597,4.761937475800038e-10
2043,Class 7&8 Vocational,PHEV Diesel,6144.68152860185,0.026815938822322943
2043,Class 7&8 Vocational,PHEV Gasoline,6499.885160928267,0.028366079188360666
2044,Class 4-6 Vocational,Battery Electric,452085.8231215751,0.8804303493159595
2044,Class 4-6 Vocational,H2 Fuel Cell,40685.2676872751,0.07923394764867038
2044,Class 4-6 Vocational,PHEV Diesel,11275.584467063445,0.021959031368273197
2044,Class 4-6 Vocational,PHEV Gasoline,9436.104449726312,0.01837667166709687
2044,Class 7&8 Tractor,Battery Electric,2.720222236263867,0.9999999492778872
2044,Class 7&8 Tractor,H2 Fuel Cell,1.3797542636688803e-07,5.0722112895447635e-08
2044,Class 7&8 Tractor,PHEV Diesel,0.0,0.0
2044,Class 7&8 Tractor,PHEV Gasoline,0.0,0.0
2044,Class 7&8 Vocational,Battery Electric,259602.91449456045,0.9516670772375097
2044,Class 7&8 Vocational,H2 Fuel Cell,0.0004917496659818104,1.8026837960143045e-09
2044,Class 7&8 Vocational,PHEV Diesel,6407.146424773908,0.023487680496072038
2044,Class 7&8 Vocational,PHEV Gasoline,6777.471859619612,0.024845240463734517
2045,Class 4-6 Vocational,Battery Electric,550171.7108670863,0.8483936145819175
2045,Class 4-6 Vocational,H2 Fuel Cell,76389.15483940738,0.11779608058531987
2045,Class 4-6 Vocational,PHEV Diesel,11936.148533283516,0.018406166653642225
2045,Class 4-6 Vocational,PHEV Gasoline,9989.373930656075,0.01540413817912042
2045,Class 7&8 Tractor,Battery Electric,2.6212197822025898,0.9999981768272098
2045,Class 7&8 Tractor,H2 Fuel Cell,4.778945296842089e-06,1.8231727901821938e-06
2045,Class 7&8 Tractor,PHEV Diesel,0.0,0.0
2045,Class 7&8 Tractor,PHEV Gasoline,0.0,0.0
2045,Class 7&8 Vocational,Battery Electric,301881.3583369122,0.9565256481391458
2045,Class 7&8 Vocational,H2 Fuel Cell,0.002153404031288862,6.823164563991463e-09
2045,Class 7&8 Vocational,PHEV Diesel,6667.854163805178,0.02112741760825445
2045,Class 7&8 Vocational,PHEV Gasoline,7052.733839577049,0.022346927429435278
2046,Class 4-6 Vocational,Battery Electric,649011.2869362007,0.814528430427383
2046,Class 4-6 Vocational,H2 Fuel Cell,124603.25157288862,0.15638077946060483
2046,Class 4-6 Vocational,PHEV Diesel,12618.753840978492,0.015836910646905445
2046,Class 4-6 Vocational,PHEV Gasoline,10560.61034485043,0.013253879465106734
2046,Class 7&8 Tractor,Battery Electric,3.066784920745621,0.9999912225998547
2046,Class 7&8 Tractor,H2 Fuel Cell,2.691863468439807e-05,8.777400145239227e-06
2046,Class 7&8 Tractor,PHEV Diesel,0.0,0.0
2046,Class 7&8 Tractor,PHEV Gasoline,0.0,0.0
2046,Class 7&8 Vocational,Battery Electric,343280.0470961253,0.9601345136804874
2046,Class 7&8 Vocational,H2 Fuel Cell,0.013659268608664928,3.8204187320969635e-08
2046,Class 7&8 Vocational,PHEV Diesel,6926.682623775218,0.019373532218536476
2046,Class 7&8 Vocational,PHEV Gasoline,7326.542014591524,0.02049191589678878
2047,Class 4-6 Vocational,Battery Electric,747738.2628303433,0.7843685100516898
2047,Class 4-6 Vocational,H2 Fuel Cell,181103.42740198364,0.18997533305150505
2047,Class 4-6 Vocational,PHEV Diesel,13314.741660184567,0.013967005029528263
2047,Class 4-6 Vocational,PHEV Gasoline,11143.264931201362,0.011689151867276853
2047,Class 7&8 Tractor,Battery Electric,7.570050161010544,0.9999822067657057
2047,Class 7&8 Tractor,H2 Fuel Cell,0.00013469807284840086,1.7793234294242885e-05
2047,Class 7&8 Tractor,PHEV Diesel,0.0,0.0
2047,Class 7&8 Tractor,PHEV Gasoline,0.0,0.0
2047,Class 7&8 Vocational,Battery Electric,383314.00452946965,0.962881826400086
2047,Class 7&8 Vocational,H2 Fuel Cell,0.05586348398277387,1.4032864140310796e-07
2047,Class 7&8 Vocational,PHEV Diesel,7180.535965690024,0.018037451028334546
2047,Class 7&8 Vocational,PHEV Gasoline,7595.796480694516,0.019080582242938068
2048,Class 4-6 Vocational,Battery Electric,845544.2327194968,0.7592107911244728
2048,Class 4-6 Vocational,H2 Fuel Cell,242411.23069805573,0.2176600763319053
2048,Class 4-6 Vocational,PHEV Diesel,14023.461408813064,0.012591610016953974
2048,Class 4-6 Vocational,PHEV Gasoline,11735.79393725332,0.010537522526667972
2048,Class 7&8 Tractor,Battery Electric,37.247986118889386,0.999983910351035
2048,Class 7&8 Tractor,H2 Fuel Cell,0.0005993166641010866,1.608964896500589e-05
2048,Class 7&8 Tractor,PHEV Diesel,0.0,0.0
2048,Class 7&8 Tractor,PHEV Gasoline,0.0,0.0
2048,Class 7&8 Vocational,Battery Electric,421784.37800472823,0.9650195560921537
2048,Class 7&8 Vocational,H2 Fuel Cell,0.251229287947113,5.74798851202007e-07
2048,Class 7&8 Vocational,PHEV Diesel,7429.345554441623,0.016997935729431167
2048,Class 7&8 Vocational,PHEV Gasoline,7859.424752525481,0.017981933379563914
2049,Class 4-6 Vocational,Battery Electric,944159.1812928002,0.7375804503414071
2049,Class 4-6 Vocational,H2 Fuel Cell,308797.0896453766,0.24123336504855694
2049,Class 4-6 Vocational,PHEV Diesel,14764.271448791438,0.011533900426887062
2049,Class 4-6 Vocational,PHEV Gasoline,12355.659274522526,0.009652284183148898
2049,Class 7&8 Tractor,Battery Electric,200.87345321826223,0.9999881406840406
2049,Class 7&8 Tractor,H2 Fuel Cell,0.002382250001435518,1.1859315959444458e-05
2049,Class 7&8 Tractor,PHEV Diesel,0.0,0.0
2049,Class 7&8 Tractor,PHEV Gasoline,0.0,0.0
2049,Class 7&8 Vocational,Battery Electric,459316.28688022855,0.9667340703393201
2049,Class 7&8 Vocational,H2 Fuel Cell,0.912880520263124,1.9213616549102914e-06
2049,Class 7&8 Vocational,PHEV Diesel,7680.068121882092,0.01616442466340491
2049,Class 7&8 Vocational,PHEV Gasoline,8124.38239603389,0.017099583635620138
2050,Class 4-6 Vocational,Battery Electric,1044572.6574709248,0.7195055765538717
2050,Class 4-6 Vocational,H2 Fuel Cell,378663.79657424387,0.26082504776056026
2050,Class 4-6 Vocational,PHEV Diesel,15545.526862265284,0.010707817391036023
2050,Class 4-6 Vocational,PHEV Gasoline,13010.321348216801,0.008961558294531977
2050,Class 7&8 Tractor,Battery Electric,708.43093924501,0.9999907915048016
2050,Class 7&8 Tractor,H2 Fuel Cell,0.00652364297532557,9.208495198336308e-06
2050,Class 7&8 Tractor,PHEV Diesel,0.0,0.0
2050,Class 7&8 Tractor,PHEV Gasoline,0.0,0.0
2050,Class 7&8 Vocational,Battery Electric,496136.46338451555,0.9681211632408404
2050,Class 7&8 Vocational,H2 Fuel Cell,4.727660994234612,9.225180971227135e-06
2050,Class 7&8 Vocational,PHEV Diesel,7936.683784521705,0.01548701235408064
2050,Class 7&8 Vocational,PHEV Gasoline,8395.648343112052,0.016382599224107643
