Year,vehicle type,fuel type,Stock,VMT_millions,vehicle category,Fraction
2018,Class 4-6 Vocational,Diesel,2059238.0,37818.89186650094,Diesel Class 4-6 Vocational,0.5887427891632384
2018,Class 4-6 Vocational,Electric,101.0,2.2748445531186356,Electric Class 4-6 Vocational,2.887622591729906e-05
2018,Class 4-6 Vocational,Gasoline,1438348.0,18945.786779504564,Gasoline Class 4-6 Vocational,0.41122833461084424
2018,Class 7&8 Tractor,Diesel,2818447.0,140459.83288787008,Diesel Class 7&8 Tractor,0.9999978711725901
2018,Class 7&8 Tractor,Electric,6.0,0.12861426195261982,Electric Class 7&8 Tractor,2.1288274099301994e-06
2018,Class 7&8 Vocational,Diesel,1957950.0,33450.77402712136,Diesel Class 7&8 Vocational,0.999998978524499
2018,Class 7&8 Vocational,Electric,2.0,0.02143571032543664,Electric Class 7&8 Vocational,1.0214755009315856e-06
2019,Class 4-6 Vocational,Diesel,2106688.246616429,38416.17292370153,Diesel Class 4-6 Vocational,0.5927601803284915
2019,Class 4-6 Vocational,Electric,100.95612903225806,2.0882771176773245,Electric Class 4-6 Vocational,2.8406088725534856e-05
2019,Class 4-6 Vocational,Gasoline,1447242.1180645162,18999.632336666888,Gasoline Class 4-6 Vocational,0.40721141358278296
2019,Class 7&8 Tractor,Diesel,2901534.538297316,143264.01609463242,Diesel Class 7&8 Tractor,0.9999979321329753
2019,Class 7&8 Tractor,Electric,6.0,0.12471969426341911,Electric Class 7&8 Tractor,2.06786702470851e-06
2019,Class 7&8 Vocational,Diesel,1978331.7763517916,33527.25792665719,Diesel Class 7&8 Vocational,0.9999989890482466
2019,Class 7&8 Vocational,Electric,2.0,0.020786615710569854,Electric Class 7&8 Vocational,1.0109517533932837e-06
2020,Class 4-6 Vocational,Diesel,2135934.9953784337,35420.827061629105,Diesel Class 4-6 Vocational,0.5998022401119174
2020,Class 4-6 Vocational,Electric,100.86603288241415,1.7832203338037866,Electric Class 4-6 Vocational,2.8324678702759546e-05
2020,Class 4-6 Vocational,Gasoline,1425029.5240395425,16913.902064250113,Gasoline Class 4-6 Vocational,0.4001694352093798
2020,Class 7&8 Tractor,Diesel,2999421.5752854184,134707.0824920312,Diesel Class 7&8 Tractor,0.9999979996183107
2020,Class 7&8 Tractor,Electric,6.0,0.11140496445935318,Electric Class 7&8 Tractor,2.0003816893058516e-06
2020,Class 7&8 Vocational,Diesel,2008590.6760322535,30833.0045432942,Diesel Class 7&8 Vocational,0.9999990042779585
2020,Class 7&8 Vocational,Electric,2.0,0.018567494076558864,Electric Class 7&8 Vocational,9.957220415394387e-07
2021,Class 4-6 Vocational,Diesel,2189311.182346111,37370.461356435255,Diesel Class 4-6 Vocational,0.6077368967493777
2021,Class 4-6 Vocational,Electric,681.6373859681112,13.987576254343878,Electric Class 4-6 Vocational,0.00018921759181474246
2021,Class 4-6 Vocational,Gasoline,1412406.8273128048,17008.444027746536,Gasoline Class 4-6 Vocational,0.39207388565880763
2021,Class 7&8 Tractor,Diesel,3074634.3042627745,141856.92305530026,Diesel Class 7&8 Tractor,0.9999980535882033
2021,Class 7&8 Tractor,Electric,5.984516129032258,0.11315053187925488,Electric Class 7&8 Tractor,1.9464117968118524e-06
2021,Class 7&8 Vocational,Diesel,2029663.0124777432,31950.419872492766,Diesel Class 7&8 Vocational,0.9997497773158621
2021,Class 7&8 Vocational,Electric,507.9948387096774,4.957599199319475,Electric Class 7&8 Vocational,0.0002502226841379051
2022,Class 4-6 Vocational,Diesel,2246623.237961594,38588.74978090351,Diesel Class 4-6 Vocational,0.6150720127003213
2022,Class 4-6 Vocational,Electric,1299.1503070547174,26.05339491913177,Electric Class 4-6 Vocational,0.0003556764572974855
2022,Class 4-6 Vocational,Gasoline,1404695.8280900365,16809.310515475263,Gasoline Class 4-6 Vocational,0.3845723108423813
2022,Class 7&8 Tractor,Diesel,3150093.0690881913,145582.47879715226,Diesel Class 7&8 Tractor,0.9999981100186817
2022,Class 7&8 Tractor,Electric,5.953628303850156,0.11190822156028055,Electric Class 7&8 Tractor,1.8899813183383775e-06
2022,Class 7&8 Vocational,Diesel,2053203.6374678495,32361.864360504806,Diesel Class 7&8 Vocational,0.9994961712180472
2022,Class 7&8 Vocational,Electric,1034.9845427679502,9.923878097411572,Electric Class 7&8 Vocational,0.000503828781952772
2023,Class 4-6 Vocational,Diesel,2307234.559409638,39526.82727711851,Diesel Class 4-6 Vocational,0.621803238878606
2023,Class 4-6 Vocational,Electric,1955.407888274557,37.803634053690274,Electric Class 4-6 Vocational,0.0005269854134678908
2023,Class 4-6 Vocational,Gasoline,1401364.1359110556,16536.54969665023,Gasoline Class 4-6 Vocational,0.377669775707926
2023,Class 7&8 Tractor,Diesel,3224738.417175665,147794.52501131842,Diesel Class 7&8 Tractor,0.9999981680607506
2023,Class 7&8 Tractor,Electric,5.9075356976268,0.10895827714642403,Electric Class 7&8 Tractor,1.831939249371519e-06
2023,Class 7&8 Vocational,Diesel,2078879.256132618,32525.529676848793,Diesel Class 7&8 Vocational,0.9992400868041929
2023,Class 7&8 Vocational,Electric,1580.9691785658756,14.869054492251692,Electric Class 7&8 Vocational,0.0007599131958071454
2024,Class 4-6 Vocational,Diesel,2368656.8799771583,40380.56207046766,Diesel Class 4-6 Vocational,0.6278744305681347
2024,Class 4-6 Vocational,Electric,2637.4151857962224,49.10310168429735,Electric Class 4-6 Vocational,0.0006991158457570788
2024,Class 4-6 Vocational,Gasoline,1401206.645564747,16313.744396911155,Gasoline Class 4-6 Vocational,0.3714264535861082
2024,Class 7&8 Tractor,Diesel,3295332.7532892227,149334.39849359135,Diesel Class 7&8 Tractor,0.9999982258106392
2024,Class 7&8 Tractor,Electric,5.846554683973879,0.10485919566782467,Electric Class 7&8 Tractor,1.7741893607688199e-06
2024,Class 7&8 Vocational,Diesel,2103748.770721944,32645.432822880597,Diesel Class 7&8 Vocational,0.9989852493743137
2024,Class 7&8 Vocational,Electric,2136.948851561325,19.788675642877337,Electric Class 7&8 Vocational,0.0010147506256864265
2025,Class 4-6 Vocational,Diesel,2431091.073183064,41328.273350426796,Diesel Class 4-6 Vocational,0.6333481564043566
2025,Class 4-6 Vocational,Electric,3343.6798084983466,60.22264150197959,Electric Class 4-6 Vocational,0.0008710958901042511
2025,Class 4-6 Vocational,Gasoline,1404040.2604747298,16153.41799004572,Gasoline Class 4-6 Vocational,0.36578074770553914
2025,Class 7&8 Tractor,Diesel,3362825.24383456,150925.40325774648,Diesel Class 7&8 Tractor,0.9999982838521344
2025,Class 7&8 Tractor,Electric,5.771115268696796,0.09990995635403269,Electric Class 7&8 Tractor,1.7161478656051047e-06
2025,Class 7&8 Vocational,Diesel,2128209.640963888,32844.57183097632,Diesel Class 7&8 Vocational,0.9987335832561471
2025,Class 7&8 Vocational,Electric,2698.6178986379527,24.765800831178144,Electric Class 7&8 Vocational,0.0012664167438529096
2026,Class 4-6 Vocational,Diesel,2495403.740752832,42238.15073069611,Diesel Class 4-6 Vocational,0.6384485529921614
2026,Class 4-6 Vocational,Electric,4077.623446641889,71.0934718725719,Electric Class 4-6 Vocational,0.0010432591514710262
2026,Class 4-6 Vocational,Gasoline,1409061.8207726583,16035.304285004126,Gasoline Class 4-6 Vocational,0.36050818785636746
2026,Class 7&8 Tractor,Diesel,3427674.5514592314,152009.1742662458,Diesel Class 7&8 Tractor,0.999998342390282
2026,Class 7&8 Tractor,Electric,5.681756064536331,0.09363495848130046,Electric Class 7&8 Tractor,1.6576097179306089e-06
2026,Class 7&8 Vocational,Diesel,2153004.981016032,32981.12124416723,Diesel Class 7&8 Vocational,0.9984836702929546
2026,Class 7&8 Vocational,Electric,3269.623238979542,29.75966343609324,Electric Class 7&8 Vocational,0.0015163297070454485
2027,Class 4-6 Vocational,Diesel,2556977.858285478,43082.92487178646,Diesel Class 4-6 Vocational,0.6430049084357001
2027,Class 4-6 Vocational,Electric,4823.588647386051,81.59555370861607,Electric Class 4-6 Vocational,0.0012129910184766521
2027,Class 4-6 Vocational,Gasoline,1414805.6127334202,15951.633839679707,Gasoline Class 4-6 Vocational,0.35578210054582315
2027,Class 7&8 Tractor,Diesel,3483277.3350974233,152444.17523092625,Diesel Class 7&8 Tractor,0.9999983983161782
2027,Class 7&8 Tractor,Electric,5.5791178904672885,0.08625451580817761,Electric Class 7&8 Tractor,1.601683821804669e-06
2027,Class 7&8 Vocational,Diesel,2175627.3991291095,33041.23410906335,Diesel Class 7&8 Vocational,0.9982396681444635
2027,Class 7&8 Vocational,Electric,3836.5798702267903,34.64741014615151,Electric Class 7&8 Vocational,0.0017603318555364656
2028,Class 4-6 Vocational,Diesel,2615322.7549317577,44041.73506319844,Diesel Class 4-6 Vocational,0.6472498574626155
2028,Class 4-6 Vocational,Electric,5577.884841555827,92.152250093466,Electric Class 4-6 Vocational,0.0013804358035091149
2028,Class 4-6 Vocational,Gasoline,1419768.8555966655,15979.839181258158,Gasoline Class 4-6 Vocational,0.3513697067338753
2028,Class 7&8 Tractor,Diesel,3528095.3387969434,152917.57872682632,Diesel Class 7&8 Tractor,0.9999984513095268
2028,Class 7&8 Tractor,Electric,5.463936101760868,0.07834264932924861,Electric Class 7&8 Tractor,1.5486904732223713e-06
2028,Class 7&8 Vocational,Diesel,2194923.0715765976,33161.522757387116,Diesel Class 7&8 Vocational,0.9980016058187422
2028,Class 7&8 Vocational,Electric,4395.104646097958,39.53488383591555,Electric Class 7&8 Vocational,0.0019983941812578027
2029,Class 4-6 Vocational,Diesel,2670269.1188179073,45047.10578780826,Diesel Class 4-6 Vocational,0.6510971876711205
2029,Class 4-6 Vocational,Electric,6352.801046535372,102.94758781145057,Electric Class 4-6 Vocational,0.0015490164890437758
2029,Class 4-6 Vocational,Gasoline,1424561.696623089,16075.568117885317,Gasoline Class 4-6 Vocational,0.34735379583983567
2029,Class 7&8 Tractor,Diesel,3563655.225420184,153327.90715223248,Diesel Class 7&8 Tractor,0.9999985023737009
2029,Class 7&8 Tractor,Electric,5.33703177939739,0.06992674949483738,Electric Class 7&8 Tractor,1.4976262991010752e-06
2029,Class 7&8 Vocational,Diesel,2210950.9163747006,33306.53251910333,Diesel Class 7&8 Vocational,0.9977635184705265
2029,Class 7&8 Vocational,Electric,4955.834519410615,44.4280144895391,Electric Class 7&8 Vocational,0.0022364815294736353
2030,Class 4-6 Vocational,Diesel,2724942.9534350713,46029.91385866276,Diesel Class 4-6 Vocational,0.6545921072799001
2030,Class 4-6 Vocational,Electric,7149.605643862135,113.82771490904788,Electric Class 4-6 Vocational,0.0017174948263545355
2030,Class 4-6 Vocational,Gasoline,1430718.0265212073,16185.10117502659,Gasoline Class 4-6 Vocational,0.34369039789374534
2030,Class 7&8 Tractor,Diesel,3593543.7799310344,153520.85678401752,Diesel Class 7&8 Tractor,0.9999985531567938
2030,Class 7&8 Tractor,Electric,5.199301927025845,0.061255380547947186,Electric Class 7&8 Tractor,1.446843206276718e-06
2030,Class 7&8 Vocational,Diesel,2225807.3970947284,33427.14445959412,Diesel Class 7&8 Vocational,0.997527287912628
2030,Class 7&8 Vocational,Electric,5517.423855617346,49.203983310522624,Electric Class 7&8 Vocational,0.0024727120873721175
2031,Class 4-6 Vocational,Diesel,2776881.8992642537,46993.12089825445,Diesel Class 4-6 Vocational,0.6579594271008196
2031,Class 4-6 Vocational,Electric,7963.59507539654,124.79617909077031,Electric Class 4-6 Vocational,0.0018869086419768522
2031,Class 4-6 Vocational,Gasoline,1435599.9995414643,16311.141105652661,Gasoline Class 4-6 Vocational,0.34015366425720356
2031,Class 7&8 Tractor,Diesel,3618882.142594779,153615.6218676196,Diesel Class 7&8 Tractor,0.9999986040712051
2031,Class 7&8 Tractor,Electric,5.051708840065112,0.052855737671672474,Electric Class 7&8 Tractor,1.395928794911556e-06
2031,Class 7&8 Vocational,Diesel,2238802.5447126417,33553.76301866141,Diesel Class 7&8 Vocational,0.9972922462710729
2031,Class 7&8 Vocational,Electric,6078.585250656071,53.85863410890019,Electric Class 7&8 Vocational,0.002707753728927042
2032,Class 4-6 Vocational,Diesel,2827295.067569947,47963.017665326326,Diesel Class 4-6 Vocational,0.6609125090210463
2032,Class 4-6 Vocational,Electric,8793.964688339958,135.9520519967181,Electric Class 4-6 Vocational,0.0020556896706959843
2032,Class 4-6 Vocational,Gasoline,1441776.8410292077,16483.43180005792,Gasoline Class 4-6 Vocational,0.33703180130825783
2032,Class 7&8 Tractor,Diesel,3637291.8231732054,153628.78478399178,Diesel Class 7&8 Tractor,0.9999986541464161
2032,Class 7&8 Tractor,Electric,4.895268824372774,0.04524070247690911,Electric Class 7&8 Tractor,1.3458535839412007e-06
2032,Class 7&8 Vocational,Diesel,2248974.6230657906,33684.87168039134,Diesel Class 7&8 Vocational,0.9970590614167576
2032,Class 7&8 Vocational,Electric,6633.605267383889,58.32451578848614,Electric Class 7&8 Vocational,0.0029409385832423213
2033,Class 4-6 Vocational,Diesel,2872368.584873287,48891.144234299514,Diesel Class 4-6 Vocational,0.6636571543133559
2033,Class 4-6 Vocational,Electric,9688.092293121703,148.21852452408692,Electric Class 4-6 Vocational,0.0022384215576783093
2033,Class 4-6 Vocational,Gasoline,1446034.3653314987,16669.630311207355,Gasoline Class 4-6 Vocational,0.33410442412896585
2033,Class 7&8 Tractor,Diesel,3647902.5156178656,153567.80851495554,Diesel Class 7&8 Tractor,0.9999987030809363
2033,Class 7&8 Tractor,Electric,4.731040450909947,0.03892306877776216,Electric Class 7&8 Tractor,1.2969190637299893e-06
2033,Class 7&8 Vocational,Diesel,2256390.5528246015,33798.27817271187,Diesel Class 7&8 Vocational,0.9968172234166885
2033,Class 7&8 Vocational,Electric,7204.517383557745,62.754515156986294,Electric Class 7&8 Vocational,0.0031827765833114404
2034,Class 4-6 Vocational,Diesel,2913181.043377738,49784.99948038184,Diesel Class 4-6 Vocational,0.6658658705998639
2034,Class 4-6 Vocational,Electric,11347.005132565422,176.02449467587448,Electric Class 4-6 Vocational,0.0025935852728659623
2034,Class 4-6 Vocational,Gasoline,1450498.7729624915,16886.622222305516,Gasoline Class 4-6 Vocational,0.33154054412727013
2034,Class 7&8 Tractor,Diesel,3650721.6582026426,153478.58464811085,Diesel Class 7&8 Tractor,0.9999987509026246
2034,Class 7&8 Tractor,Electric,4.560112537844814,0.03446310185384907,Electric Class 7&8 Tractor,1.2490973754666594e-06
2034,Class 7&8 Vocational,Diesel,2260133.144023756,33899.66762021276,Diesel Class 7&8 Vocational,0.9963145960036855
2034,Class 7&8 Vocational,Electric,8360.314858979738,72.53500315034252,Electric Class 7&8 Vocational,0.003685403996314501
2035,Class 4-6 Vocational,Diesel,2942873.2694841293,50450.56127250274,Diesel Class 4-6 Vocational,0.6652515743108344
2035,Class 4-6 Vocational,Electric,23316.22078145785,418.23079551131116,Electric Class 4-6 Vocational,0.005270751120235243
2035,Class 4-6 Vocational,Gasoline,1457510.3296601172,17163.8672697027,Gasoline Class 4-6 Vocational,0.3294776745689304
2035,Class 7&8 Tractor,Diesel,3651649.4490199145,153506.65317249132,Diesel Class 7&8 Tractor,0.9999987995598013
2035,Class 7&8 Tractor,Electric,4.383592052508887,0.032479685107068224,Electric Class 7&8 Tractor,1.200440198728634e-06
2035,Class 7&8 Vocational,Diesel,2253158.747241156,33806.66691962281,Diesel Class 7&8 Vocational,0.9916276818478317
2035,Class 7&8 Vocational,Electric,19023.43210517456,173.5390267328667,Electric Class 7&8 Vocational,0.008372318152168276
2036,Class 4-6 Vocational,Diesel,2955967.286962728,50733.672871560586,Diesel Class 4-6 Vocational,0.6606715489809419
2036,Class 4-6 Vocational,Electric,52390.54904478902,1015.70025265942,Electric Class 4-6 Vocational,0.011709515643844542
2036,Class 4-6 Vocational,Gasoline,1465828.0003921026,17508.38410394915,Gasoline Class 4-6 Vocational,0.3276189353752135
2036,Class 7&8 Tractor,Diesel,3653608.323155299,153588.72752426317,Diesel Class 7&8 Tractor,0.9999988497433451
2036,Class 7&8 Tractor,Electric,4.202592122598844,0.027735425432521492,Electric Class 7&8 Tractor,1.150256655018205e-06
2036,Class 7&8 Vocational,Diesel,2241404.683266099,33599.759732483006,Diesel Class 7&8 Vocational,0.9851293427809805
2036,Class 7&8 Vocational,Electric,33834.2989965788,314.27062002034955,Electric Class 7&8 Vocational,0.01487065721901938
2037,Class 4-6 Vocational,Diesel,2967464.720925339,51044.91461480889,Diesel Class 4-6 Vocational,0.6554422354931667
2037,Class 4-6 Vocational,Electric,84018.4773220693,1651.9325777504032,Electric Class 4-6 Vocational,0.01855767929114146
2037,Class 4-6 Vocational,Gasoline,1475940.5169676547,17925.031139929608,Gasoline Class 4-6 Vocational,0.32600008521569185
2037,Class 7&8 Tractor,Diesel,3654880.5890252353,153858.66092890286,Diesel Class 7&8 Tractor,0.9999989005890005
2037,Class 7&8 Tractor,Electric,4.018220339155799,0.021979472864346986,Electric Class 7&8 Tractor,1.0994109995127986e-06
2037,Class 7&8 Vocational,Diesel,2228958.47584309,33389.97130485136,Diesel Class 7&8 Vocational,0.9786180250576735
2037,Class 7&8 Vocational,Electric,48700.85473354598,456.7260185557239,Electric Class 7&8 Vocational,0.02138197494232659
2038,Class 4-6 Vocational,Diesel,2977333.0165161155,51347.98749138781,Diesel Class 4-6 Vocational,0.6500179209337655
2038,Class 4-6 Vocational,Electric,116133.9235590989,2280.3206926993867,Electric Class 4-6 Vocational,0.02535461472499266
2038,Class 4-6 Vocational,Gasoline,1486919.1087265003,18315.411259828063,Gasoline Class 4-6 Vocational,0.32462746434124184
2038,Class 7&8 Tractor,Diesel,3654829.4582898,154126.0438102172,Diesel Class 7&8 Tractor,0.9999989516436949
2038,Class 7&8 Tractor,Electric,3.8315675234014663,0.018881964169441566,Electric Class 7&8 Tractor,1.048356305069948e-06
2038,Class 7&8 Vocational,Diesel,2214924.921801885,33168.3389935613,Diesel Class 7&8 Vocational,0.9721517723199087
2038,Class 7&8 Vocational,Electric,63448.66642525623,600.6257132991063,Electric Class 7&8 Vocational,0.027848227680091396
2039,Class 4-6 Vocational,Diesel,2985014.8817032254,51697.62478743665,Diesel Class 4-6 Vocational,0.6441515417513397
2039,Class 4-6 Vocational,Electric,148855.6609462308,2903.9241897981415,Electric Class 4-6 Vocational,0.032122320087803954
2039,Class 4-6 Vocational,Gasoline,1500155.2854770618,18770.567079049106,Gasoline Class 4-6 Vocational,0.3237261381608563
2039,Class 7&8 Tractor,Diesel,3650010.5371295554,154415.43279949733,Diesel Class 7&8 Tractor,0.9999990017306961
2039,Class 7&8 Tractor,Electric,3.6436971158024276,0.020447481725081845,Electric Class 7&8 Tractor,9.982693039776594e-07
2039,Class 7&8 Vocational,Diesel,2197779.8521599304,32937.56129004765,Diesel Class 7&8 Vocational,0.9654825157827501
2039,Class 7&8 Vocational,Electric,78574.00845671086,751.3348250659786,Electric Class 7&8 Vocational,0.03451748421724993
2040,Class 4-6 Vocational,Diesel,2989727.010035912,52040.36466620511,Diesel Class 4-6 Vocational,0.6379179383990496
2040,Class 4-6 Vocational,Electric,183445.15093633492,3548.944917334356,Electric Class 4-6 Vocational,0.039141684876842185
2040,Class 4-6 Vocational,Gasoline,1513523.1489904714,19226.40054717127,Gasoline Class 4-6 Vocational,0.32294037672410825
2040,Class 7&8 Tractor,Diesel,3642038.4049716443,154896.88662900016,Diesel Class 7&8 Tractor,0.999999051181875
2040,Class 7&8 Tractor,Electric,3.4556353293663,0.019605613148549212,Electric Class 7&8 Tractor,9.488181250037562e-07
2040,Class 7&8 Vocational,Diesel,2165598.674944982,32397.242470078014,Diesel Class 7&8 Vocational,0.9529975378343343
2040,Class 7&8 Vocational,Electric,106808.74372081761,1038.2782231868778,Electric Class 7&8 Vocational,0.047002462165665844
2041,Class 4-6 Vocational,Diesel,2984165.1957724,52247.544307219214,Diesel Class 4-6 Vocational,0.629793238945744
2041,Class 4-6 Vocational,Electric,225730.85521213908,4358.336364526509,Electric Class 4-6 Vocational,0.04763937553974762
2041,Class 4-6 Vocational,Gasoline,1528429.1821789797,19740.274117877772,Gasoline Class 4-6 Vocational,0.3225673855145084
2041,Class 7&8 Tractor,Diesel,3626077.2369639818,155584.6261041345,Diesel Class 7&8 Tractor,0.9999990986515095
2041,Class 7&8 Tractor,Electric,3.26836218989665,0.018768081310950844,Electric Class 7&8 Tractor,9.013484904970844e-07
2041,Class 7&8 Vocational,Diesel,2121313.2333151065,31660.475642462985,Diesel Class 7&8 Vocational,0.9366015600122569
2041,Class 7&8 Vocational,Electric,143591.4218590167,1416.4377345602604,Electric Class 7&8 Vocational,0.06339843998774314
2042,Class 4-6 Vocational,Diesel,2957503.714729901,51906.053384047096,Diesel Class 4-6 Vocational,0.6171072501560411
2042,Class 4-6 Vocational,Electric,289747.06064366334,5664.684102153243,Electric Class 4-6 Vocational,0.06045808529134389
2042,Class 4-6 Vocational,Gasoline,1545277.1263518976,20349.767449991214,Gasoline Class 4-6 Vocational,0.3224346645526151
2042,Class 7&8 Tractor,Diesel,3614967.9161099996,156442.87927507213,Diesel Class 7&8 Tractor,0.9999991472120892
2042,Class 7&8 Tractor,Electric,3.0828035660332587,0.01793749040372642,Electric Class 7&8 Tractor,8.527879108739065e-07
2042,Class 7&8 Vocational,Diesel,2073685.1906522387,30792.713965309486,Diesel Class 7&8 Vocational,0.9179997151783695
2042,Class 7&8 Vocational,Electric,185231.83989315384,1850.8283200052233,Electric Class 7&8 Vocational,0.08200028482163044
2043,Class 4-6 Vocational,Diesel,2899532.8454742893,50560.27511190264,Diesel Class 4-6 Vocational,0.5970568052268144
2043,Class 4-6 Vocational,Electric,391228.56780128763,7858.161744279874,Electric Class 4-6 Vocational,0.08055976298716157
2043,Class 4-6 Vocational,Gasoline,1565615.4341046207,21109.633120101553,Gasoline Class 4-6 Vocational,0.3223834317860241
2043,Class 7&8 Tractor,Diesel,3605731.272265337,157258.93296947636,Diesel Class 7&8 Tractor,0.9999991957742471
2043,Class 7&8 Tractor,Electric,2.8998242792448803,0.01708721383701142,Electric Class 7&8 Tractor,8.04225752883041e-07
2043,Class 7&8 Vocational,Diesel,2024968.9833708687,29848.20218093959,Diesel Class 7&8 Vocational,0.8983444937665073
2043,Class 7&8 Vocational,Electric,229142.88286959793,2313.8298807430056,Electric Class 7&8 Vocational,0.10165550623349284
2044,Class 4-6 Vocational,Diesel,2825349.4646204375,48670.515836760416,Diesel Class 4-6 Vocational,0.5734171557814709
2044,Class 4-6 Vocational,Electric,513482.77972563996,10540.93207690726,Electric Class 4-6 Vocational,0.10421359862915068
2044,Class 4-6 Vocational,Gasoline,1588382.4999877615,21946.379442248464,Gasoline Class 4-6 Vocational,0.32236924558937835
2044,Class 7&8 Tractor,Diesel,3598288.792459156,157980.53686510678,Diesel Class 7&8 Tractor,0.9999992440239027
2044,Class 7&8 Tractor,Electric,2.7202223742392935,0.016226032087310757,Electric Class 7&8 Tractor,7.559760971706599e-07
2044,Class 7&8 Vocational,Diesel,1977353.2808807036,28898.67404585167,Diesel Class 7&8 Vocational,0.8787686834730032
2044,Class 7&8 Vocational,Electric,272787.5332707036,2778.692688021422,Electric Class 7&8 Vocational,0.12123131652699684
2045,Class 4-6 Vocational,Diesel,2739606.509062474,46446.55927737611,Diesel Class 4-6 Vocational,0.5479898191315508
2045,Class 4-6 Vocational,Electric,648486.3881704332,13515.693306374491,Electric Class 4-6 Vocational,0.12971349622190745
2045,Class 4-6 Vocational,Gasoline,1611281.9331319665,22808.372634437135,Gasoline Class 4-6 Vocational,0.3222966846465419
2045,Class 7&8 Tractor,Diesel,3590696.5174242756,158556.55644177727,Diesel Class 7&8 Tractor,0.9999992699960482
2045,Class 7&8 Tractor,Electric,2.6212245611478866,0.017008356340979795,Electric Class 7&8 Tractor,7.300039518583117e-07
2045,Class 7&8 Vocational,Diesel,1929750.537167414,27963.72060713074,Diesel Class 7&8 Vocational,0.8594421363642716
2045,Class 7&8 Vocational,Electric,315601.94849369844,3237.9086941106907,Electric Class 7&8 Vocational,0.1405578636357284
2046,Class 4-6 Vocational,Diesel,2639974.5438604457,43916.39363125475,Diesel Class 4-6 Vocational,0.5206148457476004
2046,Class 4-6 Vocational,Electric,796793.9026949182,16824.73738753734,Electric Class 4-6 Vocational,0.15713133890205866
2046,Class 4-6 Vocational,Gasoline,1634109.891670767,23725.031740930037,Gasoline Class 4-6 Vocational,0.32225381535034087
2046,Class 7&8 Tractor,Diesel,3578881.6626168806,159151.88162601323,Diesel Class 7&8 Tractor,0.999999143081694
2046,Class 7&8 Tractor,Electric,3.066811839380305,0.02958112491788787,Electric Class 7&8 Tractor,8.569183059075069e-07
2046,Class 7&8 Vocational,Diesel,1880960.8308463986,27074.394419615295,Diesel Class 7&8 Vocational,0.8402795509713986
2046,Class 7&8 Vocational,Electric,357533.28539376066,3691.0714157016037,Electric Class 7&8 Vocational,0.15972044902860147
2047,Class 4-6 Vocational,Diesel,2532476.4547530916,41128.61098936914,Diesel Class 4-6 Vocational,0.4924867119815405
2047,Class 4-6 Vocational,Electric,953299.6968237129,20299.429120355137,Electric Class 4-6 Vocational,0.1853866922792312
2047,Class 4-6 Vocational,Gasoline,1656446.7615319956,24612.13597643632,Gasoline Class 4-6 Vocational,0.32212659573922836
2047,Class 7&8 Tractor,Diesel,3562975.8540016524,159334.45429382258,Diesel Class 7&8 Tractor,0.9999978753241433
2047,Class 7&8 Tractor,Electric,7.570184859083392,0.1314798160709738,Electric Class 7&8 Tractor,2.124675856669693e-06
2047,Class 7&8 Vocational,Diesel,1830358.8700111138,26172.71699502196,Diesel Class 7&8 Vocational,0.8213599028365881
2047,Class 7&8 Vocational,Electric,398090.39283933816,4121.8973536015965,Electric Class 7&8 Vocational,0.17864009716341178
2048,Class 4-6 Vocational,Diesel,2420518.5329156267,38243.87874242621,Diesel Class 4-6 Vocational,0.464398963427954
2048,Class 4-6 Vocational,Electric,1113714.718763619,23812.977278335034,Electric Class 4-6 Vocational,0.2136765134887354
2048,Class 4-6 Vocational,Gasoline,1677919.9259432997,25449.67426429417,Gasoline Class 4-6 Vocational,0.32192452308331054
2048,Class 7&8 Tractor,Diesel,3543630.7618069537,159155.20485145322,Diesel Class 7&8 Tractor,0.999989488692133
2048,Class 7&8 Tractor,Electric,37.24858543555348,0.7934051730887243,Electric Class 7&8 Tractor,1.0511307866966058e-05
2048,Class 7&8 Vocational,Diesel,1778001.6143206018,25268.79223412351,Diesel Class 7&8 Vocational,0.8026823485408631
2048,Class 7&8 Vocational,Electric,437073.3995409833,4525.629660463954,Electric Class 7&8 Vocational,0.19731765145913702
2049,Class 4-6 Vocational,Diesel,2303747.329122455,35414.068855356345,Diesel Class 4-6 Vocational,0.4360100040853059
2049,Class 4-6 Vocational,Electric,1280076.2016614908,27493.630606264254,Electric Class 4-6 Vocational,0.24226876917466952
2049,Class 4-6 Vocational,Gasoline,1699879.383224706,26353.393303503184,Gasoline Class 4-6 Vocational,0.32172122674002457
2049,Class 7&8 Tractor,Diesel,3521318.7652385584,159331.94855215942,Diesel Class 7&8 Tractor,0.9999429576274046
2049,Class 7&8 Tractor,Electric,200.87583546826366,4.473587706331018,Electric Class 7&8 Tractor,5.7042372595428334e-05
2049,Class 7&8 Vocational,Diesel,1723732.873946405,24451.77212554207,Diesel Class 7&8 Vocational,0.7839231085803144
2049,Class 7&8 Vocational,Electric,475121.6502786648,4919.5925470548,Electric Class 7&8 Vocational,0.21607689141968558
2050,Class 4-6 Vocational,Diesel,2184134.5141011053,32672.432227404493,Diesel Class 4-6 Vocational,0.4076918916355963
2050,Class 4-6 Vocational,Electric,1451792.3022556507,31310.830105010806,Electric Class 4-6 Vocational,0.27099244398516237
2050,Class 4-6 Vocational,Gasoline,1721389.7231964297,27294.47531500577,Gasoline Class 4-6 Vocational,0.32131566437924125
2050,Class 7&8 Tractor,Diesel,3496464.0921096895,159838.31715577692,Diesel Class 7&8 Tractor,0.9997974256468911
2050,Class 7&8 Tractor,Electric,708.4374628879854,16.01210319683194,Electric Class 7&8 Tractor,0.00020257435310878704
2050,Class 7&8 Vocational,Diesel,1667896.5978971254,23710.23354251219,Diesel Class 7&8 Vocational,0.7649603073254425
2050,Class 7&8 Vocational,Electric,512473.5231731435,5299.450686277285,Electric Class 7&8 Vocational,0.23503969267455738
