Year,vehicle type,Powertrain,Stock,EV_fraction
2018,Class 4-6 Vocational,Battery Electric,101.0,1.0
2018,Class 4-6 Vocational,H2 Fuel Cell,0.0,0.0
2018,Class 4-6 Vocational,PHEV Diesel,0.0,0.0
2018,Class 4-6 Vocational,PHEV Gasoline,0.0,0.0
2018,Class 7&8 Tractor,Battery Electric,6.0,1.0
2018,Class 7&8 Tractor,H2 Fuel Cell,0.0,0.0
2018,Class 7&8 Tractor,PHEV Diesel,0.0,0.0
2018,Class 7&8 Tractor,PHEV Gasoline,0.0,0.0
2018,Class 7&8 Vocational,Battery Electric,2.0,1.0
2018,Class 7&8 Vocational,H2 Fuel Cell,0.0,0.0
2018,Class 7&8 Vocational,PHEV Diesel,0.0,0.0
2018,Class 7&8 Vocational,PHEV Gasoline,0.0,0.0
2019,Class 4-6 Vocational,Battery Electric,100.95612903225806,1.0
2019,Class 4-6 Vocational,H2 Fuel Cell,0.0,0.0
2019,Class 4-6 Vocational,PHEV Diesel,0.0,0.0
2019,Class 4-6 Vocational,PHEV Gasoline,0.0,0.0
2019,Class 7&8 Tractor,Battery Electric,6.0,1.0
2019,Class 7&8 Tractor,H2 Fuel Cell,0.0,0.0
2019,Class 7&8 Tractor,PHEV Diesel,0.0,0.0
2019,Class 7&8 Tractor,PHEV Gasoline,0.0,0.0
2019,Class 7&8 Vocational,Battery Electric,2.0,1.0
2019,Class 7&8 Vocational,H2 Fuel Cell,0.0,0.0
2019,Class 7&8 Vocational,PHEV Diesel,0.0,0.0
2019,Class 7&8 Vocational,PHEV Gasoline,0.0,0.0
2020,Class 4-6 Vocational,Battery Electric,100.86603288241415,1.0
2020,Class 4-6 Vocational,H2 Fuel Cell,0.0,0.0
2020,Class 4-6 Vocational,PHEV Diesel,0.0,0.0
2020,Class 4-6 Vocational,PHEV Gasoline,0.0,0.0
2020,Class 7&8 Tractor,Battery Electric,6.0,1.0
2020,Class 7&8 Tractor,H2 Fuel Cell,0.0,0.0
2020,Class 7&8 Tractor,PHEV Diesel,0.0,0.0
2020,Class 7&8 Tractor,PHEV Gasoline,0.0,0.0
2020,Class 7&8 Vocational,Battery Electric,2.0,1.0
2020,Class 7&8 Vocational,H2 Fuel Cell,0.0,0.0
2020,Class 7&8 Vocational,PHEV Diesel,0.0,0.0
2020,Class 7&8 Vocational,PHEV Gasoline,0.0,0.0
2021,Class 4-6 Vocational,Battery Electric,100.63738596811118,0.14764064888427242
2021,Class 4-6 Vocational,H2 Fuel Cell,0.0,0.0
2021,Class 4-6 Vocational,PHEV Diesel,316.0,0.46358959544332173
2021,Class 4-6 Vocational,PHEV Gasoline,265.0,0.38876975567240585
2021,Class 7&8 Tractor,Battery Electric,5.984516129032258,1.0
2021,Class 7&8 Tractor,H2 Fuel Cell,0.0,0.0
2021,Class 7&8 Tractor,PHEV Diesel,0.0,0.0
2021,Class 7&8 Tractor,PHEV Gasoline,0.0,0.0
2021,Class 7&8 Vocational,Battery Electric,1.9948387096774194,0.003926887750955052
2021,Class 7&8 Vocational,H2 Fuel Cell,0.0,0.0
2021,Class 7&8 Vocational,PHEV Diesel,246.00000000000003,0.484256888563765
2021,Class 7&8 Vocational,PHEV Gasoline,260.0,0.51181622368528
2022,Class 4-6 Vocational,Battery Electric,100.15030705471742,0.07708908392729903
2022,Class 4-6 Vocational,H2 Fuel Cell,0.0,0.0
2022,Class 4-6 Vocational,PHEV Diesel,653.0,0.5026362203465169
2022,Class 4-6 Vocational,PHEV Gasoline,546.0,0.4202746957261841
2022,Class 7&8 Tractor,Battery Electric,5.953628303850156,1.0
2022,Class 7&8 Tractor,H2 Fuel Cell,0.0,0.0
2022,Class 7&8 Tractor,PHEV Diesel,0.0,0.0
2022,Class 7&8 Tractor,PHEV Gasoline,0.0,0.0
2022,Class 7&8 Vocational,Battery Electric,1.984542767950052,0.0019174612624094024
2022,Class 7&8 Vocational,H2 Fuel Cell,0.0,0.0
2022,Class 7&8 Vocational,PHEV Diesel,502.0,0.4850313983022947
2022,Class 7&8 Vocational,PHEV Gasoline,531.0,0.5130511404352958
2023,Class 4-6 Vocational,Battery Electric,99.40788827455694,0.050837418050038656
2023,Class 4-6 Vocational,H2 Fuel Cell,0.0,0.0
2023,Class 4-6 Vocational,PHEV Diesel,1011.0,0.5170276779910619
2023,Class 4-6 Vocational,PHEV Gasoline,845.0,0.4321349039588994
2023,Class 7&8 Tractor,Battery Electric,5.9075356976268,1.0
2023,Class 7&8 Tractor,H2 Fuel Cell,0.0,0.0
2023,Class 7&8 Tractor,PHEV Diesel,0.0,0.0
2023,Class 7&8 Tractor,PHEV Gasoline,0.0,0.0
2023,Class 7&8 Vocational,Battery Electric,1.9691785658756,0.0012455515215431814
2023,Class 7&8 Vocational,H2 Fuel Cell,0.0,0.0
2023,Class 7&8 Vocational,PHEV Diesel,767.0,0.48514544774096036
2023,Class 7&8 Vocational,PHEV Gasoline,812.0,0.5136090007374965
2024,Class 4-6 Vocational,Battery Electric,98.41518579622229,0.03731501446045979
2024,Class 4-6 Vocational,H2 Fuel Cell,0.0,0.0
2024,Class 4-6 Vocational,PHEV Diesel,1383.0,0.5243770519894384
2024,Class 4-6 Vocational,PHEV Gasoline,1156.0,0.4383079335501018
2024,Class 7&8 Tractor,Battery Electric,5.846554683973879,1.0
2024,Class 7&8 Tractor,H2 Fuel Cell,0.0,0.0
2024,Class 7&8 Tractor,PHEV Diesel,0.0,0.0
2024,Class 7&8 Tractor,PHEV Gasoline,0.0,0.0
2024,Class 7&8 Vocational,Battery Electric,1.9488515613246262,0.0009119785716446753
2024,Class 7&8 Vocational,H2 Fuel Cell,0.0,0.0
2024,Class 7&8 Vocational,PHEV Diesel,1037.0,0.48527132469377254
2024,Class 7&8 Vocational,PHEV Gasoline,1098.0,0.5138166967345827
2025,Class 4-6 Vocational,Battery Electric,97.17916333705621,0.02906353745058489
2025,Class 4-6 Vocational,H2 Fuel Cell,0.0,0.0
2025,Class 4-6 Vocational,PHEV Diesel,1768.1845161290323,0.5288139467286874
2025,Class 4-6 Vocational,PHEV Gasoline,1478.316129032258,0.4421225158207277
2025,Class 7&8 Tractor,Battery Electric,5.771115268696796,1.0
2025,Class 7&8 Tractor,H2 Fuel Cell,0.0,0.0
2025,Class 7&8 Tractor,PHEV Diesel,0.0,0.0
2025,Class 7&8 Tractor,PHEV Gasoline,0.0,0.0
2025,Class 7&8 Vocational,Battery Electric,1.923705089565599,0.000712848265972197
2025,Class 7&8 Vocational,H2 Fuel Cell,0.0,0.0
2025,Class 7&8 Vocational,PHEV Diesel,1310.3651612903227,0.48556898772208196
2025,Class 7&8 Vocational,PHEV Gasoline,1386.3290322580644,0.5137181640119458
2026,Class 4-6 Vocational,Battery Electric,95.70861126207657,0.02347166493289051
2026,Class 4-6 Vocational,H2 Fuel Cell,0.0,0.0
2026,Class 4-6 Vocational,PHEV Diesel,2168.6880799167534,0.531850993181523
2026,Class 4-6 Vocational,PHEV Gasoline,1813.2267554630594,0.4446773418855866
2026,Class 7&8 Tractor,Battery Electric,5.681756064536331,1.0
2026,Class 7&8 Tractor,H2 Fuel Cell,0.0,0.0
2026,Class 7&8 Tractor,PHEV Diesel,0.0,0.0
2026,Class 7&8 Tractor,PHEV Gasoline,0.0,0.0
2026,Class 7&8 Vocational,Battery Electric,1.8939186881787768,0.0005792467662940498
2026,Class 7&8 Vocational,H2 Fuel Cell,0.0,0.0
2026,Class 7&8 Vocational,PHEV Diesel,1588.4381152965661,0.4858168661023836
2026,Class 7&8 Vocational,PHEV Gasoline,1679.2912049947972,0.5136038871313223
2027,Class 4-6 Vocational,Battery Electric,94.01404257359108,0.01949047678942071
2027,Class 4-6 Vocational,H2 Fuel Cell,0.0,0.0
2027,Class 4-6 Vocational,PHEV Diesel,2575.601798840187,0.5339596692673887
2027,Class 4-6 Vocational,PHEV Gasoline,2153.9728059722734,0.4465498539431905
2027,Class 7&8 Tractor,Battery Electric,5.5791178904672885,1.0
2027,Class 7&8 Tractor,H2 Fuel Cell,0.0,0.0
2027,Class 7&8 Tractor,PHEV Diesel,0.0,0.0
2027,Class 7&8 Tractor,PHEV Gasoline,0.0,0.0
2027,Class 7&8 Vocational,Battery Electric,1.859705963489096,0.0004847301571696887
2027,Class 7&8 Vocational,H2 Fuel Cell,0.0,0.0
2027,Class 7&8 Vocational,PHEV Diesel,1864.5465669325636,0.48599185472511625
2027,Class 7&8 Vocational,PHEV Gasoline,1970.1735973307375,0.513523415117714
2028,Class 4-6 Vocational,Battery Electric,92.10756750903177,0.016512991954014667
2028,Class 4-6 Vocational,H2 Fuel Cell,0.0,0.0
2028,Class 4-6 Vocational,PHEV Diesel,2986.998290502389,0.5355073428997562
2028,Class 4-6 Vocational,PHEV Gasoline,2498.7789835444064,0.447979665146229
2028,Class 7&8 Tractor,Battery Electric,5.463936101760868,1.0
2028,Class 7&8 Tractor,H2 Fuel Cell,0.0,0.0
2028,Class 7&8 Tractor,PHEV Diesel,0.0,0.0
2028,Class 7&8 Tractor,PHEV Gasoline,0.0,0.0
2028,Class 7&8 Vocational,Battery Electric,1.821312033920289,0.00041439560160126747
2028,Class 7&8 Vocational,H2 Fuel Cell,0.0,0.0
2028,Class 7&8 Vocational,PHEV Diesel,2136.0187410348394,0.4859995183348433
2028,Class 7&8 Vocational,PHEV Gasoline,2257.2645930291983,0.5135860860635555
2029,Class 4-6 Vocational,Battery Electric,90.00274884153328,0.014167411852228251
2029,Class 4-6 Vocational,H2 Fuel Cell,0.0,0.0
2029,Class 4-6 Vocational,PHEV Diesel,3409.9386813327483,0.5367614468569619
2029,Class 4-6 Vocational,PHEV Gasoline,2852.8596163610905,0.44907114129080977
2029,Class 7&8 Tractor,Battery Electric,5.33703177939739,1.0
2029,Class 7&8 Tractor,H2 Fuel Cell,0.0,0.0
2029,Class 7&8 Tractor,PHEV Diesel,0.0,0.0
2029,Class 7&8 Tractor,PHEV Gasoline,0.0,0.0
2029,Class 7&8 Vocational,Battery Electric,1.7790105931324633,0.0003589729612973511
2029,Class 7&8 Vocational,H2 Fuel Cell,0.0,0.0
2029,Class 7&8 Vocational,PHEV Diesel,2408.1910627437014,0.4859304832135722
2029,Class 7&8 Vocational,PHEV Gasoline,2545.864446073781,0.5137105438251305
2030,Class 4-6 Vocational,Battery Electric,87.71444030983503,0.012268430551150325
2030,Class 4-6 Vocational,H2 Fuel Cell,0.0,0.0
2030,Class 4-6 Vocational,PHEV Diesel,3844.47185726838,0.5377180293249908
2030,Class 4-6 Vocational,PHEV Gasoline,3217.4193462839207,0.4500135401238588
2030,Class 7&8 Tractor,Battery Electric,5.199301927025845,1.0
2030,Class 7&8 Tractor,H2 Fuel Cell,0.0,0.0
2030,Class 7&8 Tractor,PHEV Diesel,0.0,0.0
2030,Class 7&8 Tractor,PHEV Gasoline,0.0,0.0
2030,Class 7&8 Vocational,Battery Electric,1.7331006423419484,0.0003141141024678502
2030,Class 7&8 Vocational,H2 Fuel Cell,0.0,0.0
2030,Class 7&8 Vocational,PHEV Diesel,2681.407966943101,0.48598912048657134
2030,Class 7&8 Vocational,PHEV Gasoline,2834.2827880319023,0.5136967654109608
2031,Class 4-6 Vocational,Battery Electric,85.25861088373345,0.010706045457677678
2031,Class 4-6 Vocational,H2 Fuel Cell,0.0,0.0
2031,Class 4-6 Vocational,PHEV Diesel,4288.662047777499,0.5385334145161755
2031,Class 4-6 Vocational,PHEV Gasoline,3589.674416735308,0.45076054002614685
2031,Class 7&8 Tractor,Battery Electric,5.051708840065112,1.0
2031,Class 7&8 Tractor,H2 Fuel Cell,0.0,0.0
2031,Class 7&8 Tractor,PHEV Diesel,0.0,0.0
2031,Class 7&8 Tractor,PHEV Gasoline,0.0,0.0
2031,Class 7&8 Vocational,Battery Electric,1.6839029466883708,0.0002770221815193962
2031,Class 7&8 Vocational,H2 Fuel Cell,0.0,0.0
2031,Class 7&8 Vocational,PHEV Diesel,2954.042181135112,0.48597528196487455
2031,Class 7&8 Vocational,PHEV Gasoline,3122.8591665742715,0.5137476958536061
2032,Class 4-6 Vocational,Battery Electric,255.12617223632938,0.028462514060041473
2032,Class 4-6 Vocational,H2 Fuel Cell,0.00012075195020663034,1.3471389667344511e-08
2032,Class 4-6 Vocational,PHEV Diesel,4740.598119640075,0.5288729864542223
2032,Class 4-6 Vocational,PHEV Gasoline,3967.86087355341,0.44266448601434644
2032,Class 7&8 Tractor,Battery Electric,4.895268824372774,1.0
2032,Class 7&8 Tractor,H2 Fuel Cell,0.0,0.0
2032,Class 7&8 Tractor,PHEV Diesel,0.0,0.0
2032,Class 7&8 Tractor,PHEV Gasoline,0.0,0.0
2032,Class 7&8 Vocational,Battery Electric,136.72705345036323,0.020201385447246267
2032,Class 7&8 Vocational,H2 Fuel Cell,0.0,0.0
2032,Class 7&8 Vocational,PHEV Diesel,3223.50438805607,0.4762719080876776
2032,Class 7&8 Vocational,PHEV Gasoline,3407.9703636326817,0.5035267064650761
2033,Class 4-6 Vocational,Battery Electric,2825.566902017066,0.2281779573988205
2033,Class 4-6 Vocational,H2 Fuel Cell,0.0014695724889300208,1.1867496343271068e-07
2033,Class 4-6 Vocational,PHEV Diesel,5203.379271338933,0.42019760808279377
2033,Class 4-6 Vocational,PHEV Gasoline,4354.224396246195,0.3516243158434224
2033,Class 7&8 Tractor,Battery Electric,4.731040450909947,1.0
2033,Class 7&8 Tractor,H2 Fuel Cell,0.0,0.0
2033,Class 7&8 Tractor,PHEV Diesel,0.0,0.0
2033,Class 7&8 Tractor,PHEV Gasoline,0.0,0.0
2033,Class 7&8 Vocational,Battery Electric,3809.963201826985,0.34654256467482025
2033,Class 7&8 Vocational,H2 Fuel Cell,0.0,0.0
2033,Class 7&8 Vocational,PHEV Diesel,3492.2318242516226,0.31764269330340383
2033,Class 7&8 Vocational,PHEV Gasoline,3692.019221172897,0.33581474202177586
2034,Class 4-6 Vocational,Battery Electric,20762.40462913338,0.6655779287810366
2034,Class 4-6 Vocational,H2 Fuel Cell,0.0077475937450488305,2.483636885985182e-07
2034,Class 4-6 Vocational,PHEV Diesel,5679.11844370132,0.18205482257854835
2034,Class 4-6 Vocational,PHEV Gasoline,4753.020157483931,0.15236700027672642
2034,Class 7&8 Tractor,Battery Electric,4.560112537844814,1.0
2034,Class 7&8 Tractor,H2 Fuel Cell,0.0,0.0
2034,Class 7&8 Tractor,PHEV Diesel,0.0,0.0
2034,Class 7&8 Tractor,PHEV Gasoline,0.0,0.0
2034,Class 7&8 Vocational,Battery Electric,17300.419663395423,0.6909789314421523
2034,Class 7&8 Vocational,H2 Fuel Cell,0.0,0.0
2034,Class 7&8 Vocational,PHEV Diesel,3760.6893816759807,0.1502019708767179
2034,Class 7&8 Vocational,PHEV Gasoline,3976.44112637516,0.15881909768112978
2035,Class 4-6 Vocational,Battery Electric,49958.08246439741,0.8151953710881299
2035,Class 4-6 Vocational,H2 Fuel Cell,0.014120244703380481,2.3040832540021094e-07
2035,Class 4-6 Vocational,PHEV Diesel,6165.950542962292,0.10061343616547533
2035,Class 4-6 Vocational,PHEV Gasoline,5159.522721072394,0.0841909623380694
2035,Class 7&8 Tractor,Battery Electric,4.383592052508887,1.0
2035,Class 7&8 Tractor,H2 Fuel Cell,0.0,0.0
2035,Class 7&8 Tractor,PHEV Diesel,0.0,0.0
2035,Class 7&8 Tractor,PHEV Gasoline,0.0,0.0
2035,Class 7&8 Vocational,Battery Electric,31850.801323479114,0.7935742273042766
2035,Class 7&8 Vocational,H2 Fuel Cell,0.0,0.0
2035,Class 7&8 Vocational,PHEV Diesel,4026.375482985428,0.10031860047400605
2035,Class 7&8 Vocational,PHEV Gasoline,4258.704913981883,0.10610717222171726
2036,Class 4-6 Vocational,Battery Electric,80723.53902751108,0.8683531632797895
2036,Class 4-6 Vocational,H2 Fuel Cell,0.03332069803724278,3.584348988151958e-07
2036,Class 4-6 Vocational,PHEV Diesel,6663.04024836489,0.07167515382045311
2036,Class 4-6 Vocational,PHEV Gasoline,5575.033011552128,0.059971324464858575
2036,Class 7&8 Tractor,Battery Electric,4.202592122598844,1.0
2036,Class 7&8 Tractor,H2 Fuel Cell,0.0,0.0
2036,Class 7&8 Tractor,PHEV Diesel,0.0,0.0
2036,Class 7&8 Tractor,PHEV Gasoline,0.0,0.0
2036,Class 7&8 Vocational,Battery Electric,46849.2221299052,0.8414560285098776
2036,Class 7&8 Vocational,H2 Fuel Cell,6.733972304080394e-17,1.2094846687902656e-21
2036,Class 7&8 Vocational,PHEV Diesel,4289.830109543182,0.07704937761718185
2036,Class 7&8 Vocational,PHEV Gasoline,4537.3236406672095,0.08149459387294067
2037,Class 4-6 Vocational,Battery Electric,121777.43619012159,0.9023344742858771
2037,Class 4-6 Vocational,H2 Fuel Cell,0.31255225423335314,2.3159189652359925e-06
2037,Class 4-6 Vocational,PHEV Diesel,7175.576429146423,0.0531688807669051
2037,Class 4-6 Vocational,PHEV Gasoline,6004.874543165961,0.04449432902825258
2037,Class 7&8 Tractor,Battery Electric,4.018220339155799,1.0
2037,Class 7&8 Tractor,H2 Fuel Cell,0.0,0.0
2037,Class 7&8 Tractor,PHEV Diesel,0.0,0.0
2037,Class 7&8 Tractor,PHEV Gasoline,0.0,0.0
2037,Class 7&8 Vocational,Battery Electric,76106.10516059471,0.8903529004818559
2037,Class 7&8 Vocational,H2 Fuel Cell,9.75754751144771e-13,1.1415195548471154e-17
2037,Class 7&8 Vocational,PHEV Diesel,4554.629438626581,0.05328386629093837
2037,Class 7&8 Vocational,PHEV Gasoline,4817.8493638413875,0.056363233227205704
2038,Class 4-6 Vocational,Battery Electric,203021.56533577625,0.9348375587379056
2038,Class 4-6 Vocational,H2 Fuel Cell,1.3762785499589496,6.337242438551164e-06
2038,Class 4-6 Vocational,PHEV Diesel,7703.768658377888,0.03547294236338196
2038,Class 4-6 Vocational,PHEV Gasoline,6446.384066668821,0.029683161656273868
2038,Class 7&8 Tractor,Battery Electric,3.8315675234014663,1.0
2038,Class 7&8 Tractor,H2 Fuel Cell,0.0,0.0
2038,Class 7&8 Tractor,PHEV Diesel,0.0,0.0
2038,Class 7&8 Tractor,PHEV Gasoline,0.0,0.0
2038,Class 7&8 Vocational,Battery Electric,121080.78484331681,0.924308741295796
2038,Class 7&8 Vocational,H2 Fuel Cell,1.7096888224045424e-11,1.3051454245933224e-16
2038,Class 7&8 Vocational,PHEV Diesel,4818.385162637978,0.03678267803202198
2038,Class 7&8 Vocational,PHEV Gasoline,5096.869989915684,0.03890858067218182
2039,Class 4-6 Vocational,Battery Electric,299118.0042628773,0.9517648115014347
2039,Class 4-6 Vocational,H2 Fuel Cell,3.4425338214887904,1.0953812565615688e-05
2039,Class 4-6 Vocational,PHEV Diesel,8250.853598344476,0.02625342509591243
2039,Class 4-6 Vocational,PHEV Gasoline,6904.925079399931,0.02197080959008732
2039,Class 7&8 Tractor,Battery Electric,3.6436971158024276,1.0
2039,Class 7&8 Tractor,H2 Fuel Cell,0.0,0.0
2039,Class 7&8 Tractor,PHEV Diesel,0.0,0.0
2039,Class 7&8 Tractor,PHEV Gasoline,0.0,0.0
2039,Class 7&8 Vocational,Battery Electric,166585.6801125726,0.9409151257729528
2039,Class 7&8 Vocational,H2 Fuel Cell,3.5380211392761763e-09,1.9983576037266865e-14
2039,Class 7&8 Vocational,PHEV Diesel,5083.751094029517,0.028714222595872193
2039,Class 7&8 Vocational,PHEV Gasoline,5377.01596972607,0.030370651631155075
2040,Class 4-6 Vocational,Battery Electric,397891.22492620535,0.9607673761692741
2040,Class 4-6 Vocational,H2 Fuel Cell,43.775185180242694,0.00010570167717256414
2040,Class 4-6 Vocational,PHEV Diesel,8821.098335696995,0.02129985024045345
2040,Class 4-6 Vocational,PHEV Gasoline,7382.885447914247,0.017827071913099943
2040,Class 7&8 Tractor,Battery Electric,3.4556353291803683,0.9999999999995961
2040,Class 7&8 Tractor,H2 Fuel Cell,1.3958962998943229e-12,4.039478032031949e-13
2040,Class 7&8 Tractor,PHEV Diesel,0.0,0.0
2040,Class 7&8 Tractor,PHEV Gasoline,0.0,0.0
2040,Class 7&8 Vocational,Battery Electric,212015.57986872978,0.9506318223656319
2040,Class 7&8 Vocational,H2 Fuel Cell,2.9051424355175967e-06,1.3026027848603169e-11
2040,Class 7&8 Vocational,PHEV Diesel,5350.421549476142,0.023990128419581442
2040,Class 7&8 Vocational,PHEV Gasoline,5659.963921741035,0.025378049201760507
2041,Class 4-6 Vocational,Battery Electric,497301.430102327,0.965826324143816
2041,Class 4-6 Vocational,H2 Fuel Cell,317.483647311097,0.000616595982833096
2041,Class 4-6 Vocational,PHEV Diesel,9405.787739658255,0.018267306000712417
2041,Class 4-6 Vocational,PHEV Gasoline,7872.664290388602,0.015289773872638473
2041,Class 7&8 Tractor,Battery Electric,3.268362188760274,0.9999999999964784
2041,Class 7&8 Tractor,H2 Fuel Cell,1.150998240402332e-11,3.5216361404390896e-12
2041,Class 7&8 Tractor,PHEV Diesel,0.0,0.0
2041,Class 7&8 Tractor,PHEV Gasoline,0.0,0.0
2041,Class 7&8 Vocational,Battery Electric,256716.6856071374,0.9569189211508453
2041,Class 7&8 Vocational,H2 Fuel Cell,9.07275678575164e-06,3.381896511616575e-11
2041,Class 7&8 Vocational,PHEV Diesel,5616.121518134752,0.020934256499438607
2041,Class 7&8 Vocational,PHEV Gasoline,5941.421677428692,0.022146822315897177
2042,Class 4-6 Vocational,Battery Electric,597296.3821300858,0.9677190089454845
2042,Class 4-6 Vocational,H2 Fuel Cell,1539.598359166562,0.0024944041900830946
2042,Class 4-6 Vocational,PHEV Diesel,10008.224301857814,0.016214980020737204
2042,Class 4-6 Vocational,PHEV Gasoline,8376.679172877242,0.013571606843695183
2042,Class 7&8 Tractor,Battery Electric,3.082803561269393,0.9999999999814368
2042,Class 7&8 Tractor,H2 Fuel Cell,5.722664260645812e-11,1.856318168447679e-11
2042,Class 7&8 Tractor,PHEV Diesel,0.0,0.0
2042,Class 7&8 Tractor,PHEV Gasoline,0.0,0.0
2042,Class 7&8 Vocational,Battery Electric,300665.5819457351,0.9613075059458818
2042,Class 7&8 Vocational,H2 Fuel Cell,1.9624211618711416e-05,6.274380261703002e-11
2042,Class 7&8 Vocational,PHEV Diesel,5880.611911848218,0.01880187394190911
2042,Class 7&8 Vocational,PHEV Gasoline,6221.136124958805,0.019890620049465256
2043,Class 4-6 Vocational,Battery Electric,698011.4737437229,0.9615702201358699
2043,Class 4-6 Vocational,H2 Fuel Cell,8365.410771781202,0.011524065405695583
2043,Class 4-6 Vocational,PHEV Diesel,10632.719865019495,0.014647476676011842
2043,Class 4-6 Vocational,PHEV Gasoline,8898.352341652988,0.012258237782422618
2043,Class 7&8 Tractor,Battery Electric,2.899824253117344,0.9999999998591962
2043,Class 7&8 Tractor,H2 Fuel Cell,4.0830606132819407e-10,1.4080372658162624e-10
2043,Class 7&8 Tractor,PHEV Diesel,0.0,0.0
2043,Class 7&8 Tractor,PHEV Gasoline,0.0,0.0
2043,Class 7&8 Vocational,Battery Electric,343907.8787884833,0.9645365866159322
2043,Class 7&8 Vocational,H2 Fuel Cell,8.040849899649117e-05,2.2551661052431645e-10
2043,Class 7&8 Vocational,PHEV Diesel,6144.68152860185,0.017233598044681005
2043,Class 7&8 Vocational,PHEV Gasoline,6499.885160928267,0.018229815113870104
2044,Class 4-6 Vocational,Battery Electric,798741.7667700427,0.9424500205883407
2044,Class 4-6 Vocational,H2 Fuel Cell,28062.857455602778,0.03311187881629186
2044,Class 4-6 Vocational,PHEV Diesel,11275.584467063445,0.013304268357095857
2044,Class 4-6 Vocational,PHEV Gasoline,9436.104449726312,0.011133832238271574
2044,Class 7&8 Tractor,Battery Electric,2.720222234878012,0.9999999989637958
2044,Class 7&8 Tractor,H2 Fuel Cell,2.818705676632245e-09,1.0362041886029561e-09
2044,Class 7&8 Tractor,PHEV Diesel,0.0,0.0
2044,Class 7&8 Tractor,PHEV Gasoline,0.0,0.0
2044,Class 7&8 Vocational,Battery Electric,386112.8806066056,0.9669804625572138
2044,Class 7&8 Vocational,H2 Fuel Cell,0.00044576773479619835,1.1163799811834998e-09
2044,Class 7&8 Vocational,PHEV Diesel,6407.146424773908,0.016046046958511327
2044,Class 7&8 Vocational,PHEV Gasoline,6777.471859619612,0.016973489367894844
2045,Class 4-6 Vocational,Battery Electric,899130.5738315426,0.9171339246869843
2045,Class 4-6 Vocational,H2 Fuel Cell,59313.890714227295,0.06050153666489166
2045,Class 4-6 Vocational,PHEV Diesel,11936.148533283516,0.012175146823589268
2045,Class 4-6 Vocational,PHEV Gasoline,9989.373930656075,0.010189391824534854
2045,Class 7&8 Tractor,Battery Electric,5.949418577132837,0.9999991988192181
2045,Class 7&8 Tractor,H2 Fuel Cell,4.766563646480363e-06,8.011807819207586e-07
2045,Class 7&8 Tractor,PHEV Diesel,0.0,0.0
2045,Class 7&8 Tractor,PHEV Gasoline,0.0,0.0
2045,Class 7&8 Vocational,Battery Electric,427136.09908980207,0.9688774370022659
2045,Class 7&8 Vocational,H2 Fuel Cell,0.00207833071478433,4.7143000567600704e-09
2045,Class 7&8 Vocational,PHEV Diesel,6667.854163805178,0.015124765774419392
2045,Class 7&8 Vocational,PHEV Gasoline,7052.733839577049,0.01599779250901462
2046,Class 4-6 Vocational,Battery Electric,999206.6521132032,0.8877480508858498
2046,Class 4-6 Vocational,H2 Fuel Cell,103166.0489700868,0.09165817571079651
2046,Class 4-6 Vocational,PHEV Diesel,12618.753840978492,0.011211168483762104
2046,Class 4-6 Vocational,PHEV Gasoline,10560.61034485043,0.009382604919591519
2046,Class 7&8 Tractor,Battery Electric,30.41439707129154,0.999999044026915
2046,Class 7&8 Tractor,H2 Fuel Cell,2.9075372792775343e-05,9.559730850277494e-07
2046,Class 7&8 Tractor,PHEV Diesel,0.0,0.0
2046,Class 7&8 Tractor,PHEV Gasoline,0.0,0.0
2046,Class 7&8 Vocational,Battery Electric,466963.0776261329,0.9703808085718911
2046,Class 7&8 Vocational,H2 Fuel Cell,0.013537708138976494,2.813227169242707e-08
2046,Class 7&8 Vocational,PHEV Diesel,6926.682623775218,0.014394114239930016
2046,Class 7&8 Vocational,PHEV Gasoline,7326.542014591524,0.015225049055907158
2047,Class 4-6 Vocational,Battery Electric,1097985.431092274,0.859078597343769
2047,Class 4-6 Vocational,H2 Fuel Cell,155653.15846853587,0.12178512871182132
2047,Class 4-6 Vocational,PHEV Diesel,13314.741660184567,0.01041763329960316
2047,Class 4-6 Vocational,PHEV Gasoline,11143.264931201362,0.008718640644806491
2047,Class 7&8 Tractor,Battery Electric,175.18619417474275,0.9999992372410491
2047,Class 7&8 Tractor,H2 Fuel Cell,0.00013362493958529156,7.627589507903016e-07
2047,Class 7&8 Tractor,PHEV Diesel,0.0,0.0
2047,Class 7&8 Tractor,PHEV Gasoline,0.0,0.0
2047,Class 7&8 Vocational,Battery Electric,505128.1102789896,0.971578649220707
2047,Class 7&8 Vocational,H2 Fuel Cell,0.05567436687824786,1.0708575719120108e-07
2047,Class 7&8 Vocational,PHEV Diesel,7180.535965690024,0.01381125954438097
2047,Class 7&8 Vocational,PHEV Gasoline,7595.796480694516,0.014609984149154842
2048,Class 4-6 Vocational,Battery Electric,1195046.445862717,0.8335018477866839
2048,Class 4-6 Vocational,H2 Fuel Cell,212960.10151390274,0.14853199951449303
2048,Class 4-6 Vocational,PHEV Diesel,14023.461408813064,0.009780859176709929
2048,Class 4-6 Vocational,PHEV Gasoline,11735.79393725332,0.00818529352211312
2048,Class 7&8 Tractor,Battery Electric,644.8024258017831,0.9999993295023892
2048,Class 7&8 Tractor,H2 Fuel Cell,0.0004323387758312875,6.704976108171082e-07
2048,Class 7&8 Tractor,PHEV Diesel,0.0,0.0
2048,Class 7&8 Tractor,PHEV Gasoline,0.0,0.0
2048,Class 7&8 Vocational,Battery Electric,541446.9916361748,0.9725381134272296
2048,Class 7&8 Vocational,H2 Fuel Cell,0.2509295183705689,4.50715442451471e-07
2048,Class 7&8 Vocational,PHEV Diesel,7429.345554441623,0.013344467364536922
2048,Class 7&8 Vocational,PHEV Gasoline,7859.424752525481,0.014116968492791091
2049,Class 4-6 Vocational,Battery Electric,1292178.3933671108,0.8103291668371828
2049,Class 4-6 Vocational,H2 Fuel Cell,275335.61758373014,0.17266383863287402
2049,Class 4-6 Vocational,PHEV Diesel,14764.271448791438,0.009258721430004746
2049,Class 4-6 Vocational,PHEV Gasoline,12355.659274522526,0.007748273099938357
2049,Class 7&8 Tractor,Battery Electric,1452.9914578147032,0.9999992475594363
2049,Class 7&8 Tractor,H2 Fuel Cell,0.0010932905342946047,7.524405637613071e-07
2049,Class 7&8 Tractor,PHEV Diesel,0.0,0.0
2049,Class 7&8 Tractor,PHEV Gasoline,0.0,0.0
2049,Class 7&8 Vocational,Battery Electric,576560.2411872026,0.9733182298075173
2049,Class 7&8 Vocational,H2 Fuel Cell,0.9124007685416272,1.5402662852425389e-06
2049,Class 7&8 Vocational,PHEV Diesel,7680.068121882092,0.012965081140175817
2049,Class 7&8 Vocational,PHEV Gasoline,8124.38239603389,0.013715148786021735
2050,Class 4-6 Vocational,Battery Electric,1390210.8000273292,0.7898255739659085
2050,Class 4-6 Vocational,H2 Fuel Cell,341382.48576241976,0.19395088698340657
2050,Class 4-6 Vocational,PHEV Diesel,15545.526862265284,0.008831937340977179
2050,Class 4-6 Vocational,PHEV Gasoline,13010.321348216801,0.0073916017097077945
2050,Class 7&8 Tractor,Battery Electric,2393.0183682908387,0.9999987633685509
2050,Class 7&8 Tractor,H2 Fuel Cell,0.0029592854322618898,1.2366314491894436e-06
2050,Class 7&8 Tractor,PHEV Diesel,0.0,0.0
2050,Class 7&8 Tractor,PHEV Gasoline,0.0,0.0
2050,Class 7&8 Vocational,Battery Electric,610711.6877764699,0.9739461100541477
2050,Class 7&8 Vocational,H2 Fuel Cell,4.726912613643212,7.538349510528345e-06
2050,Class 7&8 Vocational,PHEV Diesel,7936.683784521705,0.01265720380562622
2050,Class 7&8 Vocational,PHEV Gasoline,8395.648343112052,0.013389147790715627
